company_id,company_name,company_size,company_industry_group,company_industry,company_sector,company_country,year,mkt_cap,bs_cash,bs_equity,bs_inventory,bs_ppe,bs_assets,bs_curr_liab,bs_noncurr_liab,bs_receivables,bs_working_cap,is_cogs,is_depr_amort,is_fin_income,is_ebt,is_tax,is_net_income,is_rd,is_revenue,is_sga,cf_financing,cf_investing,cf_operations,bs_total_liab,is_gross_profit,ratio_net_margin_pct,ratio_gross_margin_pct,ratio_roa_pct,ratio_roe_pct,ratio_quick_ratio,ratio_working_cap_ratio,ratio_debt_to_assets_pct,ratio_debt_to_equity,ratio_asset_turnover,ratio_inventory_turnover
000725.SZ,BOE Technology Group Co Ltd,medium,Technology Hardware & Equipment,"Electronic Equipment, Instruments & Components",Information Technology,China (Mainland),2024,22466655527.2852,9975047441.67249,18555035454.4956,3193931526.58474,32926012148.2882,58906774833.3402,15790729137.9995,14470724955.6807,4978312879.86519,3853271707.835,23836658644.1544,5342919404.13026,-148103463.195291,706881423.437118,130708267.791764,739906034.424837,1518032154.58109,27573951163.7255,3161516169.63522,-766889174.045575,-4538142158.00807,6635293923.7038,30261454093.6802,3737292519.5711,2.6833515082097095,13.553706893075372,1.2560627135303004,3.987629321643625,0.9469708580811041,0.24402113886953572,51.371772057282534,1.6309025206604126,0.46809473514274164,7.46310885056539
000725.SZ,BOE Technology Group Co Ltd,medium,Technology Hardware & Equipment,"Electronic Equipment, Instruments & Components",Information Technology,China (Mainland),2023,20533452508.1576,9379032194.4828,18618157186.1704,3398189202.99248,34271066553.4391,59058736481.0223,12703447239.2854,17816623982.9243,4700811024.54282,7470494644.39686,21882811338.2404,4982347943.953,-147510400.379927,259055762.133468,206782238.790406,360026342.447053,1279904658.78934,24668040418.3767,3130956783.38323,-3061378297.04009,-4141193810.77572,5413156643.1922,30520071222.2097,2785229080.1363,1.4594849705972097,11.290840427119683,0.6096072552495979,1.9337377961041236,1.108348226572998,0.5880683017515405,51.67748760086816,1.6392638066714822,0.4176865589785083,6.439550605060535
000725.SZ,BOE Technology Group Co Ltd,medium,Technology Hardware & Equipment,"Electronic Equipment, Instruments & Components",Information Technology,China (Mainland),2022,18683935540.2439,9975106908.4556,18544237297.1641,3303922493.91057,36255336374.7608,60976608759.4966,12421029307.4001,19262450787.566,4089144517.92031,8200580006.95934,24497001263.94,5137543780.24035,341182669.712374,7627143.56721308,266809718.987269,1123012669.83014,1355085819.91644,26568046285.8552,3411355230.26461,-3152963237.607,-5356801739.42062,6406511489.4157,31683480094.9661,2071045021.9152,4.22692981541526,7.795247718375974,1.8417106045689038,6.05585795648699,1.1322935546087816,0.660217426753326,51.96005606007346,1.7085350875989564,0.4357088205847041,7.41452056126928
000725.SZ,BOE Technology Group Co Ltd,medium,Technology Hardware & Equipment,"Electronic Equipment, Instruments & Components",Information Technology,China (Mainland),2021,30239710023.9917,12749615888.9186,20298675891.5949,4377317963.50813,40930439224.9807,70879331780.8284,16272152264.9203,20385620265.1092,5589240537.77491,9111476086.17623,24919573462.838,5387136661.47253,-560796490.023735,5439261957.98372,649276856.762058,4024792340.22375,1349287168.46166,34267993350.1704,3759103884.92184,-1888600759.14149,-6378205919.23173,9720411985.11079,36657772530.0295,9348419887.3324,11.745048211887015,27.28032479697535,5.678372297116358,19.827856564231862,1.1270086543025188,0.5599428974014002,51.71856394383331,1.8059193971961705,0.48346947536318735,5.692886299460553
000725.SZ,BOE Technology Group Co Ltd,medium,Technology Hardware & Equipment,"Electronic Equipment, Instruments & Components",Information Technology,China (Mainland),2020,31535010958.7956,10453056928.8889,13659734775.1724,2739533255.17241,41007356953.41,65020200203.9847,16085719999.2337,22360114731.341,3520174767.04981,3682166170.11494,16147664864.7003,3291418826.20986,-359270642.049116,883705002.710463,226924681.451789,730367456.052943,887818108.693017,19660544118.4526,2616695251.60121,3454523448.40945,-6295746281.23332,5693077050.04293,38445834730.5747,3512879253.7523,3.714889331915536,17.86766038919163,1.1232931516076494,5.3468641088144775,0.8686730650915454,0.22890900564540181,59.12906236824934,2.814537424288275,0.30237593942763225,5.8943124104124305
000725.SZ,BOE Technology Group Co Ltd,medium,Technology Hardware & Equipment,"Electronic Equipment, Instruments & Components",Information Technology,China (Mainland),2019,22449133007.431,7220879883.50714,12503227929.8457,1780601965.29633,30625152530.9546,48897153510.2991,11258336373.639,17377146739.0617,2605028556.69511,3744772161.22267,14546172607.7645,2770837226.49706,-275244257.990751,72960716.8949213,141937207.636951,277887055.538688,791649924.550611,16809507102.9995,2277119794.16802,4023324012.488,-6867521501.72076,3777746452.14661,28635483112.7007,2263334495.235,1.6531540980705,13.464609529396188,0.5683092687187962,2.222522512569419,0.8727673533728545,0.3326221598770954,58.56267912746551,2.2902472284254425,0.3437727126479653,8.169244385475958
000725.SZ,BOE Technology Group Co Ltd,medium,Technology Hardware & Equipment,"Electronic Equipment, Instruments & Components",Information Technology,China (Mainland),2018,13224303573.188,7487679399.46186,12487346186.1683,1743203864.73711,26868890531.3068,44219110084.3575,9050701051.269,17663166132.7903,2891525055.34143,5448940018.61683,11887540381.3034,2142217408.6009,-434862067.03502,624188320.619853,188123975.704823,520139697.829652,662838872.859605,14704015696.4957,2070377841.24623,2357056644.70873,-7126259411.021,3889023245.94471,26713867184.0593,2816475315.1923,3.537398956623891,19.15446346989095,1.1762780771421524,4.165334171689646,1.1467845856369348,0.602046182693531,60.41249390387285,2.13927497370491,0.3325262690371791,6.819363255080979
000725.SZ,BOE Technology Group Co Ltd,medium,Technology Hardware & Equipment,"Electronic Equipment, Instruments & Components",Information Technology,China (Mainland),2017,30729785074.2071,8780514205.61609,13035030105.7437,1376776260.08638,21467774114.9348,39363192882.1296,7644309024.48396,15690686136.5138,2384421753.0701,7691642030.49352,10689124883.3881,1789241197.45881,-271363890.309928,1442424831.43195,278481750.572464,1120596753.71368,470553016.750906,13889656787.5758,1603529118.08047,4875477429.70669,-8813811330.61959,3957633084.6108,23334995160.99776,3200531904.1877,8.067850565724891,23.04255571707541,2.84681366440276,8.59680986252502,1.460555286674834,1.0061919273354802,59.28125604768092,1.7901757780149297,0.35285899772326473,7.763879428540885
000725.SZ,BOE Technology Group Co Ltd,medium,Technology Hardware & Equipment,"Electronic Equipment, Instruments & Components",Information Technology,China (Mainland),2016,14330988402.9359,8375747835.66182,11335156055.4515,1128206615.58404,14980868451.1018,29545587072.159,5968564897.30664,10323953593.5475,2332103070.28662,7144185848.04839,8730535077.1046,1562571342.8658,-322213886.030362,378444696.703838,70378977.647118,283573287.890248,394518837.292189,10375427520.1069,1209169499.46407,3937653868.37731,-3689691214.21428,1517347354.11773,16292518490.85414,1644892443.0023,2.7331238866128795,15.853731711918435,0.9597822077377537,2.501714899230408,1.7940411288449656,1.1969687807654161,55.1436613903221,1.4373439951908258,0.3511667408999882,7.738418616332128
000725.SZ,BOE Technology Group Co Ltd,medium,Technology Hardware & Equipment,"Electronic Equipment, Instruments & Components",Information Technology,China (Mainland),2015,15888607061.495,5986793462.20792,11935317626.6539,1018069072.87318,12669043274.1332,23504396796.4141,4447165157.19105,6988589779.27019,1261920543.58374,5373562906.60957,6386318991.63686,1297168536.71147,-209106478.520677,320486996.451191,59717232.7150289,260476943.719681,348234595.035822,7735150863.70848,988397341.003256,1294039207.08688,-3119221715.91243,1670435902.8849,11435754936.46124,1348831872.07162,3.3674449058489335,17.437693147007952,1.108205183803824,2.1824047911216455,1.6299628526434453,1.208311973284945,48.653683970336616,0.9581441645861993,0.3290937832060671,6.272972199826758
0012.HK,Henderson Land Development Co Ltd,medium,Real Estate Management & Development,Real Estate Management & Development,Real Estate,Hong Kong,2024,14709210354.5193,2306860460.62541,41472636687.8226,11021022954.0276,691324330.239324,68390900781.4411,5897627354.3005,18647991039.8187,53168891.6925216,9421321626.73635,2096235900.18793,62928089.2022666,-248508278.947444,658758408.349594,122395774.313981,806914968.67102,,3236887618.92555,485353714.478582,-1816712147.53998,-321689417.306903,1142574165.4546,24545618394.1192,1140651718.73762,24.92872980677861,35.23915109280955,1.1798572024218585,1.9456563004298937,0.40016589901988603,1.5974765885922586,35.890181462239234,0.5918509251987445,0.047329214587621404,0.19020338755594976
0012.HK,Henderson Land Development Co Ltd,medium,Real Estate Management & Development,Real Estate Management & Development,Real Estate,Hong Kong,2023,14911169405.8026,2769126347.87286,41818251671.2343,12059011858.7199,732397612.888354,69481084957.6108,7700996337.37162,17713290474.6049,56476192.9155034,9477755295.44349,2265066679.06401,68851282.4281244,-377596272.462961,624260143.276891,85074126.3397604,1182990216.26505,,3521762257.03783,464586482.729292,167976690.896073,-114454079.880518,1103664341.705,25414286811.97652,1256695577.97382,33.59085963003273,35.68371418208202,1.7026075758413555,2.8288849222235624,0.3669138923071807,1.2307180629926497,36.5772739839646,0.6077319303489284,0.050686633048208675,0.18783186430206011
0012.HK,Henderson Land Development Co Ltd,medium,Real Estate Management & Development,Real Estate Management & Development,Real Estate,Hong Kong,2022,16893244872.495,1446315385.10788,41993469492.285,12453806261.6045,685703310.071067,67839170241.3727,7743645559.895,15899097253.3453,1750176067.60996,8232537294.32102,1932098419.30035,68962465.8881744,-125026396.489857,786938360.746168,163083460.998516,1179896708.0386,,3263074010.94212,477501222.140526,-2271036168.31372,1485502598.53934,1037374278.53637,23642742813.2403,1330975591.64177,36.15905444013936,40.7890102148645,1.739255807287311,2.8097147539937595,0.4127889671594399,1.063134570228528,34.85116744370413,0.5630099893885625,0.04810014626258042,0.155141197696087
0012.HK,Henderson Land Development Co Ltd,medium,Real Estate Management & Development,Real Estate Management & Development,Real Estate,Hong Kong,2021,20618031311.6806,1404217655.66074,42974422124.7338,14004977038.9184,654968059.724467,70589804766.6692,8112958259.57567,17301367402.9606,2160650606.73696,9739859924.57477,1462606775.31864,64973295.3497459,-52235956.2613799,1487052173.56904,259635861.4174,1697668578.49485,,3026983603.35341,414285170.348875,6937990003.43574,-6517271833.54728,-74365474.6775309,25414325662.53627,1564376828.03477,56.08449866111289,51.68104730734889,2.404977013474399,3.950416304766928,0.43940424051733656,1.2005312504940944,36.00282752805728,0.5913826040236415,0.04288131428269198,0.10443478566613892
0012.HK,Henderson Land Development Co Ltd,medium,Real Estate Management & Development,Real Estate Management & Development,Real Estate,Hong Kong,2020,18891420203.1332,749068018.523535,42259329489.3129,13036002218.6964,148343072.37852,59477445403.2997,7060614269.31362,9566064264.79883,34312397.6110316,9071759348.83841,1253381277.86522,55184362.4036943,-39196369.5577642,1231849061.69368,313442021.035937,1314109863.59451,,3225964362.94493,391963695.577642,-1112196986.20156,-200365652.278834,712626100.479482,16626678534.11245,1972583085.07971,40.73541167066336,61.14708233413252,2.209425530440831,3.1096325461738323,0.11095074539608307,1.284839959076294,27.954594252277744,0.3934439740298583,0.054238448559291344,0.09614767294743205
0012.HK,Henderson Land Development Co Ltd,medium,Real Estate Management & Development,Real Estate Management & Development,Real Estate,Hong Kong,2019,23771893820.8921,1377920410.78306,41187548138.6393,12900513478.819,107830551.98973,58439666238.7677,7594993581.51476,9074069319.64057,37483953.7869063,8932605905.00642,1454674388.27516,48119000.1210613,1148729.44586088,1693099566.59384,259995764.579846,2169056466.99553,,3086763657.63328,415584786.191447,-424646985.153238,-585086197.758474,633460471.089727,16669062901.15533,1632089269.35812,70.26959973536214,52.873800860072805,3.711616794889601,5.266291792107605,0.18636017915997705,1.1761176371165392,28.52354226844884,0.4047112210963966,0.05281966609839368,0.11276096805476388
0012.HK,Henderson Land Development Co Ltd,medium,Real Estate Management & Development,Real Estate Management & Development,Real Estate,Hong Kong,2018,21917790406.4355,2107769903.59446,39986337227.8618,12408478580.0932,47245099.9170019,56324586605.3757,7956840962.77852,7763519121.49652,45712826.4061802,9176402987.93335,1285801086.27946,8676637.27964705,-7783454.03027162,2715659870.92247,270889719.774863,3975558642.97005,,2804850598.25296,321801164.989263,-206452928.212778,-1037751338.1672,319504408.062297,15720360084.27504,1519049511.9735,141.73869529615166,54.1579474115185,7.058300615366819,9.942292589379624,0.2706454408319161,1.1532721378823387,27.910298204966615,0.393143287785843,0.049797979307055595,0.10362278324292376
0012.HK,Henderson Land Development Co Ltd,medium,Real Estate Management & Development,Real Estate Management & Development,Real Estate,Hong Kong,2017,26375218701.3286,3158103576.27422,37448992652.894,9499910401.14687,44799426.5673399,52607070629.4959,6407853979.46906,8063000793.58984,40831477.3570898,8993676880.93592,1965933501.94697,12063303.6871216,27078266.7870494,3086280748.6339,284514300.790941,3953811949.96306,,3588191181.82892,422087296.031306,2135718084.69231,-1048095757.58215,-192371193.904204,14470854773.0589,1622257679.88195,110.18955650929897,45.211015736766754,7.5157424708347556,10.5578592903954,0.499220966002157,1.4035396108825058,27.507433126195274,0.38641506080512994,0.06820739377601993,0.20694232039384647
0012.HK,Henderson Land Development Co Ltd,medium,Real Estate Management & Development,Real Estate Management & Development,Real Estate,Hong Kong,2016,19350148393.9141,2961787957.3387,33986407191.0344,9703511690.58949,182999961.31079,45846455423.5824,5475941759.84318,5640370900.55583,201312853.845063,9738718871.30679,1936915142.41939,13656578.7612382,-54755150.6936436,2146530742.83952,290524387.798039,2823562076.71034,,3294069865.7296,403255580.402599,-20613703.7905482,386506.946072779,664663111.596488,11116312660.39901,1357154723.31021,85.71652065081359,41.19993742177704,6.158735829461665,8.307915752434091,0.5776359482819532,1.7784555238925126,24.24683120580141,0.32708113564094204,0.07185004457367937,0.19960970875088646
0012.HK,Henderson Land Development Co Ltd,medium,Real Estate Management & Development,Real Estate Management & Development,Real Estate,Hong Kong,2015,20266808451.8264,1519851356.75669,32418549438.0718,10523219055.238,218319763.615953,43388988529.1803,4168204281.23508,6154243171.05586,276899652.907704,9929549296.13811,1653218192.19913,19220467.4342751,-34571042.0965485,1939848250.17872,188850767.273683,2750977775.19027,,3049604500.76307,438974836.770726,148474886.019132,128480440.030456,-280954215.247323,10322447452.29094,1396386308.56394,90.2076900300325,45.78909521593823,6.340267124088779,8.485813902455389,0.4310611688954935,2.382212729073798,23.790477266712053,0.3184117621304928,0.07028521761257758,0.1571019460415233
0016.HK,Sun Hung Kai Properties Ltd,large,Real Estate Management & Development,Real Estate Management & Development,Real Estate,Hong Kong,2025,33242262691.2405,2155341537.36401,78709139086.3462,25206884251.8281,6457361971.00563,104065453896.915,8929144691.5845,15850977094.9578,414278070.778873,21098626716.6042,5845313521.19424,489773365.033846,-322492973.254265,2678411982.88365,625086897.601519,2474799779.22869,,10234658567.1987,1078400069.79929,-3825239104.73092,-982371111.20288,4888746983.09013,24780121786.5423,4389345046.00446,24.18057977195482,42.887068651923336,2.3781184692474158,3.1442343391836154,0.2877789191348514,2.362894481538544,23.812053720621787,0.3148315694236954,0.09834828162414909,0.23189353601964174
0016.HK,Sun Hung Kai Properties Ltd,large,Real Estate Management & Development,Real Estate Management & Development,Real Estate,Hong Kong,2024,25069807570.2741,2077484631.14754,77704533811.4754,27481941598.3607,6428022540.98361,104776383196.721,7942110655.7377,18572105532.7869,466828893.442623,23905097336.0656,5025350602.86227,488952340.291725,-459535903.392145,2775888462.90652,508776460.811008,2435936770.38875,,9145442334.52789,924443503.957256,-1676609005.72436,-1229479164.85073,3135536378.39182,26514216188.5246,4120091731.66562,26.635527088635882,45.05076497077174,2.3248910642536695,3.134870838165959,0.32035735019028583,3.0099174353351015,25.305527237701376,0.3412183934190077,0.08728534098525839,0.1828601005091297
0016.HK,Sun Hung Kai Properties Ltd,large,Real Estate Management & Development,Real Estate Management & Development,Real Estate,Hong Kong,2023,36499606054.5941,1949974476.77386,76831929555.8959,27071975497.7029,6019397651.8632,102857452782.032,6816488004.08372,18604007146.5033,487238386.932108,24166539050.536,4687770254.51326,462435130.8587,-326664993.101068,3120288701.67985,503651065.535124,3050617183.62002,,9084732103.05882,934568128.700088,-1743191590.13816,-2048929607.11869,3340277157.97135,25420495150.58702,4396961848.54556,33.57960530936163,48.399466254652765,2.9658688807748965,3.9705070551438766,0.3575467106002163,3.545306473958138,24.714295817198852,0.33085847638504756,0.0883235182025217,0.1731595189612603
0016.HK,Sun Hung Kai Properties Ltd,large,Real Estate Management & Development,Real Estate Management & Development,Real Estate,Hong Kong,2022,34236220259.4631,2590171038.20958,76718156559.8634,26460452193.4185,5729525120.44047,102924600443.527,7949835589.20242,17645102087.6348,1114424817.10892,23868114501.2872,4857120894.189,463723962.32971,-245508458.641538,3715429679.9426,724608733.621032,3275154594.40381,,9962184829.85576,907202446.337206,-1141563078.30765,-1216266330.59785,1972268369.21219,25594937676.83722,5105063935.66676,32.875866592923174,51.24442100659836,3.1820911427300924,4.269073634281342,0.46599653712966527,3.0023406438373663,24.86765803951868,0.33362294956690486,0.09679109549054643,0.1835615226332795
0016.HK,Sun Hung Kai Properties Ltd,large,Real Estate Management & Development,Real Estate Management & Development,Real Estate,Hong Kong,2021,43182490913.5379,2805347690.00915,76482786156.7986,25926507901.7529,5528135907.57461,102577117759.946,9427879599.69604,15918651228.0883,356770263.134169,21848507875.9934,5220819611.06089,448810240.439161,-243035709.057115,4345504264.22335,1190036920.2107,3449173097.45143,,10992949934.02,1002312786.31831,-2167594875.68606,-1232584285.72203,2007719926.49199,25346530827.78434,5772130322.95911,31.37622856606703,52.50756491754808,3.3625170727874094,4.509737773386321,0.33540075684094095,2.3174360305468693,24.70973193758577,0.3314017715806143,0.10716766247757152,0.20136995043238773
0016.HK,Sun Hung Kai Properties Ltd,large,Real Estate Management & Development,Real Estate Management & Development,Real Estate,Hong Kong,2020,36995723903.2707,4090703825.55964,73777562737.8879,25355783497.8389,5267402103.09012,102939294239.081,12559447777.5627,14202180504.4836,431327011.16057,24039739371.6534,5198566857.8718,433801973.15854,-277140568.477505,3709577831.3989,795111158.729213,3039564845.94079,,10604860836.283,963833310.371768,1474233857.31784,-6120059248.0595,5944536888.02375,26761628282.0463,5406293978.4112,28.661996539750504,50.979395787206805,2.9527741261575664,4.119904118735336,0.3600501325224476,1.9140761439049971,25.99748568305826,0.36273397072119695,0.10302053180637462,0.2050248953385676
0016.HK,Sun Hung Kai Properties Ltd,large,Real Estate Management & Development,Real Estate Management & Development,Real Estate,Hong Kong,2019,49142527462.6884,2820827893.40296,72498912013.9262,25146942119.1409,4590277244.45127,96147505311.932,8435348027.54525,14008268694.1607,2919770626.93598,22593374804.8025,5160280731.77087,275648662.992383,-264678841.142617,6166315440.24886,1080910120.40604,5750610214.56992,,10880787714.288,985880849.73074,-1007948049.49829,-1637309689.11163,2498058036.11422,22443616721.70595,5720506982.51713,52.851046868771846,52.57438278117771,5.981029040652876,7.931995191135137,0.6805408030105307,2.678416436526964,23.342900732465157,0.3095717728480504,0.11316765504198353,0.2052050983901959
0016.HK,Sun Hung Kai Properties Ltd,large,Real Estate Management & Development,Real Estate Management & Development,Real Estate,Hong Kong,2018,43716075200.938,3325813769.72292,68708164461.7777,22661543167.3931,4408121128.69924,91188855751.8289,8467156075.5525,12823914761.2857,2423975937.39645,20245086793.6071,5591909216.74554,256513114.783514,-206156280.09258,6340360038.95394,1073853109.32291,6406437408.33265,,10946093274.7978,970711064.664069,1820642411.60496,-3035852523.89278,919203946.9472,21291070836.8382,5354184058.05226,58.52715893699519,48.91410956984709,7.025460902555696,9.32412830195245,0.6790697674418602,2.3910137728606906,23.34832547387369,0.30987686839869527,0.12003762065605547,0.2467576535031181
0016.HK,Sun Hung Kai Properties Ltd,large,Real Estate Management & Development,Real Estate Management & Development,Real Estate,Hong Kong,2017,42551620654.7881,4005994773.78696,63818081672.3882,18810908438.7969,3455577189.11718,81905005892.299,6529179689.50146,10385945585.8995,2174130245.42706,18671670851.0529,5464780927.3221,249716263.711676,-209534997.967456,5360979324.14953,869306230.043225,5383259320.86027,,10071975160.443,924040326.00891,-2051691489.01017,-1632106348.64264,4617883480.09777,16915125275.40096,4607194233.1209,53.44790108302348,45.74270845320731,6.572564475410682,8.435319865136927,0.9465392764655107,2.859726908891152,20.652126315262716,0.2650522364842491,0.12297142342785672,0.29051127143073874
0016.HK,Sun Hung Kai Properties Ltd,large,Real Estate Management & Development,Real Estate Management & Development,Real Estate,Hong Kong,2016,34718938251.7979,3872664003.09318,60408171156.0768,18744683593.2466,3279546333.29037,79200283541.6935,7613223353.52494,10431241139.3221,3046011083.90257,18373372857.327,7274873341.93365,251324351.435391,-258155218.423122,4584413938.7471,823570567.011357,4210133981.53255,,11752184441.6844,856564943.404926,-994728894.552997,-1086752272.46319,2008532662.95853,18044464492.84704,4477311099.75075,35.82426741533616,38.09769257764501,5.315806703288132,6.969477640127215,0.908770801239187,2.4133500363968814,22.78333319772507,0.29870900157241137,0.148385635961741,0.3881032883667701
0016.HK,Sun Hung Kai Properties Ltd,large,Real Estate Management & Development,Real Estate Management & Development,Real Estate,Hong Kong,2015,46600568758.2087,4200931504.72848,58190145660.5039,19358268072.0949,3305551613.36103,77940626249.8549,7448554361.42899,11554658168.7288,2087112464.35898,18895354087.9124,5028663361.5285,254341587.343461,-274590892.218169,4073721620.81299,615346710.555605,4008846459.33543,,8613435206.6726,723557963.994329,-1018140208.15887,-456060777.305516,1715644926.39083,19003212530.15779,3584771845.1441,46.54178458589765,41.61837593399521,5.1434619558793875,6.889218808153633,0.8441965600263286,2.5367813901927896,24.38165234808229,0.32657097373543903,0.11051277903593487,0.2597682469733622
003490.KS,Korean Air Lines Co Ltd,small,Transportation,Passenger Airlines,Industrials,South Korea,2025,5791508209.36668,,1281946862.56951,,,34991823797.8216,,,,,,,,579826712.789134,,455757697.988049,,17761805694.0819,,,,,0.0,17761805694.0819,2.5659423700367583,100.0,1.3024691157036004,35.551996053450836,,,0.0,0.0,0.5075987406860357,
003490.KS,Korean Air Lines Co Ltd,small,Transportation,Passenger Airlines,Industrials,South Korea,2024,5681131163.79105,1500307806.88525,7087940172.97566,792733249.104809,19213756194.6268,31834170248.8448,11493577846.2215,12916878736.9608,854307123.193028,-3627224661.35105,10360650944.5991,1313707521.73464,-447151593.140732,1348018192.60173,333534696.55076,967060414.907481,,13119689571.4526,1224909302.81787,-1187312110.36607,-639185326.551798,2946605237.10485,24410456583.1823,2759038626.8535,7.371061713317726,21.02975540562292,3.037806254562497,13.643744039976703,0.20486353001492524,-0.3155870791394601,76.68004660516668,3.443942243792148,0.4121260101613199,13.069529953863832
003490.KS,Korean Air Lines Co Ltd,small,Transportation,Passenger Airlines,Industrials,South Korea,2023,6847557866.94383,481139816.266996,7355102841.17583,659440906.490266,14041167194.2838,23479431419.6972,7269672674.04434,8626934084.31706,718286282.557942,-629399466.978523,9847665816.208,1313489072.95388,-217023407.066695,1207510320.25181,342234464.213776,813210556.958946,,12347070541.3805,1128315002.53905,-1182336006.58291,-1846822204.17806,2720542749.23392,15896606758.3614,2499404725.1725,6.586263148278917,20.242896619047315,3.463501915454107,11.056413139546821,0.16499038575799602,-0.08657879043519148,67.70439400430085,2.16130312541219,0.5258675272273579,14.93335599791664
003490.KS,Korean Air Lines Co Ltd,small,Transportation,Passenger Airlines,Industrials,South Korea,2022,6729401233.88983,838197940.350696,7128633612.84062,579001444.906893,13544940588.234,22997256782.7332,6721428332.37398,8906241000.8581,771384168.556292,-304735169.293849,7959678396.48233,1272945101.53605,-389333986.518384,1990521611.14909,646871566.552215,1342764601.2797,,10951250184.6495,793614983.591075,-1787052723.47698,-2311974959.96388,4020168087.5301,15627669333.23208,2991571788.16717,12.26129052518469,27.31717144368131,5.838803358006919,18.836212859376214,0.23947024788680452,-0.04533785889318823,67.9544933592499,2.192239099661732,0.4761981086749406,13.74725135230413
003490.KS,Korean Air Lines Co Ltd,small,Transportation,Passenger Airlines,Industrials,South Korea,2021,8618058308.62817,997824103.636486,5428114230.63824,502595743.423179,14237924005.6837,22451852911.0425,7108763754.07169,9563694938.73195,835111717.849086,-1518510874.02775,6044313884.32034,1473657654.57493,-617267538.466263,737270122.897631,231147949.958797,505161583.715005,,7884859269.85968,607523115.376128,-699766131.297336,-2137905467.86682,2713629454.35579,16672458692.80364,1840545385.53934,6.406729231630217,23.342780416829108,2.24997725451226,9.306391911645674,0.2578417126938169,-0.21361110406264264,74.25872046669085,3.0715010746638773,0.35118969027191815,12.02619394098431
003490.KS,Korean Air Lines Co Ltd,small,Transportation,Passenger Airlines,Industrials,South Korea,2020,4401191346.79391,1212173674.09149,2326286947.94877,508262446.416222,17042555029.3932,23227992544.0796,7365602342.84028,12808618207.2533,656660817.845584,-3674841895.55359,5817198363.53026,1661573525.55858,-154674830.425453,-794606302.472243,-95315900.4850566,-179647167.533564,,6462962706.2893,554947462.979808,-269484361.287451,-2306574.93417188,709847483.981876,20174220550.09358,645764342.75904,-2.7796410980175397,9.991769597101769,-0.7734080643975101,-7.7224852975240195,0.2537245977925581,-0.49891939918881356,86.85305246163267,8.672283773023972,0.27824026092761056,11.445264950317595
003490.KS,Korean Air Lines Co Ltd,small,Transportation,Passenger Airlines,Industrials,South Korea,2019,2355346975.46176,707282081.480326,1361562140.09722,617748557.854376,18465465653.878,23407695317.5457,7605515551.46395,13392626885.7236,641813097.897008,-4508041763.48662,9396103598.83217,1779022341.96383,-797352966.381855,-700080174.736822,-108007068.055096,-540508803.921508,,10640545615.6089,1093128654.44645,-706019730.257234,-1370455963.65181,1467708933.65759,20998142437.18755,1244442016.77673,-5.0797094758808345,11.69528388611224,-2.309107311031851,-39.69769634479657,0.1773837907829474,-0.5927332253786383,89.70615070099609,15.422096295721188,0.4545746803032364,15.210239634500525
003490.KS,Korean Air Lines Co Ltd,small,Transportation,Passenger Airlines,Industrials,South Korea,2018,2822254819.94534,1350894968.46043,2725215981.78568,824760507.547831,18053084115.0849,23212522170.7869,6787738241.13536,13584041241.1381,669117732.550076,-3419341665.81604,9976969734.92832,1582968376.4183,-786484763.923281,-161743952.513213,-15158043.7625818,-153313838.234821,,11840311420.7507,1252154744.57751,-785824510.828148,-598708676.505269,2046249947.89761,20371779482.27346,1863341685.82238,-1.2948463328940092,15.737269228888579,-0.6604790169151347,-5.625750005119341,0.2975973187605752,-0.503752729457655,87.76202487772512,7.475289892041872,0.5100829342729418,12.09680827782569
003490.KS,Korean Air Lines Co Ltd,small,Transportation,Passenger Airlines,Industrials,South Korea,2017,3017574780.64063,713856197.51212,3398336821.04054,640197240.910753,17730519054.799,23114560726.9222,6224971889.66025,13371951284.0055,790992182.709566,-2865628931.64286,8850162628.47711,1496691449.80402,511233522.389751,993601070.456624,283280694.64713,701119767.230183,,10711280812.2163,1028466386.60765,-512283855.45811,-1808136496.08321,2080647498.61881,19596923173.66575,1861118183.73919,6.545620262616497,17.37530941786691,3.033238552587194,20.631261824585902,0.24174380332885623,-0.4603440758347363,84.78172440820234,5.766621793441107,0.4633997132266745,13.824118666751442
003490.KS,Korean Air Lines Co Ltd,small,Transportation,Passenger Airlines,Industrials,South Korea,2016,1664234748.42167,903566728.930156,1455031447.28788,468149253.503834,14817228508.2993,19860339808.3739,7569838868.30674,10736635587.1403,665280007.546529,-4810884540.4029,8143138692.73858,1510717377.603,-580811327.807861,-619157438.659301,-138568668.618828,-487525637.92118,,10125263531.7225,1028004646.76373,-1233275840.2733,-753881153.542862,2076435234.50514,18306474455.44704,1982124838.98392,-4.814942706367689,19.576032098067504,-2.454769871135941,-33.50619251768806,0.2072496870501568,-0.6355332820286336,92.17603843680615,12.581497458058086,0.509823277417101,17.394321643774425
003490.KS,Korean Air Lines Co Ltd,small,Transportation,Passenger Airlines,Industrials,South Korea,2015,1726897733.89091,823423471.398783,2026944033.48823,417590326.905826,15192733807.5161,20579897963.9261,7192119941.30133,11260849096.8986,620703996.932635,-4392743752.12052,8423132832.05536,1460357534.79877,-834372402.836245,-430443457.855122,-75664293.0858422,-497851379.637908,,10217462658.1413,1050565236.57804,-2310678416.94217,370585277.976269,2072982141.84462,18452969038.19993,1794329826.08594,-4.872553943137915,17.56140331627455,-2.4191149077151746,-24.561673702511673,0.20079301793041565,-0.6107717596441675,89.66501714705096,9.103837468291442,0.49647780936772334,20.170804468741743
017670.KS,SK Telecom Co Ltd,small,Telecommunication Services,Wireless Telecommunication Services,Communication Services,South Korea,2024,8069702859.00969,1370360514.09147,7651862836.71231,142054334.430315,8543854873.44086,20663372337.1118,6246209997.42683,6408092606.88796,1347056433.592,-1183382765.20538,3122503736.00427,2714257729.70269,-158257325.944302,1293390072.88807,275061917.230149,917794408.772673,277564615.807131,13170999300.2281,8713401679.26069,-1314157552.30891,-1990872858.29259,3720266206.62189,12654302604.31479,10048495564.22383,6.96829745300175,76.29258293294274,4.441648699928313,11.994391801813993,0.43505052644770653,-0.18945612870730935,61.24025835602559,1.653754500616718,0.6374080225313823,21.981052169414934
017670.KS,SK Telecom Co Ltd,small,Telecommunication Services,Wireless Telecommunication Services,Communication Services,South Korea,2023,8503944613.7617,1124011124.84549,8490835135.97033,138913009.888752,10048050061.8047,23268871291.7182,5403260197.77503,8418454882.57108,1528532138.44252,-315495982.694685,3290058512.14777,2871137154.45055,-163994652.384303,1140447096.658,262272814.798776,838074915.600378,283167001.647522,13494059012.0009,8864482725.64105,-1535515439.13959,-2569456209.64958,3777983180.55181,13821715080.34611,10204000499.85313,6.210695498330329,75.61846654722818,3.6016999066846167,9.87034728833659,0.4909153300409782,-0.058389929625191996,59.40002377883065,1.6278392948406446,0.5799189330169046,23.684308005294838
017670.KS,SK Telecom Co Ltd,small,Telecommunication Services,Wireless Telecommunication Services,Communication Services,South Korea,2022,8226744676.68636,1492757669.00358,8659995082.9553,131931446.880056,10565691717.1589,24829697363.8296,6381484154.42693,8808270945.02427,1562835865.87571,-656143926.656727,3369110499.9342,2915457857.22594,-167570247.922065,960365973.125244,223996464.623641,708843179.382044,264817099.404736,13444226304.7352,8825038538.93816,-1037251063.4413,-2181374764.19663,3996799525.7925,15189755099.4512,10075115804.801,5.272472831942601,74.94009381002785,2.8548200527592567,8.185260760450051,0.478821769503193,-0.10281995704738219,61.17575609914084,1.7540142868380892,0.5414575178962888,25.536826735457463
017670.KS,SK Telecom Co Ltd,small,Telecommunication Services,Wireless Telecommunication Services,Communication Services,South Korea,2021,10653157191.767,734646789.45419,9411585406.91606,172259166.975319,10834757904.3065,26020469544.4291,5859149297.95616,9777857840.33133,1610753729.08179,-511608134.954039,3867000119.28846,3597876077.76656,-164570015.980812,1502490596.65501,390705566.856696,2105284376.84208,304059623.088185,14645980260.5049,9569454884.06895,-1782889935.13357,-3048535460.0636,4386743738.32573,15637007138.28749,10778980141.21644,14.374485964038184,73.59685012196547,8.090877734728714,22.369072646304858,0.4002971078675403,-0.08731781849841284,60.095022926422644,1.661463660181706,0.5628637959625351,22.448733424111573
017670.KS,SK Telecom Co Ltd,small,Telecommunication Services,Wireless Telecommunication Services,Communication Services,South Korea,2020,17669295542.5608,1262969930.0119,21526768836.3901,158089204.865049,12335128680.3692,44175456213.6343,7540980386.73269,14138470404.8982,2018398849.20745,550609053.270261,3766580341.72718,3541215314.6578,-173972347.457106,768723002.301179,187898593.416352,1277515455.89878,299940375.651801,13661925827.9241,8840675442.03967,-1225255729.69072,-3609497144.80593,4931474002.82937,21679450791.63089,9895345486.19692,9.350917813414126,72.4300922932217,2.891912309225882,5.934543477510632,0.4351382195599479,0.07301557954440266,49.07578245890249,1.007092655493317,0.309265076105937,23.825664408537428
017670.KS,SK Telecom Co Ltd,small,Telecommunication Services,Wireless Telecommunication Services,Communication Services,South Korea,2019,16610179363.3369,1101167173.56833,19540814681.9517,141137019.418233,11206824542.7054,39167787049.3124,6803463394.76808,12593483064.2855,1933140104.15313,205216321.366988,3960044228.90806,3454852467.90124,-289521671.028237,997530765.877532,257989931.109891,763568331.615417,336227722.472726,15242803424.5412,10335599823.6479,-534480132.63374,-3078099770.77011,3412150283.26565,19396946459.05358,11282759195.63314,5.009369407638346,74.02023683824254,1.9494803999370234,3.9075562817791036,0.4459945033370603,0.030163507828204244,49.52270199649714,0.9926375524644323,0.38916682745824904,28.05815402104542
017670.KS,SK Telecom Co Ltd,small,Telecommunication Services,Wireless Telecommunication Services,Communication Services,South Korea,2018,19498202692.0836,1353362974.93937,19825799874.2477,258737986.167251,9627552321.92581,38057227162.4899,6150684451.63029,11831765022.9049,1804221683.28393,998187370.879368,3580327708.72012,2988676366.58443,-148505686.227116,3618041748.59636,768001446.414999,2846308482.23848,352775736.735951,15354933051.2748,10688053343.4739,-202479213.725715,-3683340862.78333,3928172274.4562,17982449474.53519,11774605342.55468,18.53676908087967,76.68288297471364,7.479022236921844,14.356588386305825,0.5133712651095856,0.16228882797178615,47.25107637967675,0.9070226466823722,0.40346956928089034,13.837657785609252
017670.KS,SK Telecom Co Ltd,small,Telecommunication Services,Wireless Telecommunication Services,Communication Services,South Korea,2017,20162828933.3645,1367006761.25547,16357944240.742,255448859.213969,9513472809.62518,31348095876.6657,6666656976.47158,7774366308.12945,1993686056.43445,-850852893.460994,3518850200.34628,2876652294.67668,-252642558.080158,3014597926.97321,660500305.043588,2302928499.76151,350135476.476233,15519227323.7556,10644365268.7544,-717301343.542161,-2719943647.01185,3400568442.00693,14441023284.60103,12000377123.40932,14.83919561018589,77.32586728103465,7.346310630227848,14.078349124248199,0.5041046553843562,-0.12762811953035563,46.0666681045542,0.8828140671022352,0.49506124342651087,13.77516506111629
017670.KS,SK Telecom Co Ltd,small,Telecommunication Services,Wireless Telecommunication Services,Communication Services,South Korea,2016,15005134656.8331,1247869015.54404,12910160414.5078,215416373.056995,8600383005.18135,25946249119.171,5342258238.34197,7243219896.37306,1857762487.04663,-370960414.507772,3362604122.99652,2648253144.63505,197534877.727645,1809088514.6897,376325872.362599,1446455912.84688,297571011.137294,14751220229.5695,10097972282.0464,-887213630.931607,-2125027115.84351,3647564137.7368,12585478134.71503,11388616106.57298,9.805669567236157,77.20456971921533,5.574817023467689,11.204011928631223,0.5813330924928365,-0.06943887733568337,48.50596352833116,0.9748506393903589,0.5685299698548801,15.609788964865917
017670.KS,SK Telecom Co Ltd,small,Telecommunication Services,Wireless Telecommunication Services,Communication Services,South Korea,2015,14790100144.0701,654429550.193625,12641015362.3558,232823524.405294,8826976467.08371,24325619813.6091,4473801438.35908,6766924549.98085,1995716413.4644,-81919230.6055577,3365661024.33214,2649097109.68947,-215310616.98219,1801348615.73793,459752712.119714,1344002286.20129,279481999.230547,15166435538.1807,10302707985.7648,-838776111.962874,-2549313212.26635,3328834255.05514,11240725988.33993,11800774513.84856,8.86168858079959,77.80849022923503,5.525048473582493,10.632075412261974,0.5923700459603001,-0.018310877613648493,46.20941244034096,0.8892265111720495,0.6234758108689898,14.455846044462724
0257.HK,China Everbright Environment Group Ltd,small,Commercial  & Professional Services,Commercial Services & Supplies,Industrials,China (Mainland),2024,3060534570.08381,1016468452.69513,6206593972.47576,127189000.60507,1115194587.84454,23948791019.2206,4600053812.58287,10798384335.1314,2719800713.20983,1550344889.7357,2399476237.16761,282040363.563583,-374206432.231842,625421644.319899,114513101.958817,457303807.083679,,3877960670.94702,432182811.343643,-235620836.972426,-277177598.674556,459866300.39429,15398438147.71427,1478484433.77941,11.792378672370672,38.125307583853235,1.9095068586830137,7.368031630741011,0.8122229256720572,0.3370275550896657,64.29735069029553,2.48098042436824,0.16192719990895083,18.865438251363713
0257.HK,China Everbright Environment Group Ltd,small,Commercial  & Professional Services,Commercial Services & Supplies,Industrials,China (Mainland),2023,1998201629.18833,1079990779.39708,6165111287.55475,114569577.132905,1226853469.25185,24227495837.9223,5274297569.34662,10562037112.9268,2558758548.2673,764319596.342494,2334929142.84965,277920181.474515,-435266183.268115,892706950.340581,233421559.31954,594717067.124517,,4099168655.53613,466515085.07085,387939676.715377,-490521061.892218,-139289082.34745,15836334682.27342,1764239512.68648,14.508236110786079,43.038958894842914,2.454719510027243,9.646493621697426,0.6899021679800953,0.1449140072764567,65.36513219614493,2.568702160209429,0.1691948966974899,20.380010132541948
0257.HK,China Everbright Environment Group Ltd,small,Commercial  & Professional Services,Commercial Services & Supplies,Industrials,China (Mainland),2022,2745244096.17517,1356199756.70658,6066215250.65625,129897176.515782,1261430565.33709,24405890005.7622,5482175427.36411,10907978231.641,1961117229.01594,406281708.17594,2931751506.0786,266983333.771801,-423628254.621765,908219201.380406,223231885.204831,596860564.141888,,4766229595.95786,546635327.9438,297763708.754826,-783577845.325092,67443631.4311225,16390153659.00511,1834478089.87926,12.522698542430122,38.489083518658916,2.445559510433629,9.839093066757217,0.6051096010471015,0.07410957813352659,67.15654973096828,2.70187472448031,0.19529013671833148,22.569786231823166
0257.HK,China Everbright Environment Group Ltd,small,Commercial  & Professional Services,Commercial Services & Supplies,Industrials,China (Mainland),2021,4932787568.68057,1930134559.63468,6641715667.41066,161438082.044178,1273864773.33949,25685064778.4705,5101259909.18187,12330357885.015,1681751712.46056,1213635162.52341,4301361069.46395,209325173.258226,-379602296.63119,1305561431.37865,283083887.419183,875415314.684971,,6419539645.98215,521882748.687925,2431261985.33026,-1341293270.00126,-592595051.58692,17431617794.19687,2118178576.5182,13.636730403758381,32.99580177597193,3.408265940675196,13.180559941468564,0.7080380800817708,0.23790890566837447,67.86674647131215,2.624565498901094,0.24993278005524353,26.644029803865422
0257.HK,China Everbright Environment Group Ltd,small,Commercial  & Professional Services,Commercial Services & Supplies,Industrials,China (Mainland),2020,3470741815.84304,1400963971.98251,5812733898.32695,136622679.720857,894853785.328225,20405184267.8947,3728672651.98715,9511592301.63951,798808611.637837,1229170181.75251,3716253311.97706,152869451.467213,-280321346.630478,1182008041.22161,278470091.781431,775657859.726578,,5534737030.55926,379612455.362456,2219822953.67429,-1064243580.36871,-1344575112.89786,13240264953.62666,1818483718.5822,14.014357962155996,32.85582871492723,3.8012783885857373,13.344114375334328,0.5899613049828886,0.3296535514045297,64.88676985122233,2.2778033856732267,0.2712417078863412,27.200852154049294
0257.HK,China Everbright Environment Group Ltd,small,Commercial  & Professional Services,Commercial Services & Supplies,Industrials,China (Mainland),2019,4928574528.24133,1507422207.95892,4665847368.42105,105716046.213094,672063414.634146,15321117201.5404,3167076636.71374,6412502824.13351,457200385.109114,710939024.390244,3331281441.65959,110147965.102052,-211152809.634682,1020606162.39,241939396.966779,664130398.564767,,4793729026.82168,308723336.034003,1860648265.73951,-704550231.029853,-1185992186.89892,9579579460.84725,1462447585.16209,13.854149762092336,30.507514650483206,4.334738712774775,14.233864636457506,0.6203268245212371,0.22447799846357272,62.52533242082444,2.0531274824124894,0.31288377758377267,31.511596971236113
0257.HK,China Everbright Environment Group Ltd,small,Commercial  & Professional Services,Commercial Services & Supplies,Industrials,China (Mainland),2018,5506440215.77475,1549687671.58271,4332006256.7835,84116580.4762817,563123284.172892,12146030390.0913,1945270637.80885,5004393921.98174,309462682.755539,1842557109.11064,2270905906.97154,79153389.1692226,-160959277.393876,872373228.043448,220573772.592583,551124050.302299,,3474227389.66111,249568925.221843,2171926529.21594,-956924251.186253,-731576924.516187,6949664559.79059,1203321482.68957,15.863211830704548,34.63565701745696,4.537482886193867,12.722143451184827,0.9557283794877988,0.9471983349247967,57.21757921386487,1.6042600466950139,0.28603809459388274,26.997125823628387
0257.HK,China Everbright Environment Group Ltd,small,Commercial  & Professional Services,Commercial Services & Supplies,Industrials,China (Mainland),2017,6403382045.92581,1108106520.23654,2886910759.54228,65256764.7134117,515195453.498195,9359648772.49571,1796229168.26665,3897093669.20103,645176893.73576,717332002.150373,1656856389.85378,63746860.0053605,-109595370.663535,688883812.031315,176631405.918906,450447609.667657,,2572193565.36388,184602426.329698,1394348891.64661,-620266328.99577,-516256781.271444,5693322837.46768,915337175.5101,17.5121972052649,35.585859005156564,4.8126550538022705,15.603101279759528,0.9760911608312249,0.399354389085327,60.82838123368576,1.972115978524517,0.274817317175676,25.389802836996292
0257.HK,China Everbright Environment Group Ltd,small,Commercial  & Professional Services,Commercial Services & Supplies,Industrials,China (Mainland),2016,5081574372.65446,817706632.620162,2242594498.3944,46625656.1045125,390685830.721812,6387811351.41409,1201143910.96323,2627349402.25171,379940547.58128,386040933.183735,1115927750.45598,40319631.6004201,-76417190.1575899,519958647.220652,136842784.257067,358789631.120359,,1799989130.33326,136474829.644406,690494401.487722,-545692022.01888,-54873035.3121958,3828493313.21494,684061379.87728,19.93287765320731,38.00363948590229,5.616785020442606,15.99886343149583,0.9970888327952444,0.32139440549980247,59.93435157360141,1.7071714551854893,0.28178495439361884,23.9337704536447
0257.HK,China Everbright Environment Group Ltd,small,Commercial  & Professional Services,Commercial Services & Supplies,Industrials,China (Mainland),2015,5762218362.60177,768181184.758906,2218829950.58128,26104695.4232849,303256087.018232,5241619075.88289,815899923.87195,1919875227.41642,199546457.465065,666407272.16423,596698895.511368,23721023.7316874,-39182922.3093687,403076034.464104,101039675.366321,268943100.054436,,1100923994.31081,99120853.5335369,859290340.559117,-345566460.954367,-257086522.579577,2735775151.28837,504225098.799442,24.428852622364474,45.80017343659516,5.130916538591383,12.120942390559465,1.186086202375782,0.8167757499004475,52.19332255325251,1.2329809909820546,0.2100351014396009,22.857914479979865
066570.KS,LG Electronics Inc,medium,Consumer Durables & Apparel,Household Durables,Consumer Discretionary,South Korea,2024,9782307530.64488,5117353972.83279,14216585408.7948,7265374666.50415,11562474437.6278,44441006107.8834,18491203158.2226,8877751594.68574,7134179769.4985,4480070152.62937,48709714797.2442,2594366794.96785,-116124039.340743,980666543.161842,339556510.949072,269809113.382012,251978211.933575,64405161705.0617,13184911338.3724,-517333270.675943,-3092123368.59076,2821068412.00396,27368954752.90834,15695446907.8175,0.4189246734874781,24.369858707433337,0.6071174732791446,1.897847518399883,0.6625601177759666,0.24228116008974726,61.584912561314304,1.92514263910215,1.4492282543899666,6.704363784817948
066570.KS,LG Electronics Inc,medium,Consumer Durables & Apparel,Household Durables,Consumer Discretionary,South Korea,2023,13532469690.2802,6547760352.28677,15192177070.4574,7049910383.18912,12993378399.2583,46539549598.2695,18665312113.7206,9720238720.64277,7157773485.78492,4775053306.5513,47866505296.3586,2465306370.74014,-52848920.14121,1544090753.67608,580095122.431041,546323403.368602,265151177.747754,63040948919.5539,12374788114.323,1151995799.97033,-4053698318.16422,4531809270.93338,28385550834.36337,15174443623.1953,0.8666167193418381,24.070772859969633,1.17389061150028,3.596083700413015,0.7342783101921425,0.25582499116321916,60.992319606416736,1.8684320688679774,1.3545672328959966,6.78966152683285
066570.KS,LG Electronics Inc,medium,Consumer Durables & Apparel,Household Durables,Consumer Discretionary,South Korea,2022,11800140282.0319,5014084953.84323,15062103860.6732,7445998160.0736,12555783079.0217,43742775909.6533,17711313168.1629,8193695872.85474,6516283348.66605,4088823240.17384,49124205889.6381,2625748118.28747,-10993905.9967507,1973178106.38918,413549086.242128,929515290.690719,292977378.583891,64845724534.8664,12962769979.7563,348299620.978253,-2507479140.99277,2414478822.62989,25905009041.01764,15721518645.2283,1.4334257152002905,24.244495312524602,2.1249572560519425,6.1712181730313365,0.6510171319897261,0.23085940615198053,59.22122796806966,1.7198798574649994,1.4824327717289665,6.5973969954825415
066570.KS,LG Electronics Inc,medium,Consumer Durables & Apparel,Household Durables,Consumer Discretionary,South Korea,2021,19934318295.5539,5094040203.37385,14504396612.6806,8210729317.48544,12374813966.8002,45019594935.8564,19882739317.8222,8218749789.5552,6874355197.14469,3255887403.61628,48104752393.5505,2890502912.67656,-143758724.506352,3356963889.07667,924984472.539985,902189904.076405,282117653.859346,64629631384.2461,12976319876.0487,-246832287.991624,-2156014468.53954,2341265481.34252,28101489107.3774,16524878990.6956,1.395938495629916,25.568579979126493,2.0039938283803727,6.220113308868411,0.6019490176482113,0.1637544682134325,62.42057296920642,1.9374462694166414,1.435588913590403,5.858767295020599
066570.KS,LG Electronics Inc,medium,Consumer Durables & Apparel,Household Durables,Consumer Discretionary,South Korea,2020,21320793273.0181,5437042057.41053,14235064132.71,6867093603.32697,12885555155.9748,44449571680.1756,18633518677.3263,9640294337.32607,6597630178.79702,2795769361.99249,36133327857.0624,2504677669.0445,-299719580.240532,2839213288.7897,506479197.057997,1671533359.43992,247144795.964848,49303537208.8112,9853940402.09208,-844011689.904625,-1965521600.33177,3930647467.3495,28273813014.65237,13170209351.7488,3.3902909488230284,26.712504005483623,3.760516235042642,11.742366201210094,0.6458614953305422,0.15003979712079005,63.60874120022718,1.9862090364372489,1.1092016265884617,5.261807970632077
066570.KS,LG Electronics Inc,medium,Consumer Durables & Apparel,Household Durables,Consumer Discretionary,South Korea,2019,10620058914.4057,4139582520.99093,12416998102.3681,5080643288.53536,12568924761.9295,38871017355.9663,15300558891.575,9338099941.9446,5511180430.99639,1815807533.33853,40357092351.2657,2153468593.57652,-239402881.608445,454205180.712133,299594059.569145,26880037.1493897,348649160.768034,53533396152.673,11083175886.3977,-959693365.334626,-1789932093.71028,3169725599.17504,24638658833.5196,13176303801.4073,0.05021171657544379,24.613240982936198,0.06915187452706044,0.21647774226737854,0.6307457799663353,0.11867589584184238,63.3856804103889,1.9842685510937346,1.377205944018241,7.943303644704366
066570.KS,LG Electronics Inc,medium,Consumer Durables & Apparel,Household Durables,Consumer Discretionary,South Korea,2018,9540889477.53237,3835792688.40384,12802719841.9114,5408565525.91395,11976961286.2661,39817158896.973,15391205425.3121,9778592472.82853,5723159974.84955,2001100332.34528,42096148326.2059,1820057997.94781,-391962121.081241,1827759142.10205,487530744.797549,1128499256.80012,335953882.684747,55819567189.551,11263483417.0649,745503149.349004,-4022365921.35377,4132725328.13554,25169797898.14063,13723418863.3451,2.021691162469935,24.585319367925912,2.8342033637309854,8.81452746552985,0.6210658878954931,0.1300158289781713,63.21344514626859,1.965972715871198,1.401897290913806,7.783237186368822
066570.KS,LG Electronics Inc,medium,Consumer Durables & Apparel,Household Durables,Consumer Discretionary,South Korea,2017,16978639147.0656,3142058572.54049,12401193769.5171,5540700694.88076,11066310942.7309,38655400095.6516,16445014394.6285,8449979838.14248,7669207685.88764,1555275373.46324,41400132794.1564,1565712600.86527,-306302549.817519,2265975581.61783,609956557.667745,1528690590.32245,320454976.242753,54384827695.6105,10876891309.083,744812519.60243,-2287907989.34699,1918881942.30404,24894994232.77098,12984694901.4541,2.810876957960526,23.875583414787794,3.9546624444185086,12.326963183819172,0.6574190814913154,0.0945742786319023,64.40237113357793,2.007467562837734,1.406914106723431,7.472003104662805
066570.KS,LG Electronics Inc,medium,Consumer Durables & Apparel,Household Durables,Consumer Discretionary,South Korea,2016,7371098065.52236,2499595440.41451,9937487253.88601,4286851813.4715,9303567253.88601,31382606424.8705,13052322487.0466,7257337202.07254,5852757720.20725,1033118341.96891,35929337190.6476,1504293712.15882,-504394113.832411,622883279.952477,513866170.0504,66350998.6316887,305874487.4811,47784933867.8139,10701030267.8409,-240648915.847886,-2063328860.27069,2725526999.16605,20309659689.11914,11855596677.1663,0.13885338591287702,24.81032350062909,0.21142602922587714,0.6676838614886519,0.6399131778203313,0.07915206990895286,64.71629352310225,2.043741961145876,1.522656634088387,8.381287423497842
066570.KS,LG Electronics Inc,medium,Consumer Durables & Apparel,Household Durables,Consumer Discretionary,South Korea,2015,7902602071.89059,2306613898.46376,9895375973.44568,4147134771.69241,8902760117.45181,30906758585.4717,12578995701.9448,7277516490.06341,6037152219.24337,1377013489.93574,38618115341.8121,1710506124.43352,-688957334.313976,524930367.629178,301044744.818605,110091781.919265,355952571.900724,50011876659.7263,10338554147.5015,-167197125.718472,-1710940671.63775,2317680966.89248,19856512192.00821,11393761317.9142,0.2201312753534802,22.782111128194074,0.3562061728822501,1.112557847369288,0.6633094020707174,0.10946927104226963,64.24650497429431,2.0066455529626483,1.6181534055543216,9.311999119346773
0960.HK,Longfor Group Holdings Ltd,small,Real Estate Management & Development,Real Estate Management & Development,Real Estate,China (Mainland),2024,8867699931.76873,6569338840.71075,22115964818.5443,30579872316.5235,395056923.266615,91192550655.5423,33000068499.7192,24562296932.5826,657478114.339731,21115633690.9019,14881364566.6648,49530799.0945111,-117446909.747714,2485918516.57953,918125678.332307,1445712801.6317,,17718405380.5995,1208911134.07617,-2914480041.44566,-1689917631.31586,3037528735.58202,57562365432.3018,2837040813.9347,8.159384383510389,16.011829241930965,1.5853408981754757,6.536964647454429,0.2189939986067597,0.6398663594010896,63.12178463976696,2.6027517182535753,0.19429663117469398,0.4866391989028619
0960.HK,Longfor Group Holdings Ltd,small,Real Estate Management & Development,Real Estate Management & Development,Real Estate,China (Mainland),2023,10552075841.0598,8344050691.76365,21410396038.209,36536560906.1963,391652906.534419,98679432359.3226,37615800247.9642,27749328101.6653,647476823.804559,24683971089.6334,21220925939.5147,67037970.0140203,-141560438.101158,3275360964.56889,1073640917.44308,1816078450.26317,,25543308798.0915,1521450147.67376,-3487091787.33894,-1764678103.61665,3432724239.56993,65365128349.6295,4322382858.5768,7.10980110140962,16.92178132732652,1.840381938609316,8.48222726483992,0.23903592257231954,0.6562128394694812,66.23987064661527,3.052962132647097,0.25885139575063976,0.5808134485891311
0960.HK,Longfor Group Holdings Ltd,small,Real Estate Management & Development,Real Estate Management & Development,Real Estate,China (Mainland),2022,19545613852.0519,10452851736.9367,20602615409.1515,48036927738.7925,597354288.696862,114071567592.646,48697345879.4873,31566431595.43,789708577.393725,29629809052.949,29414194834.2707,90185916.5534697,-519102350.53289,6611826131.68996,1935786502.09231,3627814750.96642,,37312292705.3039,1806611255.46364,-580759449.030401,-2042242605.46386,239083738.900003,80263777474.9173,7898097871.0332,9.722840618825684,21.167549079369476,3.1802970955229504,17.608515612804077,0.2308659766007106,0.6084481303411222,70.36264966704269,3.895805259717892,0.32709546728197464,0.6123246472841579
0960.HK,Longfor Group Holdings Ltd,small,Real Estate Management & Development,Real Estate Management & Development,Real Estate,China (Mainland),2021,28595805543.1771,13870098864.9423,19670541238.3306,65166246595.6141,841518238.063003,137852223201.776,70298469639.9616,32623949559.988,585408919.884763,31146436454.0861,25864981248.779,75750259.0144776,160038691.020849,6929122331.36664,2455514244.47462,3698126079.24605,,34630734929.5084,2524659291.12879,6222996526.32449,-7742203585.98504,3239837361.03437,102922419199.9496,8765753680.7294,10.678739815293163,25.31206368727744,2.68267423865414,18.80032701916596,0.2056304761520689,0.44305995014691923,74.66141409217666,5.232312520175699,0.2512163686966366,0.39690764160905034
0960.HK,Longfor Group Holdings Ltd,small,Real Estate Management & Development,Real Estate Management & Development,Real Estate,China (Mainland),2020,35480633833.4429,11801659770.1149,16604433716.4751,58509659616.8582,664806130.268199,117265720306.513,61227312643.6782,26502139003.8314,403159540.229885,27167503448.2759,18930152473.0643,37437143.5069359,290896856.475781,6539516329.11647,2542468595.29022,2901093618.19615,,26766739001.7239,1788078157.80243,4257519405.38288,-6124535580.79619,4220066017.39643,87729451647.5096,7836586528.6596,10.838427564931635,29.27733007803038,2.4739485764579587,17.471801012506997,0.1993361913721841,0.44371543148368087,74.81252954247795,5.283495549773762,0.22825714907783892,0.3235389266836551
601318.SS,Ping An Insurance Group Co of China Ltd,large,Insurance,Insurance,Financials,China (Mainland),2018,154148178364.349,68949021889.3172,80940731583.1576,,6598938259.03571,1038900443604.1,,,,,,1288111663.27416,-2903134468.07987,24703973900.8866,6465390844.02767,16262882929.6224,,151962047324.788,22952069358.265,4733927711.36751,-36404788380.6693,31231446064.0565,0.0,151962047324.788,10.701937237568135,100.0,1.5653937804862266,20.092334985771775,,,0.0,0.0,0.1462720015765987,
0960.HK,Longfor Group Holdings Ltd,small,Real Estate Management & Development,Real Estate Management & Development,Real Estate,China (Mainland),2019,28033830177.4711,8730841879.97357,13495979631.7044,48431973627.5101,361595133.442501,93689110287.5693,47964632709.9313,21782715964.2621,448098480.278089,23175214025.1085,14516730588.8139,20613082.0988204,-74259438.9757022,6460978612.13766,2811068897.57941,2655780714.80908,,21873934569.7959,1528793571.23193,3338915065.13045,-5207254202.62532,4142150769.73292,69747348674.1934,7357203980.982,12.141303185921801,33.63457066906024,2.8346738555392705,19.678310039607574,0.19136892834688832,0.48317296965999623,74.44552356203505,5.168009331486005,0.23347360757996374,0.29973444197137106
0960.HK,Longfor Group Holdings Ltd,small,Real Estate Management & Development,Real Estate Management & Development,Real Estate,China (Mainland),2018,17743757333.461,6557059995.63668,11877162679.0779,35981196712.9663,549785324.703658,73723222020.2167,36338256708.603,16903818049.5964,372438222.674715,17771183477.5653,11548612283.7453,33718484.2760323,-49182032.3672364,5578187923.50979,2512372386.9749,2458551971.56064,,17533954027.8813,1300673591.0758,9267983252.99614,-17645750370.2282,11170050393.1945,53242074758.1994,5985341744.136,14.021663155105905,34.13572166676448,3.3348406434087283,20.699825690621196,0.19069429427721699,0.48904887265431235,72.21886577827422,4.482726741798987,0.23783488495759264,0.3209624286782992
0960.HK,Longfor Group Holdings Ltd,small,Real Estate Management & Development,Real Estate Management & Development,Real Estate,China (Mainland),2017,14805350873.704,4094824093.57085,10845897668.4137,25052573044.5876,199423635.553233,55755783471.4046,27280354272.0133,12156065659.4378,346315263.667522,8633795705.70063,7054252919.04851,4247873.65266967,67798651.8757151,3655322894.40963,1491886188.67052,1865557508.86824,,10672627590.1623,749878008.076997,7707649540.13391,-16469126981.9124,10151035734.7452,39436419931.4511,3618374671.11379,17.479833275433066,33.9033161285333,3.345944389473114,17.200581878079742,0.16279624937988807,0.3164840023561561,70.73063541771735,3.6360678605977474,0.19141740866462684,0.2815779802934263
0960.HK,Longfor Group Holdings Ltd,small,Real Estate Management & Development,Real Estate Management & Development,Real Estate,China (Mainland),2016,7412557753.08546,2485683998.27164,8895967017.13957,14476723318.4502,28610398.9629843,32382309376.3503,13173328820.3946,8390144318.01815,379206971.049978,6773181621.77733,5854132801.4911,6967427.91390975,-32104696.7556189,2187473965.34173,907014960.710072,1378716684.18342,,8254492079.3678,519683961.556853,1432915154.35321,-6064227075.82876,4531660605.7102,21563473138.41275,2400359277.8767,16.702622898258497,29.079430385261695,4.257623099575273,15.498221627025949,0.21747661569688212,0.5141587000615417,66.59028819655819,2.4239605539079796,0.2549074552847143,0.4043824470990727
0960.HK,Longfor Group Holdings Ltd,small,Real Estate Management & Development,Real Estate Management & Development,Real Estate,China (Mainland),2015,8701992603.16641,2760226120.9778,8491035104.20357,12636295651.6381,32096548.1123211,28355787187.5048,10943540918.963,7790143405.06154,318999091.203155,7567774988.06242,5477438303.5432,5279357.79864748,-91885404.5423264,2179307883.37408,728143532.929064,1430800362.75727,,7549255443.90548,390487976.566545,858494194.485103,-2844801625.61303,1847045823.62162,18733684324.02454,2071817140.36228,18.95286725146327,27.443993063380304,5.045884825189277,16.85071778879984,0.28137375598836245,0.691528915924183,66.0665288540453,2.206289821455366,0.2662333228129219,0.4334686726669881
2222.SE,Saudi Arabian Oil Co,large,Energy,"Oil, Gas & Consumable Fuels",Energy,Saudi Arabia,2024,1806787330316.74,44485227575.193,388136545115.784,22285866382.7522,397742347617.78,645097151982.965,79654777748.2034,125901517167.953,44685653446.8991,70836571732.7655,245916287688.162,27302798824.2639,2712422721.93024,208425045964.102,102160815198.478,104981713507.303,1550108140.97929,480190772831.968,27612767147.503,-126130988129.55,-6945369333.86853,137785583863.515,205556294916.1564,234274485143.806,21.862501207210617,48.78779401822973,16.273783442478326,27.04762404580743,1.119466823496389,0.8892947006479245,31.86439349240601,0.5295978889461116,0.7443696989762069,11.034629906894043
2222.SE,Saudi Arabian Oil Co,large,Energy,"Oil, Gas & Consumable Fuels",Energy,Saudi Arabia,2023,2129713584724.51,43128700197.3439,409250360019.201,22921489146.0878,369277561469.945,660819243692.997,84688783401.7814,112881220331.751,43714064750.12,110450957384.394,238905154031.288,25767835636.1444,4709295018.23994,236735508828.444,115121017253.877,120692145782.474,1385384705.63755,494860643093.803,24392314165.8558,-132358487182.805,-21341375555.8844,146482640202.528,197570003733.5324,255955489062.515,24.38911791972842,51.72274106550791,18.26401802525973,29.491029837288703,1.025434082993772,1.304198182425073,29.897737636908065,0.48276073287818955,0.74885931034373,10.422758857797156
2222.SE,Saudi Arabian Oil Co,large,Energy,"Oil, Gas & Consumable Fuels",Energy,Saudi Arabia,2022,1878941066914.99,51454085706.6809,385657705616.183,26757519297.3117,346890071865.85,663541123236.625,88204950758.584,131858131487.889,43769496939.0471,140123768964.599,273172571578.371,24370127387.0081,173661395.64931,307093543022.424,145688060654.413,159069310433.593,1177008753.64157,603652604665.513,25720531184.4652,-99305552313.3532,-105301931148.097,185022100417.148,220063082246.473,330480033087.142,26.351134610234,54.7467252742598,23.97278855267986,41.246241969790454,1.0795718587991043,1.5886156928777868,33.16495007469137,0.5706176203451403,0.9097440739181508,10.209188996298934
2222.SE,Saudi Arabian Oil Co,large,Energy,"Oil, Gas & Consumable Fuels",Energy,Saudi Arabia,2021,1907400500825.82,68796952421.5462,296568011082.104,19900634024.1888,331481698545.474,576133518035.058,80938782034.2054,154028983962.918,37394906494.752,81893814268.2082,175716326317.7,22764474190.4685,-2741943202.5249,205171419209.467,94692224629.787,105369912433.63,1032627968.0454,400402094509.664,18837928338.3114,-75981741726.2099,-36618432839.4763,137221939338.495,234967765997.1234,224685768191.964,26.316024286203334,56.115033181111656,18.28914811153518,35.52976332449377,1.3120021854470287,1.0117994391563638,40.783561213118915,0.7922896509970296,0.6949814270054313,8.82968482833866
2222.SE,Saudi Arabian Oil Co,large,Energy,"Oil, Gas & Consumable Fuels",Energy,Saudi Arabia,2020,1865920298547.24,49764094362.2551,264120485139.278,13860855657.7369,322393709182.994,510265493802.479,64830334532.8535,151927495668.399,22706384113.0215,41494868719.179,111910331070.303,19846835352.0321,-1975168823.69251,99257896909.3049,50076166547.5085,49286205625.4433,754247439.083767,229763225797.584,15216342416.8231,-60599650693.1701,-6657366353.66552,75126243155.0997,216757830201.2525,117852894727.281,21.450867715821193,51.29319294598807,9.658933677479222,18.660500945033977,1.1178482881119698,0.6400532870634966,42.4794215626813,0.8206778436248522,0.4502817231190712,8.07384001635112
2222.SE,Saudi Arabian Oil Co,large,Energy,"Oil, Gas & Consumable Fuels",Energy,Saudi Arabia,2019,1879599018875.97,46061373573.6376,275958462194.732,11359443318.7587,261814546230.138,398348618961.288,57473339021.0089,61938786392.2363,24934947211.2616,51355710781.6999,137542689150.672,13403203430.7066,345305941.247862,177783496967.985,89605691849.0052,88210602517.2609,573287856.125795,329783172622.577,12289158471.2212,-63759208839.7096,-48586545774.9328,110893603142.8,119412125413.2452,192240483471.905,26.748060495559074,58.292993527573394,22.14407137830025,31.965173967020615,1.2352913889159474,0.8935571111142029,29.97678910613967,0.4327177520252349,0.8278757774597073,12.108224434161967
2222.SE,Saudi Arabian Oil Co,large,Energy,"Oil, Gas & Consumable Fuels",Energy,Saudi Arabia,2018,,48444906555.7599,271076808232.691,11618544882.5615,232964621824.096,359085019595.297,49171132261.5906,35730358047.402,25012130422.032,53039803780.426,135242405990.92,11021140082.5065,238372749.643412,212747945692.93,101689175071.035,110972913770.234,591132422.773427,359163474391.968,11000609096.2396,-58083493329.7779,-35806573321.7156,121062960293.731,84901490308.9926,223921068401.048,30.897605598147564,62.34516713597522,30.90435627064166,40.93781186731969,1.4939057450823015,1.0786776984970379,23.643840783076925,0.31320086311520084,1.0002184852956535,11.640218922242832
2222.SE,Saudi Arabian Oil Co,large,Energy,"Oil, Gas & Consumable Fuels",Energy,Saudi Arabia,2017,,20683448441.3749,216996346764.086,9069891469.56081,200297058745.1,294006293165.516,39745606783.8191,33916162235.6737,23170582117.8102,27773392709.5277,96300065467.7287,9913394975.57013,-195201213.775853,155051097452.738,79152225507.8346,75519936255.3197,507203153.827422,264177376008.16,12358476845.9401,-48004565162.6694,-31983398875.1837,88832552367.503,73661769019.4928,167877310540.4313,28.586829575060587,63.54719434235195,25.686503320119215,34.80239984750685,1.103367997316337,0.6987789332438767,25.054487176580135,0.33946087165963384,0.8985432698185025,10.617554332476685
2222.SE,Saudi Arabian Oil Co,large,Energy,"Oil, Gas & Consumable Fuels",Energy,Saudi Arabia,2016,,12219852294.2384,193187938251.526,5613885408.05716,169399312128.403,250807315967.686,26535846641.9602,28215799717.3861,17398885541.3656,13937664969.2057,36058386319.4948,8964261776.65065,-97869524.6773996,81329308332.4649,68069987797.0835,12893443184.2714,505881439.545033,134562862872.254,13340122894.9925,837891134.976539,-31413717351.3578,29117650301.0243,54751646359.3463,98504476552.7592,9.581724785769213,73.20331512734944,5.140776350372726,6.674041506403185,1.116178361868015,0.5252391286874021,21.830163186468013,0.28341130846409773,0.5365188904202104,6.4230713130950425
2330.TW,Taiwan Semiconductor Manufacturing Co Ltd,large,Semiconductors & Semiconductor Equipment,Semiconductors & Semiconductor Equipment,Information Technology,Taiwan,2025,1282845977325.82,88336769540.1015,172967669868.828,9195097820.18958,117825966233.683,253184310471.388,46533016308.6841,32368748603.7086,8993425461.973,75291609485.2073,49121860945.0783,22124257755.7107,3002048693.98339,65645314697.8003,10490386633.4417,55234860086.6065,7923334049.27005,122471998821.997,11113605614.6288,-13543301159.7647,-40103914761.6941,75840312961.0121,78901764912.3927,73350137876.9187,45.09999070635389,59.891353601182836,21.81606750582932,31.933632527104333,2.0916373517766247,1.6180255538508086,31.16376554514395,0.45616481376102685,0.48372665191604514,5.342179268307722
2330.TW,Taiwan Semiconductor Manufacturing Co Ltd,large,Semiconductors & Semiconductor Equipment,Semiconductors & Semiconductor Equipment,Information Technology,Taiwan,2024,850318384479.182,64896356351.9903,130808149062.071,8780503583.95608,99896552112.2465,204115845661.126,38570229190.1784,33668969681.2567,8299152295.25698,55629926978.8013,39578941570.1471,20656003116.628,2681515011.40198,43812846494.0624,7274106269.56248,36564792351.1365,6363309874.44859,90200863574.1256,9382831831.91506,-10208058990.768,-29351701226.5012,58727225664.6674,72239198871.4351,50621922003.9785,40.53707570226104,56.12132744425249,17.913745124835398,27.952992694503916,1.8977203450449274,1.4423022146046003,35.39127432142967,0.5522530468431,0.44191014804346673,4.507593578398689
2330.TW,Taiwan Semiconductor Manufacturing Co Ltd,large,Semiconductors & Semiconductor Equipment,Semiconductors & Semiconductor Equipment,Information Technology,Taiwan,2023,501196730925.493,47761806694.4789,112734294602.699,8180597353.49716,101196134997.719,180313252558.503,29775872368.1637,37009486083.0454,6581655856.85418,41732924646.3725,31695800404.027,17096754657.3829,1450483533.52427,31456101999.1035,4542629534.82239,26936928603.1032,5858683285.04465,69446256689.6145,8154465991.39525,-6024613332.12564,-30919018463.5307,41150510678.459,66785358451.2091,37750456285.5875,38.788164959698314,54.35923847459582,14.938962178813483,23.894174082549586,1.8250838087765648,1.4015684958064656,37.038519079201045,0.592413858503091,0.3851422771439527,3.8745092851290646
2330.TW,Taiwan Semiconductor Manufacturing Co Ltd,large,Semiconductors & Semiconductor Equipment,Semiconductors & Semiconductor Equipment,Information Technology,Taiwan,2022,380343906708.081,43915821794.159,96335585407.3323,7232532557.1508,89470880269.4836,162369718350.394,30880296203.0284,34668646171.9593,7565812375.31478,36258296333.8457,30799703581.2314,14709594201.0914,496805440.295621,38491518984.9624,4282147362.58175,34196915568.9061,5492275264.86443,76159169336.933,7626628939.1821,-6325328549.36526,-40681134273.2613,54388165333.067,65548942374.9877,45359465755.7016,44.901901985848575,59.558771649712256,21.06114115139938,35.497698409484414,1.6671353743175892,1.1741563648048778,40.37017680447842,0.680422941302837,0.4690478625613025,4.2584949791590985
2330.TW,Taiwan Semiconductor Manufacturing Co Ltd,large,Semiconductors & Semiconductor Equipment,Semiconductors & Semiconductor Equipment,Information Technology,Taiwan,2021,575253732835.653,38430650692.8407,78243596745.0924,6968184216.22402,72454288431.0046,134436469940.82,26685311706.1201,29419272950.3464,7155796514.1455,31306637882.5058,27507404262.7547,15128389468.8702,503226738.707112,23750366970.5996,2365744250.31046,21365528591.2787,4467468931.17233,56854461763.069,6060846474.47959,5030038250.54211,-30182618234.7683,39923113797.8416,56104584656.4665,29347057500.3143,37.579334899547185,51.61786180056196,15.892658146025386,27.30642439774957,1.7082973475828371,1.1731786470129868,41.73315818331453,0.717050173949033,0.42290951099874,3.9475713341087086
2330.TW,Taiwan Semiconductor Manufacturing Co Ltd,large,Semiconductors & Semiconductor Equipment,Semiconductors & Semiconductor Equipment,Information Technology,Taiwan,2020,489513860827.782,23514537738.2013,65882716153.1612,4892374247.5512,56395992947.4622,98333442742.6536,21982227889.5815,10434135636.6874,5201724060.55209,16920187355.2983,21343944436.7191,11271799932.7887,172379680.563581,19870367075.6313,2263675767.08013,17597425301.0272,3720269621.50821,45507050569.8858,4928931863.16589,-2950565300.68717,-17543280107.5285,28250298881.1575,32416363526.2689,24163106133.1667,38.669667844112624,53.09749990511709,17.895666835423484,26.71023043451562,1.3063399189107439,0.7697212239036809,32.96575673761885,0.49203137664981483,0.46278305020786625,4.362696587940399
2330.TW,Taiwan Semiconductor Manufacturing Co Ltd,large,Semiconductors & Semiconductor Equipment,Semiconductors & Semiconductor Equipment,Information Technology,Taiwan,2019,286969003697.816,15226163897.1547,54211445518.0715,2774455715.67087,45792564345.1804,75723194757.4309,19751101708.5158,1737734628.37273,4673197331.90679,7752790564.71296,18694767453.9148,9290024116.33434,517759443.792631,12624160046.074,1441069950.73216,11180494930.7552,2960366007.08591,34648785800.8443,3869855119.69078,-8615068894.71914,-15413960778.5558,20360059709.1267,21488836336.88853,15954018346.9295,32.268071369135136,46.04495649178201,14.764954075921409,20.623864248423626,1.0075063924399603,0.39252446162890753,28.378142794589078,0.39638928885829433,0.4575716319396856,6.738174752014148
2330.TW,Taiwan Semiconductor Manufacturing Co Ltd,large,Semiconductors & Semiconductor Equipment,Semiconductors & Semiconductor Equipment,Information Technology,Taiwan,2018,191300817682.359,18905689919.1833,54864302097.3072,3377645388.21451,35076735889.8014,68387528645.7481,11142315414.0628,2358703530.41259,4227261819.84753,19995979943.0684,17715262424.2295,9713936605.09926,439984100.410904,13199242199.4736,1538240049.51836,11659224963.5357,2852143767.39901,34249856087.8552,3723892555.74157,-8031953546.12585,-10927284284.991,19442719699.767,13501018944.47539,16534593663.6257,34.04167577705529,48.27638872762672,17.048759027294658,21.251022099683187,2.0761350652337986,1.7945982679534742,19.74193133138581,0.24608020932317728,0.5008202045912744,5.244855628137487
2330.TW,Taiwan Semiconductor Manufacturing Co Ltd,large,Semiconductors & Semiconductor Equipment,Semiconductors & Semiconductor Equipment,Information Technology,Taiwan,2017,200627817244.656,18656587418.2456,51313381869.0581,2490754062.43679,35821668194.997,67151966927.3818,12093138695.9746,3721776009.70939,4123706156.02454,16805894073.225,15877726778.7281,8557362788.31606,159879083.102847,13030748416.9511,1742974089.32748,11286610769.9344,2655684668.44033,32153009528.9302,3549412401.88273,-6980784488.04912,-11376258133.288,19457561714.164,15814914705.68399,16275282750.2021,35.10281287908395,50.61822513241924,16.80756541672078,21.995452957545584,1.8837370633856152,1.3897048976060382,23.55093295001508,0.30820254151325704,0.4788096462416431,6.37466661931061
2330.TW,Taiwan Semiconductor Manufacturing Co Ltd,large,Semiconductors & Semiconductor Equipment,Semiconductors & Semiconductor Equipment,Information Technology,Taiwan,2016,145083512226.856,16685281081.4143,42826482351.4905,1500731619.34708,30758583402.6943,58153928974.3827,9810390979.99322,5492305650.60575,3986091741.42236,15397819075.8038,14684496829.6789,6947351121.76274,126741626.087301,11979691959.0145,1602255148.43539,10374610547.279,2210197215.69921,29422809616.0231,3007781966.31825,-4795415975.67215,-12475409000.5426,16854741851.2942,15302696630.59897,14738312786.3442,35.260434617464895,50.09145278334669,17.83991336483749,24.224755286066426,2.1070896017286915,1.569541836528766,26.31412339713098,0.3573185512880767,0.5059470638515946,9.784892008917392
2330.TW,Taiwan Semiconductor Manufacturing Co Ltd,large,Semiconductors & Semiconductor Equipment,Semiconductors & Semiconductor Equipment,Information Technology,Taiwan,2015,112998458189.669,17147308547.9202,37229063507.5423,2043342069.17568,26008544628.9807,50510994910.8639,6467426298.94865,6785166082.58418,2607508669.81563,16288752003.6569,13651887327.7466,7012982069.63318,904812156.870375,11044899597.6549,1382791309.00138,9662665215.807,2065849225.05313,26585545450.176,2788307641.24921,-3579771758.66185,-6981428001.74265,16735607853.0164,13252592381.53283,12933658122.4294,36.34555940902477,48.64921107851025,19.12982556146158,25.95462873743634,3.0545098319786326,2.5185833205868633,26.237044835326465,0.3559743687575693,0.5263318510572038,6.681156098965853
2503.T,Kirin Holdings Co Ltd,small,"Food, Beverage & Tobacco",Beverages,Consumer Staples,Japan,2025,13722565381.4183,799821257.580594,8215716565.59208,2224181295.88254,4717440153.20779,22304774976.0613,4972684328.12001,7149211618.25726,3419808490.26492,1863645068.62432,8530103215.17535,681212373.342122,-51152795.5947035,1590893411.00426,399203158.71672,986818222.755458,,16275277215.8361,6061138090.77419,-739227455.584337,-1237478960.26889,1975937251.17051,12121895946.37727,7745174000.66075,6.063295940638531,47.58858419397351,4.424246484506412,12.011346969883462,0.8485617564710369,0.3747764679301282,54.34664083985223,1.4754520618620788,0.729676817331877,3.8351654296196496
2503.T,Kirin Holdings Co Ltd,small,"Food, Beverage & Tobacco",Beverages,Consumer Staples,Japan,2024,11941503538.8637,754657081.053569,7517018704.66981,2283910166.68787,4288255503.24469,21339604275.3531,4733840183.22942,6848072273.82619,3062380710.014,1890367731.26352,8409624632.14215,632498044.623779,44829565.3826302,923430886.750181,356296899.569158,384742491.402689,766907431.500759,15454634121.6662,5650699634.05556,384154280.976763,-2176874258.86832,1604981715.43262,11581912457.05561,7045009489.52405,2.489495955541968,45.585093985806445,1.8029504504310814,5.11828567306444,0.8063300921290483,0.3993307036347631,54.274260701415784,1.5407587651552017,0.7242230887812692,3.682117079209731
2503.T,Kirin Holdings Co Ltd,small,"Food, Beverage & Tobacco",Beverages,Consumer Staples,Japan,2023,13386672338.0121,931511413.582873,8029072735.00638,2346405784.77244,4203374450.5884,20343010066.6383,4769644123.0682,5465340989.64979,3004203884.87169,2020523181.62484,8350882670.9409,622090397.384433,127845649.437827,1405325079.55341,332422936.84852,803738767.973603,607498620.14747,15222183378.364,5436307107.19234,256097814.663781,-1612448439.53184,1449235916.52701,10234985112.71799,6871300707.4231,5.280049175573554,45.14004684235772,3.950933344381034,10.010356046089104,0.825159109758237,0.42362137079633627,50.312048606331594,1.2747406145785598,0.7482758612663597,3.5590104342292133
2503.T,Kirin Holdings Co Ltd,small,"Food, Beverage & Tobacco",Beverages,Consumer Staples,Japan,2022,14019174738.7689,671649759.743727,7474807413.62215,2213187399.89322,4276119289.14652,19390305850.0496,4825680726.10785,5006216154.37419,2969018381.51171,1939791015.17809,8300342429.49233,658188269.217408,407812036.247287,1465808818.92425,364677260.801821,850188568.514706,623179558.535372,15237083706.6655,5527026047.62436,-1285427030.69775,-79644625.3297939,1038252206.84273,9831896880.48204,6936741277.17317,5.579732873310848,45.52538668629008,4.384606282590077,11.374053155741718,0.754436181730534,0.4019725144026732,50.705218146194895,1.3153378189469218,0.7858093536274222,3.7504019903117096
2503.T,Kirin Holdings Co Ltd,small,"Food, Beverage & Tobacco",Beverages,Consumer Staples,Japan,2021,14671979836.6069,1298992005.56135,7770064303.0935,2148322905.80466,4639025026.06882,21480126868.2655,5204666319.08238,6299878345.49878,3236678832.11679,1978336809.17623,9102073223.32136,739391706.859187,-15228935.5622051,907876046.618903,284282577.493635,544906078.554305,769238962.37458,16601180222.6487,6126251723.27474,-1644679472.38912,-514083660.797646,1998654252.30297,11504544664.58116,7499106999.32734,3.2823333717617205,45.17213173251646,2.536791714016099,7.012890206550302,0.8714623684996988,0.3801082889642433,53.55901636492588,1.4806241255945396,0.7728622984613326,4.23682734040028
2503.T,Kirin Holdings Co Ltd,small,"Food, Beverage & Tobacco",Beverages,Consumer Staples,Japan,2020,21563206358.4375,1565933746.60984,8122665633.4754,2103603254.5525,5055395195.6606,23821803564.5099,7143306857.80705,6063047268.50058,3461197210.38357,1250164664.85858,9798559237.41792,769416790.91824,-29245878.0944333,1167117627.89544,231540019.812673,674079538.841096,739571189.594699,17331485934.0496,6148962268.03665,-491716823.815218,-1086820309.92325,1544652771.29391,13206354126.30763,7532926696.63168,3.8893349445404044,43.463824886661456,2.829674659249354,8.298747840401763,0.7037540255601882,0.17501203430624743,55.43809514902837,1.625864552626808,0.727547176984967,4.657988247647188
2503.T,Kirin Holdings Co Ltd,small,"Food, Beverage & Tobacco",Beverages,Consumer Staples,Japan,2019,20066691162.9616,1525375195.65418,8347076696.43679,2018230365.52804,5167599668.53881,22215946966.2094,6789153853.23635,4867682533.83666,3506260933.61569,688417272.810975,10035749317.6421,740847196.878738,-42675720.0515601,1071921230.6135,324678639.867653,547251192.284486,711714663.839885,17812640016.0597,6131127383.9459,-91728482.7683178,-1611409864.48827,1640836016.75775,11656836387.07301,7776890698.4176,3.072263245600258,43.659394067392775,2.463325975331408,6.556201795990412,0.7411286057203311,0.10139956873754018,52.47058072655257,1.3965172252519369,0.8017952168841977,4.972548966191178
2503.T,Kirin Holdings Co Ltd,small,"Food, Beverage & Tobacco",Beverages,Consumer Staples,Japan,2018,19053410121.5309,1579974443.22746,8361445783.13253,1869633077.76561,4810505658.99963,21026140927.3457,5384711573.567,4680129609.34648,3561007667.03176,2207092004.38116,9940298810.4153,615596496.543762,-27796339.0250531,2236499961.21656,467871819.945492,1487683983.24373,599831949.639071,17490692310.0794,5818340919.22882,-2053912079.73941,429330220.788851,1794376901.2154,10064841182.91348,7550393499.6641,8.505575176040454,43.16806542479178,7.075401940776073,17.79218596674778,0.9547367653814137,0.4098811931200827,47.868228495622695,1.203720199109249,0.831854612337909,5.316711032035712
2503.T,Kirin Holdings Co Ltd,small,"Food, Beverage & Tobacco",Beverages,Consumer Staples,Japan,2017,23042664418.2124,1428179639.65563,8501180438.44857,1731925090.97364,4892109700.89642,21288470755.3031,5440312416.7924,4938963344.27976,3388630513.89012,2301065057.24683,9377040027.89553,614995064.117448,-55798351.1416231,2084842277.16385,463389472.166707,2158713763.30354,571649870.16107,16625589284.2809,5560075985.82039,-1625003203.6789,563906789.618955,1977786160.12938,10379275761.07216,7248549256.38537,12.984284204257063,43.598750892028235,10.14029513024457,25.393106039018463,0.885392195249282,0.4229656095014364,48.75538445374999,1.2209217103697112,0.7809668188655287,5.414229562679307
2503.T,Kirin Holdings Co Ltd,small,"Food, Beverage & Tobacco",Beverages,Consumer Staples,Japan,2016,14870976298.4512,568999743.304526,6041961153.41833,1755711474.28767,5460725592.53872,20730940361.085,5865183537.26363,6658449559.33944,3439265850.94549,710592966.544023,9835150547.81574,660338057.644293,-49478098.4056312,1919291028.92854,461503597.335119,1373123268.42523,587854395.406748,17094535468.4757,5598825804.00538,-1450143498.76109,-762143440.517304,2141619748.41355,12523633096.60307,7259384920.65996,8.032527534646542,42.466114004952665,6.623545504972764,22.72644979930672,0.6833998576146947,0.12115442970017377,60.410347425009995,2.072776169624599,0.8245904513123118,5.601803423769314
2503.T,Kirin Holdings Co Ltd,small,"Food, Beverage & Tobacco",Beverages,Consumer Staples,Japan,2015,12497427172.3794,552493765.586035,5521803823.7739,1892984206.15129,5916566916.04323,20313990024.9377,5535436408.97756,6980689941.81214,3268603491.27182,964422277.639235,10154701305.4739,1007614233.60608,-79087874.7405,143977947.098118,379431723.402359,-391125489.625746,506897907.310141,18155708381.8467,6970038366.90292,-646429743.99965,-583936273.906896,1413259827.29861,12516126350.7897,8001007076.3728,-2.154283828533067,44.068823469167114,-1.9253996341713058,-7.083292020295455,0.6902973811894341,0.17422696358232967,61.61333315328378,2.266673491170047,0.8937539281824266,5.364387760064767
3287.T,Hoshino Resorts REIT Inc,small,Equity Real Estate Investment Trusts (REITs),Hotel & Resort REITs,Real Estate,Japan,2025,980644967.956934,86859883.1168831,947306279.220779,,1177159103.8961,1629318266.23377,99047311.6883117,582964675.324675,3291896.1038961,-1792396.1038961,56807466.3964507,27389859.7186195,-10366045.2120925,42559204.548582,11151.0770129856,42548053.471569,,109427488.930737,598278.066399229,-15409736.3171078,-97432676.1296982,121209854.950846,682011987.0129867,52620022.5342863,38.882417834242844,48.086658159169275,2.611402225908902,4.491478036709261,0.9101890569677901,-0.018096362973853593,41.85873325961556,0.7199487662786168,0.067161518531111,
3287.T,Hoshino Resorts REIT Inc,small,Equity Real Estate Investment Trusts (REITs),Hotel & Resort REITs,Real Estate,Japan,2024,834504339.730918,79722265.3423666,953362763.928172,,1173573742.0246,1636884305.72913,102677478.129317,580844063.671644,2078096.42833651,-2688344.4057094,51649279.8785187,22815975.6175672,-8993621.46483182,33804419.5903263,6688.13380917089,33797731.4565172,,94373997.9368267,536396.325280935,167888146.181048,-217990855.069587,54943811.9593939,683521541.800961,42724718.058308,35.81254603534033,45.271705122535586,2.0647599429125454,3.5451071444472295,0.7966728756980159,-0.02618241560552908,41.75747420930245,0.7169585048451281,0.057654653787390896,
3287.T,Hoshino Resorts REIT Inc,small,Equity Real Estate Investment Trusts (REITs),Hotel & Resort REITs,Real Estate,Japan,2023,1025420586.98426,77511762.3788488,832447135.227797,,1162741801.27909,1424451803.25707,106360011.867871,485644656.161403,1709138.26069757,-22119680.8861344,52252487.1174586,22601856.1629785,-7658090.6169144,32595947.9304684,21995.3491739042,32573952.5812945,,91483136.9481204,565598.80855437,40332412.2833718,-92800610.8294838,57663962.3986624,592004668.029274,39230649.8306618,35.60651030120121,42.88293027479949,2.286771128852009,3.91303557941619,0.7448372677690275,-0.20796989862706347,41.56017540752379,0.711161878005951,0.06422339930276355,
3287.T,Hoshino Resorts REIT Inc,small,Equity Real Estate Investment Trusts (REITs),Hotel & Resort REITs,Real Estate,Japan,2022,1381974082.83121,75359451.2810168,846212352.901621,,1174220139.86954,1384995595.45424,99508029.0498285,439275213.502791,1032802.09804317,-17306482.4154394,52118872.3700947,22967672.350048,-6995969.76329437,29536755.1592379,35869.4605193774,29500885.6987186,,89621917.2608151,582500.722682919,174041741.523542,-210457635.393692,55260549.4579246,538783242.5526195,37503044.8907204,32.917043732579366,41.84584088017235,2.130034622170992,3.486227256971787,0.7676993917828144,-0.17392046230534025,38.90144086529846,0.63669980792074,0.06470917131792149,
3287.T,Hoshino Resorts REIT Inc,small,Equity Real Estate Investment Trusts (REITs),Hotel & Resort REITs,Real Estate,Japan,2021,1386787893.27307,77425701.754386,931207964.912281,,1373280263.15789,1576452289.47368,107334157.894737,537910166.666667,743859.649122807,-21409385.9649123,52679158.2770928,24823046.7138991,-7588116.66009805,26639523.1490137,21956.9397325073,26617566.2092811,,87271683.0075494,703861.949200096,-15780174.0758979,-51176907.5787316,45996180.1401524,645244324.561404,34592524.7304566,30.49965955965185,39.63774220724515,1.688447305827932,2.858391166337205,0.7282822443175078,-0.19946479652738844,40.930152397877364,0.692911088472257,0.055359545982001296,
3287.T,Hoshino Resorts REIT Inc,small,Equity Real Estate Investment Trusts (REITs),Hotel & Resort REITs,Real Estate,Japan,2020,1081676708.34544,106776165.902141,1009090261.85015,,1548202207.56881,1708846215.59633,113641274.847095,586114678.899083,1051213.68501529,-2951930.42813456,50839277.6261922,24318855.7737272,-7966019.82447878,53981173.7493715,16353.9702212024,53964819.7791503,,113239027.115044,679754.306300608,2061204.57309286,-75186862.0912119,74095766.850007,699755953.746178,62399749.4888518,47.655672389630574,55.10445566214326,3.157968182661679,5.347868453334066,0.9488399327818053,-0.025975865125645585,40.94903024974583,0.6934522908418393,0.06626636503714138,
3287.T,Hoshino Resorts REIT Inc,small,Equity Real Estate Investment Trusts (REITs),Hotel & Resort REITs,Real Estate,Japan,2019,1143345416.13081,102469126.087762,978160303.647473,,1448269635.25273,1601227967.04314,102545065.728569,520522597.667099,958424.365858175,3453610.44251065,48971181.0545083,22629199.830755,-7261365.86018716,52952486.5630891,15923.2875145793,52936563.2755746,,109602378.73725,645262.71061229,30585760.9111704,-107211211.957775,75555022.8717137,623067663.395668,60631197.6827417,48.2987357441206,55.319235203911944,3.305997919417329,5.411849476837165,1.0086058233887827,0.03367895293618673,38.911864907420856,0.6369790933779503,0.06844895354884663,
3287.T,Hoshino Resorts REIT Inc,small,Equity Real Estate Investment Trusts (REITs),Hotel & Resort REITs,Real Estate,Japan,2018,1046329040.44984,99052696.3605774,934889329.673249,,1305020809.35093,1449612521.03073,76971283.095723,437751908.261755,549428.849729921,25618684.1406181,45237146.5503623,20945356.8180984,-6725277.02019851,49509698.9262832,16287.1221291124,49493411.8041541,,102747083.489852,580919.433893203,273585044.586378,-326645607.890792,76762456.6628348,514723191.357478,57509936.9394897,48.17013789889462,55.972330295068446,3.414251124773839,5.294039650816469,1.2940166930365467,0.33283431313933276,35.50763972371666,0.5505712548215496,0.07087899835246655,
3287.T,Hoshino Resorts REIT Inc,small,Equity Real Estate Investment Trusts (REITs),Hotel & Resort REITs,Real Estate,Japan,2017,1032818727.25659,75422232.0014082,700550492.870973,,1012635266.6784,1117744772.04717,79289649.7095582,337904629.466643,350563.28111248,256064.073226545,39335735.8676186,17599291.47972,-5782359.91402056,35416569.4053597,15822.3889800481,35400747.0163797,,81321061.1350022,520719.107307824,151274289.392872,-213109837.412882,53399268.0862164,417194279.1762012,41985325.2673836,43.53207708100419,51.62909175236067,3.1671583622388666,5.053275584933432,0.9556454790767783,0.003229476661386701,37.324645984440814,0.5955234967667631,0.07275458867596507,
3287.T,Hoshino Resorts REIT Inc,small,Equity Real Estate Investment Trusts (REITs),Hotel & Resort REITs,Real Estate,Japan,2016,853457174.638487,90776452.628566,709926724.549184,,898175116.878161,1008585316.28661,21979009.6364851,276679582.100945,380040.072512165,71568581.2422479,31720464.2588254,14271551.9776351,-4469882.0991713,31108681.2263417,16317.4904385824,31092363.7359031,,68633448.8367192,406608.564029796,473507353.51486,-478754304.904934,52511568.0687931,298658591.7374301,36912984.5778938,45.302056450452696,53.78279134086759,3.082769819649801,4.379658161995141,4.147434038600111,3.25622411682482,29.611633930684768,0.42068932103814455,0.06804922471944418,
3287.T,Hoshino Resorts REIT Inc,small,Equity Real Estate Investment Trusts (REITs),Hotel & Resort REITs,Real Estate,Japan,2015,813163316.457797,35824094.1878783,306957474.504602,,357026540.087887,401395290.606086,34020039.797695,60417776.3037891,259903.822236962,7316864.27327751,13613260.0953947,6247330.34450428,-1447569.89326428,13668222.8966389,15087.3388170268,13653127.2452385,,29308040.9422034,289701.843037025,65169980.3036064,-82689098.8849365,24394938.4167099,94437816.1014841,15694780.8468087,46.584919381554705,53.55110864543768,3.401416898694299,4.447888837785512,1.060668894707175,0.2150751238619438,23.527385176564458,0.30765765275433377,0.07301540807304885,
600029.SS,China Southern Airlines Co Ltd,medium,Transportation,Passenger Airlines,Industrials,China (Mainland),2024,14421948487.8,2172126094.28301,4808132286.65763,274272875.481211,35386680914.6083,45173920786.9248,18960996259.9153,18957160275.6429,474429054.840875,-13803926403.9017,22179880409.117,3944544666.89434,-920009202.233117,219751404.854292,198346144.672406,-235735852.392713,75057405.8325854,24216299025.5118,1722428468.66185,-1604838532.85747,-2286748964.3661,4370703937.78824,37918156535.5582,2036418616.3948,-0.9734594544953626,8.409289190926486,-0.5218405847582411,-4.9028570417430135,0.13957890781925122,-0.7280169361714416,83.93815696098109,7.8862548438568405,0.5360681252294797,80.86793260253118
600029.SS,China Southern Airlines Co Ltd,medium,Transportation,Passenger Airlines,Industrials,China (Mainland),2023,12905320043.727,1378877962.18547,5227253515.17372,220490856.321677,35138493617.7407,43566457212.0939,19010679365.4372,17185184141.565,468032348.051509,-15102285215.1371,20858738445.7757,3837928729.81561,-902809276.99448,-232486108.430795,203089688.641369,-594853513.911986,71371115.3541347,22602596252.4186,1619488338.30303,-4664703036.39321,-2474811091.02228,5672095729.94622,36195863507.0022,1743857806.6429,-2.6317928580807766,7.715298663782033,-1.365393359887103,-11.37984817811571,0.09715119984585067,-0.7944106007381385,83.0819530052454,6.9244515120478685,0.5188073049498318,94.60137619196604
600029.SS,China Southern Airlines Co Ltd,medium,Transportation,Passenger Airlines,Industrials,China (Mainland),2022,17871012609.6748,2909296526.12654,5994461520.61706,201096096.966885,36336919329.583,45235892826.0743,20509482108.6818,16693875775.6771,385083802.1226,-15758133735.4289,15783987294.3629,3609789480.6609,-1374909709.78681,-4694617514.43073,323438090.50763,-4866760439.21288,57629162.5351993,12964178969.3848,1301644727.95911,44524856.8424408,-805170237.281196,515982036.652366,37203357884.3589,-2819808324.9781,-37.54005904042087,-21.750766721418618,-10.758625806115722,-81.1876166437032,0.16062718262664502,-0.7683340638210644,82.24300563139236,6.2062885475873815,0.28659054037532233,78.48977445326594
600029.SS,China Southern Airlines Co Ltd,medium,Transportation,Passenger Airlines,Industrials,China (Mainland),2021,16147850164.0025,3413516789.72308,10681349474.9768,260071472.426442,40208907290.5024,50841139150.832,17472961697.7063,20068953574.4085,455597361.502495,-11511783504.6677,16161646936.1206,3754607040.06839,-623390656.04571,-2155434044.01977,-448357567.093806,-1876373317.61284,58757786.2823487,15758249152.7257,1459797666.58205,-336113141.583462,-2348606080.18813,2072956095.99284,37541915272.1148,-403397783.3949,-11.90724489394359,-2.559914997441987,-3.69065947174422,-17.56681889314286,0.22143436345616663,-0.6588341292008251,73.84160917547112,3.514716502822443,0.30995074886058727,62.14309776206509
600029.SS,China Southern Airlines Co Ltd,medium,Transportation,Passenger Airlines,Industrials,China (Mainland),2020,12644759466.2557,3939616858.23755,10662835249.0421,269731800.766284,40418697318.0077,49979310344.8276,14663754789.272,22274636015.3257,389885057.471264,-8689042145.59387,13772852943.1539,3561892212.19657,-430768786.962449,-2202577373.33729,-488204625.224109,-1572523632.40635,52794558.4021318,13425047033.6806,1464613875.67233,3234246862.11301,-1124640125.9619,1312466920.27717,36938390804.5977,-347805909.4733,-11.713356597270916,-2.5907239550128103,-3.146349202413698,-14.747706362129325,0.29525193089537183,-0.5925523353643891,73.90736396669884,3.4642184692777724,0.26861209050416535,51.061287189817634
600029.SS,China Southern Airlines Co Ltd,medium,Transportation,Passenger Airlines,Industrials,China (Mainland),2019,11336554629.6578,271768795.42647,9205234278.4912,271912436.438852,39308655807.4061,44046941882.8464,13716280272.3434,19230658737.6828,459220316.584791,-11312017007.0959,19652390608.7278,3560192600.32676,-1076849273.15526,589479023.771609,141214262.45143,383957958.726913,50547464.200563,22351248625.6713,1835930247.00956,-4178059311.72963,-2118069101.63047,5521405244.28041,32946939010.0262,2698858016.9435,1.7178367309910463,12.074752789621579,0.8717017398123642,4.171082963353392,0.053293538590428124,-0.824714629804168,74.79960606040854,3.5791526878364714,0.5074415537205716,72.2747030849663
601318.SS,Ping An Insurance Group Co of China Ltd,large,Insurance,Insurance,Financials,China (Mainland),2017,194062340606.872,87361326714.1078,72752716597.7591,,6614665785.46947,997967354717.735,,,,,,1075924633.46805,-2184278044.08025,19951842157.0994,5147439046.05232,13191848850.3167,,133041797651.184,21323623853.28,26444705263.1147,-52532693977.6435,17959175243.7249,0.0,133041797651.184,9.915567200094353,100.0,1.3218717814720384,18.13244847371518,,,0.0,0.0,0.13331277523483073,
600029.SS,China Southern Airlines Co Ltd,medium,Transportation,Passenger Airlines,Industrials,China (Mainland),2018,10576740193.0087,1046033015.78067,9466656970.40215,247109301.141735,30240709766.5624,35874481855.865,12171769325.8672,12319104065.1589,425714493.491383,-8670642135.11745,19476121157.71,2170877737.90545,-770414028.769123,679411899.977802,156111804.964812,451679451.222149,32706255.9383118,21747086095.5007,1713747244.02691,146118226.761439,-3105277299.92083,2965518622.92517,24490873391.0261,2270964937.7907,2.0769653885519768,10.442617129568198,1.2590549824158797,4.7712666956703025,0.12091483742994741,-0.712356757919391,68.2682289027184,2.5870667404129795,0.6061993085468171,78.81581578565932
600029.SS,China Southern Airlines Co Ltd,medium,Transportation,Passenger Airlines,Industrials,China (Mainland),2017,16032511966.8893,1114304597.08283,7622458232.78976,249296835.374944,28963927270.4917,33556552879.5168,10693789096.7216,13308178227.2567,410678880.469699,-7945068625.79346,16554520540.5762,1967049660.19674,-150297757.083686,1302777996.86923,290970534.649698,875725059.500415,,18878138672.7508,1596710063.67822,-1562800520.45441,-1250506954.25786,3169431716.86623,24001967323.9783,2323618132.1746,4.638831585470126,12.308512891308354,2.6096991030177144,11.488748547460476,0.1426045963464946,-0.7429610359745343,71.52691580138227,3.148848651046497,0.562576815936126,66.40485634596243
600029.SS,China Southern Airlines Co Ltd,medium,Transportation,Passenger Airlines,Industrials,China (Mainland),2016,8553121716.82785,705026645.542273,6220221806.13568,228719573.671324,25253636756.4453,28873685726.6311,9785251332.27711,11208555379.5189,433818234.192712,-7796629698.97739,14522617231.3451,1923404756.94981,-863265147.002849,1152024401.37459,264959587.083931,761589353.209981,,17285638098.8155,1455696105.50262,-1675014558.48398,-2420486415.49272,3975146960.28707,20993806711.79601,2763020867.4704,4.405908239292415,15.984488693302772,2.6376589411567344,12.243765205587087,0.11638381489277151,-0.7967735762963841,72.7091335361899,3.3750897260749673,0.5986640660451747,63.495296874829265
600029.SS,China Southern Airlines Co Ltd,medium,Transportation,Passenger Airlines,Industrials,China (Mainland),2015,11426927171.1722,864127169.94501,6036721553.88857,247377581.984258,24956177508.0482,28727068282.9901,10098427319.3574,10958087521.7572,399408511.883674,-7840452241.95561,14545932904.6983,1909158668.4109,-1243587719.30509,1018175505.97483,217930310.769159,619565207.825835,,17730357986.2368,1590143078.35875,-4781572494.20981,-1316814850.75419,4094033405.66927,21056514841.1146,3184425081.5385,3.494375061726181,17.960297722191576,2.156729679905041,10.263272908897719,0.125122025625381,-0.7764032946918834,73.29851634593219,3.4880712408461165,0.6172003982994435,58.800529894515414
600487.SS,Hengtong Optic-Electric Co Ltd,small,Technology Hardware & Equipment,Communications Equipment,Information Technology,China (Mainland),2024,5819348539.38596,1632822782.8326,3948159352.48175,1238578024.80923,1839470449.35953,9102059169.14225,4160376418.8977,669444239.202389,2303410624.38042,2282507117.86473,7241836443.3274,241930424.441141,-70368483.1212359,458089392.709012,45223561.5460593,384852890.316833,228249500.367488,8337517361.64732,675014778.462392,-147729372.841098,-230826885.859806,453414709.177042,4829820658.100089,1095680918.31992,4.61591710845678,13.141572854289521,4.228195874858286,9.74765342424491,0.9461243433006317,0.5486299526881476,53.06294508031897,1.2233094530655508,0.9160034236992355,5.846895632144622
600487.SS,Hengtong Optic-Electric Co Ltd,small,Technology Hardware & Equipment,Communications Equipment,Information Technology,China (Mainland),2023,4149569134.74315,1625140335.511,3636423714.71019,1169332451.63149,1883927986.32393,8804245192.80904,4079737441.17191,739245206.857054,2104106146.892,1995615737.56234,5703254600.23935,210374221.793191,-64019045.8061083,337106437.81644,22399399.5509162,304366761.27381,258249175.452138,6730330558.01128,688149593.033365,327152318.85026,-293650155.362199,262507658.913058,4818982648.028964,1027075957.77193,4.5223151916589694,15.260408815275438,3.4570454889466817,8.369947650560489,0.9140898246951326,0.48915298259710965,54.734761952846554,1.3251983338836575,0.7644415177701263,4.87735937909017
600487.SS,Hengtong Optic-Electric Co Ltd,small,Technology Hardware & Equipment,Communications Equipment,Information Technology,China (Mainland),2022,5386102176.88627,969775956.466392,3450269191.70968,695892239.221713,1623803139.74366,8072390202.67355,3490002858.65569,667626379.580119,2115346636.30169,1995542708.51215,5943679475.28824,204200758.17069,-65507045.2947614,251091703.250031,14202703.9096471,235808955.151048,234328299.726769,6919070969.40611,685879121.952028,266368046.889139,-412133241.632218,127270862.010051,4157629238.235809,975391494.11787,3.4081014083208396,14.097145388893034,2.921178848279024,6.834508904918221,0.8839885575212499,0.5717882733427934,51.504314507230035,1.2050159008537005,0.8571279132560435,8.541091767219104
600487.SS,Hengtong Optic-Electric Co Ltd,small,Technology Hardware & Equipment,Communications Equipment,Information Technology,China (Mainland),2021,5622801808.74986,1062063759.32211,3282989377.26106,811205399.681995,1669378730.25771,8258275609.39217,3760646857.61402,603713824.366745,2186532598.10771,1906841887.44982,5385461901.17187,195715971.952792,-76788775.199543,269370181.014822,24734797.107999,222675219.955618,235130576.739008,6398422946.0433,690873969.361667,-4451701.78421131,-253692951.503881,213318456.157372,4364360681.980765,1012961044.87143,3.4801578737979084,15.831417419785163,2.696388816357359,6.782696937673067,0.8638397808750712,0.5070515684260859,52.84832922041449,1.3293861723128308,0.7747892234023224,6.6388388234139635
600487.SS,Hengtong Optic-Electric Co Ltd,small,Technology Hardware & Equipment,Communications Equipment,Information Technology,China (Mainland),2020,5064676705.92337,1076717772.41379,3077966157.72261,745143362.111877,1534663149.66437,7430609068.79081,3263452179.1249,575619256.291188,1576631954.48276,1766385128.72797,3935152712.74802,173028577.410132,-98901119.3737322,194344306.5933,26242372.3115031,153997462.733911,166624258.059157,4696996030.31306,508806761.489839,333152247.943164,-342227736.481204,233860366.271788,3839071435.416088,761843317.56504,3.278637276677598,16.219799051315405,2.0724742925948485,5.003221440480485,0.8130499793651182,0.5412627585067384,51.66563601819014,1.2472753885821215,0.6321145395793789,5.281067929794146
600487.SS,Hengtong Optic-Electric Co Ltd,small,Technology Hardware & Equipment,Communications Equipment,Information Technology,China (Mainland),2019,4446272357.05421,809080376.287742,1975560570.7906,673277530.773651,1433471862.53124,5924830211.04456,2912395647.50783,635685018.842828,1468837390.92907,884128093.56201,3829235669.16816,137344038.811593,-111811855.525233,230656635.125252,36645630.0397358,197283040.380741,145669288.706973,4599967181.13107,480150918.503808,773875705.966065,-630573619.359306,219682132.108861,3548080666.350658,770731511.96291,4.288792345953906,16.75515240900909,3.329766986621539,9.9861802921988,0.7821457119557407,0.30357417074104215,59.884934081935896,1.7959867790491237,0.7763880174247366,5.687455015419949
600487.SS,Hengtong Optic-Electric Co Ltd,small,Technology Hardware & Equipment,Communications Equipment,Information Technology,China (Mainland),2018,4720797507.83215,453244733.929169,1836429281.56061,655273709.830558,1125259408.87935,5301007587.8947,3011511166.49407,295923359.029889,1190512983.19104,466242919.397862,4157014224.32679,97482010.0920746,-76578765.364226,460796926.50102,59938316.6630454,383327472.648499,139021595.91103,5127880989.93198,490176972.846685,449785755.829603,-664928339.563131,280615208.595646,3307434525.523959,970866765.60519,7.475358211337579,18.93309863297097,7.231219089817184,20.87352213872046,0.5458248786883406,0.15482025256464546,62.39256350201735,1.8010138254348018,0.9673408130261746,6.343935613412171
600487.SS,Hengtong Optic-Electric Co Ltd,small,Technology Hardware & Equipment,Communications Equipment,Information Technology,China (Mainland),2017,8447524587.94399,415537582.034336,1636451534.72327,752908083.38226,838913850.930636,4385310154.83301,2211487662.97127,427341459.589936,827226933.585909,855536018.621951,3068228218.09893,73008559.2970054,-51053951.7246753,379297792.878098,48817955.9899023,311684157.562084,128016609.197074,3842811760.13593,414722955.347398,511904988.82265,-534975566.017827,42627574.2987719,2638829122.561206,774583542.037,8.11083594558009,20.156687092307664,7.107459827409921,19.04634209743284,0.5619586020889279,0.3868599553806625,60.174287094676224,1.612531178937384,0.8762918982824516,4.075169713035416
600487.SS,Hengtong Optic-Electric Co Ltd,small,Technology Hardware & Equipment,Communications Equipment,Information Technology,China (Mainland),2016,3336033523.39046,447141225.476019,859330088.728216,566566814.189832,563779634.454847,2842334152.83883,1519832453.14129,327864590.207403,603725201.940084,416063761.258822,2297880384.40837,65130018.3177117,-51422086.6612948,269559478.091168,40129565.1200445,198289115.75215,107787926.866504,2903483607.62313,356584570.05668,20596360.1176014,-235032697.721372,388460117.719962,1847697043.348693,605603223.21476,6.829351997426113,20.85781444140899,6.976277421643242,23.074848460806514,0.69143570743216,0.27375633438993485,65.0063273349924,2.1501598368133856,1.0215138162848396,4.0557977044494695
600487.SS,Hengtong Optic-Electric Co Ltd,small,Technology Hardware & Equipment,Communications Equipment,Information Technology,China (Mainland),2015,3047677777.00589,359602392.838989,712909772.603626,512359934.064478,503098550.361208,2384772429.88863,1244824979.75386,320671355.473576,500613881.896459,337254335.509311,1724869478.33075,57733712.5966567,-60348878.6405007,129551053.358875,19188981.3891941,91186220.4550828,82127946.1710316,2165559549.48121,264321810.261403,96443702.3916244,-179947291.005726,184153363.145087,1565496335.227436,440690071.15046,4.210746385474725,20.349940100055594,3.823686457971222,12.790709842854385,0.6910339113740624,0.27092510272086323,65.64552305313867,2.1959249197974504,0.9080780716600043,3.3665190496993147
601288.SS,Agricultural Bank of China Ltd,medium,Banks,Banks,Financials,China (Mainland),2024,251082392281.286,308058169961.503,354939240749.113,,22686147986.7933,5923600208239.15,,,,,,3284317485.95956,,44367405554.0132,5077494509.37842,39208181869.3948,,98753723829.9126,35022341542.2683,8030308452.91072,-311840865017.447,211397237594.733,0.0,98753723829.9126,39.702990782326935,100.0,0.6618978406891817,11.046448903943226,,,0.0,0.0,0.016671233769719268,
601288.SS,Agricultural Bank of China Ltd,medium,Banks,Banks,Financials,China (Mainland),2023,175568561772.268,419173124066.612,339435881540.759,,23703260165.1216,5617654625376.88,,,,,,2598615243.59698,,43447201804.0648,5313826863.7626,38067798311.5412,,98172594452.4372,34280182684.8267,87677507271.847,-188138075954.914,213737835065.383,0.0,98172594452.4372,38.7764004036629,100.0,0.6776457587758394,11.215018912775157,,,0.0,0.0,0.017475726259310743,
601288.SS,Agricultural Bank of China Ltd,medium,Banks,Banks,Financials,China (Mainland),2022,145241130222.928,381527721394.189,323038769355.681,,23697877399.5244,4918733399060.49,,,,,,2607310095.16487,,45634702187.0787,7086302215.92385,38602901969.8315,,103432582658.072,34914784480.1434,323720428730.283,-156654528928.693,-82449313167.5427,0.0,103432582658.072,37.321800324222,100.0,0.7848138705221329,11.94992850140779,,,0.0,0.0,0.02102829616214375,
601288.SS,Agricultural Bank of China Ltd,medium,Banks,Banks,Financials,China (Mainland),2021,158325925172.063,380498732702.571,323473024669.007,,25737944931.5974,4576306260921.59,,,,,,2456509561.06548,,45871382071.8241,8363139902.942,37391501765.0019,,111547703896.748,35024291636.3866,248357380051.484,-51352909907.1407,-202836684292.511,0.0,111547703896.748,33.52063777091515,100.0,0.8170672947372165,11.559387928332715,,,0.0,0.0,0.024375052178934414,
601288.SS,Agricultural Bank of China Ltd,medium,Banks,Banks,Financials,China (Mainland),2020,164889581042.699,386759233716.475,288875708812.261,,24727969348.659,4169355862068.97,,,,,,2256532251.7043,,38442850836.4973,7056195786.43877,31317761052.1437,,95321880555.0094,28741270570.1232,275831842211.736,-68061468340.0669,-245537773448.609,0.0,95321880555.0094,32.854745279674276,100.0,0.7511414733642526,10.841258055552524,,,0.0,0.0,0.02286249572079165,
601288.SS,Agricultural Bank of China Ltd,medium,Banks,Banks,Financials,China (Mainland),2019,182745264828.96,391984975150.105,251151857278.29,,23454997270.8208,3573427992760.49,,,,,,2710010322.79867,,38609572540.7716,7770694983.63498,30719243730.6906,,90782231858.2244,28519777279.8317,226680030789.854,-33428674712.9254,-124667426935.506,0.0,90782231858.2244,33.83838786720421,100.0,0.8596575555160365,12.231342448983762,,,0.0,0.0,0.025404802347253876,
601288.SS,Agricultural Bank of China Ltd,medium,Banks,Banks,Financials,China (Mainland),2018,180618441787.433,410910479237.874,231313359028.434,,22173223765.5443,3288411170096.72,,,,,,2485221197.757,,38107936375.0865,7425985694.36401,30704966194.1606,,90590877906.4674,29152478962.0517,217204062700.548,-66485610190.6737,-155001609277.129,0.0,90590877906.4674,33.89410380354481,100.0,0.9337325719294858,13.27418629132709,,,0.0,0.0,0.027548525175397364,
601288.SS,Agricultural Bank of China Ltd,medium,Banks,Banks,Financials,China (Mainland),2017,187420303621.177,450121728171.157,206955719840.77,,23862717673.6394,3235845565067.7,,,,,,2706692316.97803,,35461089922.0562,6862610396.10192,28573158425.9924,,79523209617.7143,26944463814.9939,117220848626.462,-71233881103.8771,-19526566139.0262,0.0,79523209617.7143,35.93059002943909,100.0,0.883019842926113,13.806411558944275,,,0.0,0.0,0.02457571228868289,
601288.SS,Agricultural Bank of China Ltd,medium,Banks,Banks,Financials,China (Mainland),2016,143899756417.196,413475154832.205,178351433098.084,,22853089442.6041,2818675068414.23,,,,,,2867558646.5701,,34136555692.6145,6411449610.36979,27707181016.376,,76221597736.1357,28086921277.3417,131489395995.02,-96966622916.7986,-34936254639.6461,0.0,76221597736.1357,36.35082685132481,100.0,0.9829859896537807,15.535160292846367,,,0.0,0.0,0.027041640446700203,
601288.SS,Agricultural Bank of China Ltd,medium,Banks,Banks,Financials,China (Mainland),2015,158873681008.345,404794442476.24,174087275303.831,,24056622664.4691,2740468107392.06,,,,,,3125365808.13068,,36749991054.2263,7972683531.22849,28746743155.0886,,85352270901.7374,33034669269.6818,81472188071.4325,-122208759675.397,52819048293.0658,0.0,85352270901.7374,33.68011518777697,100.0,1.048972001445591,16.51283421198792,,,0.0,0.0,0.031145142930695174,
601318.SS,Ping An Insurance Group Co of China Ltd,large,Insurance,Insurance,Financials,China (Mainland),2024,121783453430.625,93629937117.2578,127217678407.519,,7508117216.71941,1775215020618.42,,,,,,1982627475.54815,-3613319114.85906,23697985939.679,3302803847.02573,17597764778.2336,,107351271677.643,19795834807.5605,4302040310.97102,-57856889324.4806,53162048589.6524,0.0,107351271677.643,16.39269335446402,100.0,0.9913032829174228,13.832798238828348,,,0.0,0.0,0.06047226416563654,
601318.SS,Ping An Insurance Group Co of China Ltd,large,Insurance,Insurance,Financials,China (Mainland),2023,94824013269.0488,81322663360.4779,126660514525.628,,8059680464.36924,1631972864831.36,,,,,,2266068244.7291,-4434336862.08184,16976008441.5695,1532429710.46511,12106943756.0633,,112985846105.364,20430794411.5335,-31382939388.2728,-14698351223.6542,50935374429.6559,0.0,112985846105.364,10.715451690093175,100.0,0.74185937872897,9.55857774730074,,,0.0,0.0,0.06923267447650816,
601318.SS,Ping An Insurance Group Co of China Ltd,large,Insurance,Insurance,Financials,China (Mainland),2022,123074004606.139,88983500550.9482,126020849040.19,,9064692918.86563,1596291248622.63,,,,,,2416999837.49049,-3928015631.40436,21195469895.2134,1119524661.34271,16530485981.1561,,120659383791.721,22247537164.7514,-34379890547.7754,-32129374957.6088,70997936942.8481,0.0,120659383791.721,13.700124649808076,100.0,1.0355557606056873,13.1172628236176,,,0.0,0.0,0.07558732398979992,
601318.SS,Ping An Insurance Group Co of China Ltd,large,Insurance,Insurance,Financials,China (Mainland),2021,139609462195.854,84586829552.4315,128538436107.744,,9446954550.46363,1573350388060.64,,,,,,2570459357.68164,-5338121628.69085,21639608995.4887,2756189774.47914,15754218275.5665,,187853913891.723,36853379664.2472,-21148462117.0125,4330557372.62492,13971020233.8262,0.0,187853913891.723,8.38642003735257,100.0,1.0013165786284663,12.256425978577285,,,0.0,0.0,0.11939737983175985,
601318.SS,Ping An Insurance Group Co of China Ltd,large,Insurance,Insurance,Financials,China (Mainland),2020,235668116014.686,80659157088.1226,116867432950.192,,8892107279.69349,1460209961685.82,,,,,,2445374325.98885,-4607775620.5421,27233289735.7634,4119861075.30921,20755078331.8315,,177377822951.523,32940758603.0224,37803369495.8517,-64852893557.1769,45263356630.0694,0.0,177377822951.523,11.701055964309484,100.0,1.4213763004239235,17.759505627780115,,,0.0,0.0,0.12147419042857328,
601318.SS,Ping An Insurance Group Co of China Ltd,large,Insurance,Insurance,Financials,China (Mainland),2019,221028616211.09,64625384239.7081,96693527535.9821,,8503978856.04298,1181149846304.12,,,,,,2419326194.86019,-2798070088.51197,26756699108.733,2950871162.24147,21639383907.7751,,162079068025.266,34045817248.6234,18115544927.8333,-55060092687.9468,36128401740.7148,0.0,162079068025.266,13.35112804597433,100.0,1.8320608494752695,22.379350985744665,,,0.0,0.0,0.13722142752032684,
601318.SS,Ping An Insurance Group Co of China Ltd,large,Insurance,Insurance,Financials,China (Mainland),2016,92545104075.4816,82051418695.0886,55228143453.8384,,5206250900.18724,803241106150.079,,,,,,910111327.550377,-1908040414.77667,14221204989.3013,3320354848.261,9398458485.7958,,109435841005.945,21086505217.0014,20034499670.5578,-49800954430.552,34316860766.9405,0.0,109435841005.945,8.588099108486075,100.0,1.170066921853944,17.01751661026114,,,0.0,0.0,0.13624282941702165,
601318.SS,Ping An Insurance Group Co of China Ltd,large,Insurance,Insurance,Financials,China (Mainland),2015,101390809447.984,73174627624.3434,51485343725.4509,,4973891344.8653,733993468985.382,,,,,,806931150.685806,-1647928836.43706,14870360934.901,4494713166.22879,8628543925.94649,,101793194616.805,21364811547.3549,32630009773.7174,-43575237273.5307,21588950245.3556,0.0,101793194616.805,8.476543012947161,100.0,1.1755614035468118,16.75922369666752,,,0.0,0.0,0.13868406044200413,
601390.SS,China Railway Group Ltd,medium,Capital Goods,Construction & Engineering,Industrials,China (Mainland),2024,20121363646.6644,27329282670.9411,41844729357.6096,33662905758.0864,20890177962.2704,309127399887.661,174838292849.999,64261500417.8483,33728487937.1995,-1658331072.8426,145284292993.704,2104269816.29151,-1352661216.72193,5402897135.66825,1127678588.6715,3876123586.69412,3659635511.05119,161277714617.958,9678880851.2189,7977596192.77528,-11437749412.4221,3898966891.17368,239099793267.8473,15993421624.254,2.403384494798961,9.916696588949035,1.2538919513775646,9.263110662201557,0.34922424380181166,-0.009484942033066811,77.34668403859955,5.713976334378327,0.521719248040023,4.31585716449342
601390.SS,China Railway Group Ltd,medium,Capital Goods,Construction & Engineering,Industrials,China (Mainland),2023,18314959026.2436,27635280227.6762,39999575502.2683,30905446899.0391,19680673448.1107,257747356786.61,142388047423.145,50411082025.4163,22098652540.2237,-697012736.340838,160475751816.84,1844088291.80955,-1206352185.21397,6511010333.91003,1191890983.95381,4732085142.37928,4199197444.10717,178565540715.115,10897231616.5989,3834419532.20325,-10548875562.3578,5421872132.73816,192799129448.5613,18089788898.275,2.6500550573354404,10.13061580965143,1.8359393482731197,11.830338404743651,0.34928446360460247,-0.0048951632454757536,74.80159325481674,4.820029388502586,0.6927929075251393,5.192474722694576
601390.SS,China Railway Group Ltd,medium,Capital Goods,Construction & Engineering,Industrials,China (Mainland),2022,18781327327.3421,29720358696.2825,37205725076.8428,30138464594.3281,17822619323.7836,233903949718.726,126627151307.777,45795441338.5142,17722813460.5347,3652649625.93516,154980596236.855,1639746983.27464,-799830530.536526,6341217453.93242,1134209822.82222,4656925659.53168,4096235603.5823,171898483615.906,10204665937.5001,14349947979.0391,-12566491882.822,6485431827.20688,172422592646.2912,16917887379.051,2.709113868588407,9.8417897721848,1.9909564011773733,12.516691046642698,0.37466824189626546,0.028845706376645203,73.71512659518262,4.634302712557769,0.7349105640268889,5.1422857243371825
601390.SS,China Railway Group Ltd,medium,Capital Goods,Construction & Engineering,Industrials,China (Mainland),2021,20785123406.2887,23317582846.6177,36291322082.4609,32028116213.5357,12160235670.0934,214374172793.249,124031470222.446,33790968656.035,19225193872.8924,2035168526.94385,149718286467.531,1623894520.6998,-1017045654.31307,5827125785.88945,1103323014.13004,4281661282.34632,3838023562.33848,166393326228.068,10203805850.2737,10443903342.891,-12008638229.8624,2026208153.17262,157822438878.481,16675039760.537,2.573216954914187,10.021459477095409,1.997284106829289,11.798030594249385,0.3429998583682928,0.016408485066683867,73.62008063848776,4.348765209486662,0.7761817762839573,4.6745892099722415
601390.SS,China Railway Group Ltd,medium,Capital Goods,Construction & Engineering,Industrials,China (Mainland),2020,18303003511.9588,22083612567.0498,32097457624.5211,29526701915.7088,11397602145.5939,183926759846.743,108068099770.115,27732419310.3448,16532819157.0881,5615721839.08046,127648779567.731,1498177436.0165,-917773786.382865,4841878150.65681,889621088.114928,3653237386.15194,3167339477.01802,141377560222.699,8361959683.31881,5830993484.88047,-9158218816.33941,4495379921.78384,135800519080.4598,13728780654.968,2.584029163042093,9.710721159243603,1.9862457149769837,11.381703276589175,0.3573342346750214,0.05196465794278196,73.8340191463252,4.230880858822723,0.7686622672008242,4.323164162802053
601390.SS,China Railway Group Ltd,medium,Capital Goods,Construction & Engineering,Industrials,China (Mainland),2019,19972621817.8706,22718037576.4888,27355436812.3187,28690700106.2944,9907288775.89129,151711615817.748,97106235743.6295,19270421730.0124,14897311471.1712,4811440862.9952,111089591017.078,1613042434.71588,-1094347965.21768,4537980430.4602,862315406.957922,3429343754.40955,2391380544.07918,123237945082.419,7695419670.98047,5535111573.01152,-5819597915.59736,3215019464.6612,116376657473.6419,12148354065.341,2.7827011819420355,9.857640889108003,2.2604358512200142,12.536241983404366,0.38736285841589424,0.04954821722981726,76.70912793747172,4.254242338445685,0.8123171348360393,3.871972123563003
601390.SS,China Railway Group Ltd,medium,Capital Goods,Construction & Engineering,Industrials,China (Mainland),2018,22777794854.5454,19558777834.3393,23340482001.309,24033344338.5936,9473506508.61756,137106552396.189,90533141007.9267,14172840229.8015,15403893971.3475,4250021671.15119,100680518471.813,1467821788.98772,-694591539.597319,3438864151.69223,798700397.620216,2604105106.90003,2034478417.36464,112090591143.686,7676682628.74176,4225654626.77965,-5955733043.18725,1811214460.82656,104705981237.7282,11410072671.873,2.323214714392839,10.179331338565898,1.8993294349456733,11.15703226160447,0.3861864441732516,0.04694437444492372,76.36832770410949,4.486024805822605,0.8175436489700667,4.1892013468194955
601390.SS,China Railway Group Ltd,medium,Capital Goods,Construction & Engineering,Industrials,China (Mainland),2017,27145414358.2411,20040945391.3899,22139994774.2957,37265894594.47,9235860473.69473,129733262991.255,89037296466.5017,14516963404.7001,17079931297.3579,9548668367.58219,92589069263.064,1312269411.28653,-526499558.434904,2893943924.26866,790731751.907895,2379122131.36764,1644030312.97891,102597451695.612,6794716530.96728,229077622.12942,-4794657633.32316,4912304202.19752,103554259871.2018,10008382432.548,2.3188900816231413,9.755000993826876,1.8338566968195433,10.745811621101987,0.4169137896354895,0.1072434670247952,79.82090135062904,4.6772486139620595,0.7908338180203472,2.484552437842283
601390.SS,China Railway Group Ltd,medium,Capital Goods,Construction & Engineering,Industrials,China (Mainland),2016,27244464638.7433,17871890681.2617,18584698689.3274,32378568486.2451,7952737145.32623,108671939075.328,72966103701.5699,14130298862.1633,20240884343.9435,12718541696.6729,88226759970.8707,1295685670.24847,-287921144.569279,2662005740.39105,748582081.883164,1884265601.57178,1569159512.98921,96163637356.2192,5118080792.54255,-2375467687.87896,-2632587242.79203,8208646689.89281,87096402563.7332,7936877385.3485,1.9594366991255647,8.253512037973257,1.7339026225212248,10.138800919349064,0.522335346027051,0.17430753530011026,80.14617508882462,4.686457607932589,0.8848985135855685,2.7248505445307365
601390.SS,China Railway Group Ltd,medium,Capital Goods,Construction & Engineering,Industrials,China (Mainland),2015,34545686545.5283,15513909366.7688,18368862463.6096,38008981377.3663,8280022026.771,109928637112.799,72464573404.5994,15898371097.1797,20280087953.0506,14627382202.9852,88310941035.1327,1228232626.59788,-282835974.676147,2595843864.92298,719618780.502476,1951291967.95255,1636618587.60592,96671878956.2291,5384764752.2013,1499787961.6743,-2476156983.97892,4864498240.84051,88362944501.7791,8360937921.0964,2.0184690615520693,8.648779781017858,1.7750533611640318,10.622824204918722,0.49395167373672166,0.20185563118290276,80.38209771591082,4.810474501446902,0.8794057808342789,2.3234229867501885
6425.T,Universal Entertainment Corp,small,Consumer Durables & Apparel,Leisure Products,Consumer Discretionary,Hong Kong,2025,409095231.991797,255346313.4376,827877433.76955,195646345.355889,1264953718.48069,2385151611.8736,265809128.630705,1291465049.47335,33597191.1905522,330520268.113629,340077803.97598,131808073.062869,-107515845.866221,-1620402581.26627,-72542262.1626771,-1547860319.10359,,821514699.857564,515420598.080419,61867594.0443263,-26238548.2633397,73926758.5915609,1557274178.104055,481436895.881584,-188.41541354913812,58.603564362884384,-64.89567838782813,-186.9673282499999,1.0870337904368528,1.2434496505679786,65.29036436726867,1.8810443606529583,0.34442871294552313,1.738227225033844
6425.T,Universal Entertainment Corp,small,Consumer Durables & Apparel,Leisure Products,Consumer Discretionary,Hong Kong,2024,529758464.579481,151386944.903932,2352277643.46609,212170759.638631,2908824277.89795,4025925690.29139,275741188.446367,1397906858.37893,31492556.3048734,225951138.821733,338551450.202747,119281143.450643,-46686724.1431372,-45219502.6312776,57677667.270266,-102897169.901544,,834915131.307226,476635499.965285,-64756019.6991023,-88370355.1129513,10032622.7702835,1673648046.825297,496363681.104479,-12.324266987524586,59.4507947565069,-2.555863615408571,-4.374363297944907,0.6632288133637908,0.8194319466555922,41.571757046120766,0.7115010642872795,0.20738463536985854,1.5956555501774488
6425.T,Universal Entertainment Corp,small,Consumer Durables & Apparel,Leisure Products,Consumer Discretionary,Hong Kong,2023,1307588969.23295,314050758.542464,2753353183.04268,200099248.546718,3139075570.67914,4452048773.57153,1167864738.40919,530830852.119665,71990642.2798809,-430887565.574933,568130775.402586,123053042.251493,-61840322.7867566,270639668.909219,67809686.2018777,202822850.851409,,1276566552.55628,491384873.717856,-80775400.2863344,-72202909.4560171,199813207.648087,1698695590.528855,708435777.153694,15.888153300371478,55.495404899578176,4.555719426422638,7.366394260661947,0.3305531780574112,-0.36895331403007137,38.15536794234455,0.616955209738715,0.28673687497187744,2.8392449223513307
6425.T,Universal Entertainment Corp,small,Consumer Durables & Apparel,Leisure Products,Consumer Discretionary,Hong Kong,2022,1454532148.57753,273777743.879185,2664289527.87736,210693310.960262,3297147433.45283,4547151247.04447,501601708.489055,1381260010.67806,68034474.8684311,168118373.884524,479882035.704288,143519630.162036,-43295611.7885686,64717480.9151609,-23405517.3581931,88122998.273354,,1079885843.0859,511252781.482809,-86131691.1682721,-68899225.8358328,187343704.220799,1882861719.167115,600003807.381612,8.160399438289906,55.56178101817049,1.937982562832755,3.3075608844794586,0.6814414962365992,0.33516308066600686,41.40750146349159,0.7067031189613958,0.23748623795784177,2.277632989472535
6425.T,Universal Entertainment Corp,small,Consumer Durables & Apparel,Leisure Products,Consumer Discretionary,Hong Kong,2021,1701338388.66678,267387904.066736,2945072992.70073,217431352.102885,3722236704.90094,4973766075.77337,521880431.004519,1506812652.06813,76129648.9398679,153675703.858186,400071701.561747,168393203.101654,-43772936.8673077,-136395122.455991,37229324.8184368,-173633560.940234,,824194367.186128,415874798.069745,-16577758.1015267,-64132866.2784185,15903346.8318659,2028693083.072649,424122665.624381,-21.067064742632766,51.45905899264673,-3.4909876800596367,-5.895730305176791,0.6582303773019406,0.29446535016151104,40.78786682297293,0.6888430568956018,0.16570830928311686,1.8399908646681253
6425.T,Universal Entertainment Corp,small,Consumer Durables & Apparel,Leisure Products,Consumer Discretionary,Hong Kong,2020,1849996122.90394,361768694.304533,3463550949.24448,231363812.475785,4100319643.54901,5506605966.67958,555608291.359938,1487446726.07516,46203022.0844634,234792716.00155,382126774.371322,170059018.153725,-122737107.106981,-184930280.100494,-4844639.21013202,-180085640.890362,,851522649.253204,445435057.743956,135275070.865504,-173320013.211996,29161542.0153401,2043055017.435098,469395874.881882,-21.148661289080138,55.12429708047672,-3.2703564042907463,-5.199451185484795,0.7342793884346506,0.42258677498648944,37.10189234162757,0.5898729504414418,0.15463656822473942,1.6516272371303362
6425.T,Universal Entertainment Corp,small,Consumer Durables & Apparel,Leisure Products,Consumer Discretionary,Hong Kong,2019,2736766718.72129,353945308.903416,3423570573.61201,233855077.801307,3927944019.88767,5277948623.51533,514492219.869257,1339885830.03407,96538072.0007366,268649295.644968,552517987.233872,163995515.906586,-88012364.3806846,-83397037.0992538,-35766492.5308495,-47630544.5684043,,1146436285.98627,590330638.778159,-81323351.2829449,-265147340.857865,270395784.605337,1854378049.903327,593918298.752398,-4.154661288257125,51.80560891279316,-0.9024442632160449,-1.3912534748232774,0.8755883247731708,0.5221639614166319,35.13444677428927,0.541650306319487,0.2172124754830782,2.3626512301063407
6425.T,Universal Entertainment Corp,small,Consumer Durables & Apparel,Leisure Products,Consumer Discretionary,Hong Kong,2018,2320170959.55015,420554947.060971,3423357064.62212,211527929.901424,3282393209.20044,4661162833.15079,589813800.657174,647991967.871486,90315808.6893027,269176706.827309,489480121.306232,118388123.220459,679995576.657868,1900715112.14664,443681394.522776,1460186627.0048,49694563.0874891,845006894.34473,518345550.293788,-1478361156.36734,1402945013.58881,138438090.059587,1237805768.52866,355526773.038498,172.80174123752184,42.07383104420647,31.326659875938354,42.653646681929736,0.8661559888579388,0.45637573506654255,26.55572896370893,0.36157658846647145,0.18128671419392006,2.3140212336703665
6425.T,Universal Entertainment Corp,small,Consumer Durables & Apparel,Leisure Products,Consumer Discretionary,Hong Kong,2017,2953840862.69636,,,,,,,,,,,,,,,,,,,,,,0.0,,,,,,,,,,,
6425.T,Universal Entertainment Corp,small,Consumer Durables & Apparel,Leisure Products,Consumer Discretionary,Hong Kong,2016,1331596082.08955,464463397.299218,2027523098.79176,391444562.899787,1292963752.66525,3283404406.53873,548027718.550107,700266524.520256,122912224.591329,514898720.682303,364129938.813834,33055743.8503861,26404588.1285989,199492997.745585,72862660.8018343,130522679.953869,44074325.1338481,764374486.327548,259411742.712914,472265395.373317,-557596889.458101,159344354.748281,1248294243.070363,400244547.513714,17.075750471600347,52.362363563009104,3.975223999027955,6.437543425850486,1.0717991116298662,0.9395486820348212,38.018291033064635,0.6156744866750201,0.2327993727502271,0.930220964410366
6425.T,Universal Entertainment Corp,small,Consumer Durables & Apparel,Leisure Products,Consumer Discretionary,Hong Kong,2015,1309210747.58574,325965700.965701,1820654345.65435,247027972.027972,664027639.027639,2398601398.6014,545737595.737596,21195471.1954712,220862470.862471,313369963.369963,356414863.210014,29650967.2322225,12110829.711065,196341685.300669,103659562.077878,92983751.4344635,41688674.9525792,805118818.942762,256329138.428005,160091458.407021,-107891497.290122,13783495.2485177,566933066.9330672,448703955.732748,11.549071919168984,55.73139581086448,3.8765820568887093,5.10716115095668,1.0019983525032796,0.5742136254080595,23.635985006247395,0.31138973099768114,0.3356617816583525,1.4428117604821518
6701.T,NEC Corp,small,Software & Services,IT Services,Information Technology,Japan,2025,28613298403.9679,3891937312.43748,13017792597.5325,1232270756.91897,3869056352.11737,28778712904.3014,10893071023.6746,4070963654.55152,5590743581.19373,3945168389.46315,15513868106.5415,1311926813.55412,-43484462.1360098,1574258337.73414,361814624.026739,1150194553.88383,,22477133579.1548,5104312923.39201,-682659439.246486,-861180128.583359,2261270819.16637,14964034678.22612,6963265472.6133,5.117176306459804,30.979330385218706,3.9966851808439166,8.83555752840806,0.8705241040861572,0.36217228189266976,51.996886476425864,1.1495063057820207,0.7810333163230265,12.58965857903714
6701.T,NEC Corp,small,Software & Services,IT Services,Information Technology,Japan,2024,19817725162.7123,3137023329.58826,12660187694.1379,1603555614.30176,3376974423.36924,27939422377.8997,9710878329.25782,4418994118.03582,5153942237.78997,4444061859.75811,17121328162.1367,1527615714.67883,-57278834.7208899,1281714379.60167,140349771.723574,1035847683.39407,,24089684975.7174,5639298027.05077,-1077324265.81714,-526614734.072139,1879006263.14436,14129872447.29364,6968356813.5807,4.2999635920445325,28.92672453211763,3.707477088765563,8.18192990830383,0.8537812220752939,0.4576374771753277,50.57324470125939,1.1160871219813158,0.8622112744454061,10.6771028141683
6701.T,NEC Corp,small,Software & Services,IT Services,Information Technology,Japan,2023,10479210040.6657,3153287145.11635,12228458468.2582,2015031252.35334,4242668875.66835,30002635740.6431,10283221628.1346,5315287295.7301,5630921003.08758,4747300248.51269,17428228439.7305,1611088093.65826,-22166727.1865163,1240974061.4659,267591993.799164,847442491.771657,,24520456150.2563,5874367735.53855,-908769203.44694,-367035114.492998,1125929117.4301,15598508923.8647,7092227710.5258,3.456063323531602,28.92371849473799,2.8245601456396985,6.9300843926598805,0.8542272515230623,0.46165495796805667,51.99046196709366,1.275590783936851,0.817276734025059,8.649110736806787
6701.T,NEC Corp,small,Software & Services,IT Services,Information Technology,Japan,2022,11550031188.9692,3080872924.54381,12440432352.4577,2024034193.65445,4440711819.82574,30920047673.8451,10964844649.0219,5269669570.93539,5464384349.82739,4132064770.67237,18954740322.9651,1849325526.16589,-28605623.9499329,1286727468.33775,-109282213.950117,1258585093.35866,,26851469361.3743,6797020524.78365,-1689219554.93319,-564602500.490469,1314174969.86056,16234514219.95729,7896729038.4092,4.687211252465492,29.40892705770733,4.070450041457349,10.116891902957192,0.779332270351269,0.37684663147881114,52.50481626420606,1.3049799042354056,0.8684161694901796,9.364832067753653
UNH.N,UnitedHealth Group Inc,large,Health Care Equipment & Services,Health Care Providers & Services,Health Care,United States,2023,486945419005.71,25427000000.0,88756000000.0,,11450000000.0,273720000000.0,,,,,,3972000000.0,-3246000000.0,29112000000.0,5968000000.0,22381000000.0,,371346000000.0,,-11529000000.0,-15574000000.0,29068000000.0,0.0,371346000000.0,6.0269936932133374,100.0,8.176603828730089,25.216323403488214,,,0.0,0.0,1.356663743971942,
6701.T,NEC Corp,small,Software & Services,IT Services,Information Technology,Japan,2021,16070290033.9656,3090939476.06143,11817082204.1554,1676133694.67028,4997028003.61337,33139692863.5953,10817732610.6594,8213324299.90967,6222095754.29088,5991951219.51219,20122668371.1567,1804166043.68409,-40446484.1746913,1489085384.59895,-38068944.1672217,1411485120.46626,,28247656610.2547,6915518541.80612,13151947.5016374,-1155663702.59905,2593660281.08511,19031056910.56907,8124988239.098,4.996822001701376,28.763406293137955,4.259197954175394,11.944446996991529,0.8609045504762786,0.5539008436581192,57.42677516325178,1.6104700451247536,0.8523813641400819,12.00540770413611
6701.T,NEC Corp,small,Software & Services,IT Services,Information Technology,Japan,2020,9556096182.78619,2018497163.58226,8469022598.34465,1853678043.33674,5189965590.99786,29045419882.8234,11363033572.0264,7317622988.93332,6319129545.24319,4436436343.34604,20311195028.051,1738702880.26144,-65524287.3112116,1140547651.45796,103502981.220322,919722890.991279,,28476973028.8445,6924947460.86434,-844096712.712964,-773033865.87334,2409208993.00418,18680656560.95972,8165778000.7935,3.2297073500743427,28.675021016181507,3.166498865231333,10.859846934061169,0.7337500726347479,0.39042710867876795,64.31532625908743,2.20576298433907,0.9804290364445699,10.957239905312543
6701.T,NEC Corp,small,Software & Services,IT Services,Information Technology,Japan,2019,8800725098.65572,1957434139.29989,7749359437.02634,2116753879.4659,3688388668.35078,26734229520.0289,10449413569.1086,6724359437.02634,6004655359.07615,4330774088.77662,18795449734.9947,1070470386.0604,9102209.76483977,697397058.969507,228935460.269677,357908991.496549,,26282256323.6208,6702807732.09218,-455588602.332709,-691686752.942606,579465256.932094,17173773006.13494,7486806588.6261,1.3617894410948403,28.486163807395183,1.3387668091515739,4.618562274792216,0.7619651998380284,0.41445140056276497,64.2388926648086,2.216153882871773,0.983093838703319,8.879374176338901
6701.T,NEC Corp,small,Software & Services,IT Services,Information Technology,Japan,2018,7331785522.61434,1925625823.45191,8289412761.15189,2072783738.00113,3760493130.05835,26551392810.0885,10004376058.7239,6625268210.05082,5848343685.30021,5432618106.53115,18480791410.7562,1031766305.48103,10979118.8500002,784979911.133118,241829538.880269,414154754.64598,,25682172430.5318,6589773674.56162,-65360066.9039077,-128490000.291409,1173582933.58707,16629644268.77472,7201381019.7756,1.6126157386655475,28.040388869963216,1.5598230857728008,4.996189314964567,0.7770569062098733,0.5430241800830609,62.631909322874016,2.0061305605035256,0.9672627200473479,8.915928406780141
6701.T,NEC Corp,small,Software & Services,IT Services,Information Technology,Japan,2017,6267447891.72203,1805252289.45951,7669815047.58485,1848222302.02909,3762596516.43024,24097647692.584,9001086370.98222,5974043813.97019,5981827976.29736,4544765667.08565,17667098417.2715,924800219.756578,24843307.5542412,629715391.257561,303800804.557153,252689284.65785,,24658578826.0027,6462156036.82692,-452277734.286356,59448138.1884544,856099453.056302,14975130184.95241,6991480408.7312,1.024752020142324,28.353136075135925,1.0486056061630222,3.2945942384545424,0.865126713022211,0.5049130160262771,62.143535236266956,1.9524760495584483,1.0232774227831094,9.55896831126618
6701.T,NEC Corp,small,Software & Services,IT Services,Information Technology,Japan,2016,6548856927.0167,1482036247.33475,6839259061.83369,1883368869.93603,3050133262.26013,22467164179.1045,9067919331.91187,5961256218.90547,5885723169.86496,3843736673.77399,16542441123.4408,887520884.559886,-79297112.201859,721400352.365725,27996531.4153925,632801623.891291,,23544366129.127,6050718054.87299,-417422532.404194,-268396637.284451,815383349.757796,15029175550.81734,7001925005.6862,2.687698706436802,29.739280162756387,2.816562067409583,9.252487998628744,0.8125082665072959,0.4238829805473778,66.89395880586997,2.1974859286566977,1.0479456126031406,8.783431322193765
6701.T,NEC Corp,small,Software & Services,IT Services,Information Technology,Japan,2015,7654600567.39094,1330036630.03663,6856893106.89311,2007542457.54246,2814810189.81019,21816949716.9497,8903996003.996,5552047952.04795,7685780885.78088,4222752247.75225,18591595186.5478,920030027.340882,20711803.8681308,884200251.893807,373031835.598479,523754538.945997,1226667095.37621,26831355849.7633,7069041030.98002,-658344703.093493,-434253222.319017,803583257.137887,14456043956.04395,8239760663.2155,1.9520241238596128,30.70944572966181,2.4006772062140724,7.638365230157607,1.0125585761461848,0.4742536099361604,66.2606099550799,2.1082498634128557,1.2298399271149203,9.260872723611916
7203.T,Toyota Motor Corp,large,Automobiles & Components,Automobiles,Consumer Discretionary,Japan,2025,275556433446.882,59902660886.9623,239578692897.633,30665101700.5669,106147122374.125,624217072357.453,196293564521.507,181982107369.123,92921767255.7519,50980033344.4482,233148131890.422,16507018292.3396,7033682331.50033,42116109915.9032,10668137707.1967,31285997019.0802,,315393361954.81,31400023087.9185,1294987373.37431,-27508442767.9114,24272858683.0537,378275671890.63,82245230064.388,9.919675171718707,26.07703267901124,5.012038024036055,13.058756035724787,0.7785503743601839,0.25971321815220566,60.60002019201638,1.5789203426878171,0.5052623132585558,7.603044469476253
7203.T,Toyota Motor Corp,large,Automobiles & Components,Automobiles,Consumer Discretionary,Japan,2024,408872066937.545,62203819972.2424,226164767695.46,30436640010.5743,97750465930.8704,595560742845.813,192835298394.026,169830473861.609,90738900270.9669,36589584297.1383,232777443307.783,16415020828.2834,5757638261.04959,48252534171.7404,13118882988.8406,34257377843.8406,,312410216178.013,27817665602.0889,17302517161.0833,-34630216780.3439,29140801141.9223,362665772255.635,79632772870.23,10.965511391701916,25.48981075089261,5.752121551891748,15.147088643784492,0.7931261626732724,0.1897452624175359,60.89484181289077,1.6035467237053436,0.5245648238753945,7.64793496348189
7203.T,Toyota Motor Corp,large,Automobiles & Components,Automobiles,Consumer Discretionary,Japan,2023,230982577188.041,56607922283.3045,213409940507.568,32047699374.9529,98842849612.1696,559554032683.184,180433127494.54,158741260637.096,83117832668.1226,18827215904.8121,215587601009.281,16938539901.887,2803243546.60254,27153189826.7677,8702124203.82447,18142796389.5391,,274988042595.168,26555591144.5571,-415801914.303333,-11833775770.0331,21871239902.3111,339174388131.636,59400441585.887,6.597667381577231,21.601099824305876,3.242367194199356,8.501382993870296,0.774390805566762,0.10434456336396332,60.61512710492329,1.589309229574562,0.4914414453891793,6.727085101708579
7203.T,Toyota Motor Corp,large,Automobiles & Components,Automobiles,Consumer Discretionary,Japan,2022,298044218558.688,50251972710.8335,215732114088.443,31410126582.2785,105006181160.612,556376549399.967,179534448462.929,153639569291.468,79300715107.6771,15453961860.9239,216041360197.773,18539045640.7005,4516232034.07614,35550189271.932,9941305097.15391,25390587005.8995,,279548544682.743,26511890048.4738,-21973288434.2861,-5144700532.1054,33163414761.8746,333174017754.397,63507184484.97,9.082711210217544,22.71776608854956,4.563561680175481,11.769498070876088,0.7216035080045441,0.086077975526323,59.882829014579016,1.5443876733985313,0.502444872962792,6.878079896680929
7203.T,Toyota Motor Corp,large,Automobiles & Components,Automobiles,Consumer Discretionary,Japan,2021,253965550054.851,46078202348.6901,211423188798.555,26088780487.8049,106606115627.823,562485456187.895,193861481481.481,149217208672.087,81826242095.7543,11891002710.0271,200014232654.583,17664254264.7028,3800610918.131,27665829170.8871,6132317237.67884,21183315385.6001,,256761055643.025,24856850564.2048,25843237192.1451,-44193704224.1625,25729907785.1224,343078690153.568,56746822988.442,8.250205753574745,22.101024178424133,3.766020108175728,10.019390732860273,0.6597723460431861,0.061337624262213286,60.9933441619448,1.622710792052498,0.456475901409361,7.666676207731476
7203.T,Toyota Motor Corp,large,Automobiles & Components,Automobiles,Consumer Discretionary,Japan,2020,197272823356.198,38114479680.0893,191750097647.168,23564512229.1454,101100632381.661,501928419975.821,168717650888.124,134763712452.339,81221575374.3142,7636110852.78527,212559205591.991,16905082120.9926,1509505878.64716,25695806522.262,6272897079.70631,18733027571.7285,,274780146956.165,27434868212.8583,3337902142.36789,-19547343026.645,22066807995.3776,303481363340.463,62220941364.174,6.817460351208318,22.643899879018534,3.7322109739534,9.769500929380712,0.7073122131930035,0.04525970349035232,60.46307625997395,1.582692092803454,0.5474488712342723,9.020310012149984
7203.T,Toyota Motor Corp,large,Automobiles & Components,Automobiles,Consumer Discretionary,Japan,2019,190969548273.222,32251028509.5633,174559292674.125,23966041140.3825,96404673403.1036,468575866113.317,164443684590.401,118592574882.714,81383119812.3421,5885050523.2768,210997115741.993,16169051761.4021,1892763474.95479,20617226799.0085,5953368405.39883,16985436081.8168,,272666490334.125,26849723623.182,-4878919749.26281,-24331866569.2034,33978549052.1469,283036259473.115,61669374592.132,6.229381564637033,22.617144672439384,3.6249062980356666,9.730467981172428,0.6910216625524245,0.03578763476344731,60.40350772241171,1.6214333544619683,0.5819046819372155,8.80400373620595
7203.T,Toyota Motor Corp,large,Automobiles & Components,Automobiles,Consumer Discretionary,Japan,2018,209579878438.735,28724534161.4907,176322059100.32,23901646903.8208,96627827969.1323,473444842838.321,167484387351.779,118476209297.948,80631168831.1688,3348061358.93092,204056982000.28,15656376971.0711,1576614107.29292,23659540648.8382,4554221564.68193,22517874808.2896,,265264088852.607,27903710452.5752,-4055186303.20301,-33046533774.6177,38130118610.8255,285960596649.727,61207106852.327,8.488851583978098,23.07402676218887,4.756177018064877,12.770877860198908,0.6529307281816793,0.019990289315139305,60.39998132314245,1.6218084005418016,0.5602850952232113,8.537360744278272
7203.T,Toyota Motor Corp,large,Automobiles & Components,Automobiles,Consumer Discretionary,Japan,2017,177006920871.467,26890599748.6084,157252756329.682,21445654516.0711,91552424133.5967,437692458251.033,155494388579.637,114583120847.549,74632671933.9199,4621386245.28641,199329699872.173,14905521901.1192,1510315804.61317,20298647744.9472,5818978071.08466,16942571341.6533,,255346574798.046,26541026096.7328,-3471262375.63758,-27479742269.7712,31590666612.3166,270077509427.186,56016874925.873,6.635127710271111,21.9375861885662,3.8708849152562053,10.774101349379865,0.6529063370703747,0.029720598199719284,61.70485790556767,1.717473930065593,0.5833926767173018,9.294642871486989
7203.T,Toyota Motor Corp,large,Automobiles & Components,Automobiles,Consumer Discretionary,Japan,2016,176508182945.842,26114321250.8884,148782293887.704,18314774342.5728,86535332267.2352,421353917910.448,143252096659.559,117403651385.927,70298800639.6588,18524315920.398,178831790934.91,13550996322.3601,974219282.828095,24865829083.2347,7320180306.53926,19275799412.0839,,236733785466.538,24534946588.2481,-3530371779.74077,-26525809192.2801,37180268871.7099,260655748045.486,57901994531.628,8.142394789191806,24.45869499257104,4.574728890068292,12.955707906098452,0.6730311397792285,0.12931270363477712,61.861474870843416,1.751927203395724,0.5618407125310081,9.76434585487709
7203.T,Toyota Motor Corp,large,Automobiles & Components,Automobiles,Consumer Discretionary,Japan,2015,238537071057.575,19018956043.956,139761330336.33,17795687645.6876,77386938061.938,397351232101.232,136792340992.341,113644730269.73,69751265401.2654,12528313353.3134,191180753476.974,12879296132.1652,1941306591.06627,26441167767.0949,8166528989.52115,19864850130.254,,248930298938.433,24151105841.3453,2797327455.79086,-34856247543.2824,33688699577.3939,250437071262.071,57749545461.459,7.980085274861257,23.19908251736844,4.999317612583391,14.213409447699188,0.6489414597429226,0.09158636559933468,63.02662506864151,1.7918910091897686,0.6264742092834729,10.743094466669993
7261.T,Mazda Motor Corp,small,Automobiles & Components,Automobiles,Consumer Discretionary,Japan,2025,3969894691.65588,6678086028.67623,11955185061.6872,4395845281.76059,8154518172.72424,27276298766.2554,10012624208.0694,5192790930.3101,989223074.358119,4843341113.70457,25873353456.0431,772274330.337291,7964163.15430769,1022833600.15979,267222951.673803,749005579.950756,1103197455.89658,32952417729.6066,5857028109.42865,591376866.835654,-1312878836.35492,2006640831.16112,15205415138.3795,7079064273.5635,2.2729912751676506,21.482685524477336,2.745994192134971,6.265110712096757,0.7657641936521588,0.483723448823857,55.74588865110514,1.2718678180154916,1.2080971106817966,5.885865356407745
7261.T,Mazda Motor Corp,small,Automobiles & Components,Automobiles,Consumer Discretionary,Japan,2024,7330195526.63075,5409840724.34076,11486722622.4308,4497072235.80728,7883649461.3707,25059599497.7199,9289650386.62349,4155528385.43388,1069717797.89835,3882175665.85156,26249182949.0914,785249317.603221,493195152.71104,2066714297.34398,615927595.371331,1438870930.84058,1013457118.10405,33444950869.1728,5460339771.30452,-586810161.61082,-1246230321.6142,2902009853.70189,13445178772.05737,7195767920.0814,4.30220674106844,21.515259353285376,5.741795398491898,12.526383531111058,0.6975029471043673,0.41790331221093613,53.65280787221164,1.1704973832833898,1.334616336235376,5.836949368988588
7261.T,Mazda Motor Corp,small,Automobiles & Components,Automobiles,Consumer Discretionary,Japan,2023,5828449990.77491,4730009789.89382,10844739814.7451,5052368401.23503,8770283906.9207,24544400933.8053,9497853754.04774,4075834023.64636,1245184125.31064,3486286617.96822,22390466806.8329,784161851.556393,226759328.060262,1258004324.9905,190456223.936769,1057001327.68452,947285279.66685,28322727076.6129,4881512993.67224,-665098031.773593,-735883533.881053,1017108619.99326,13573687777.6941,5932260269.78,3.731989948656195,20.94522979278532,4.306486560968368,9.74667300221775,0.6291099094527526,0.3670604652637923,55.30258332359172,1.2516379377989848,1.1539384136120294,4.431677389431785
7261.T,Mazda Motor Corp,small,Automobiles & Components,Automobiles,Consumer Discretionary,Japan,2022,4720613323.28621,5502137103.40293,10698504027.618,3287218477.72481,9425579483.80733,24397073812.2637,7388895281.93326,6185418379.08927,1186281440.07891,4593785960.87457,21671544090.2163,804280391.100557,261031886.439422,1001321559.12442,267722270.61457,726561467.606564,1199298133.72403,27798047364.232,5197983072.3871,-769750525.504189,-1213685577.72252,1685112674.63393,13574313661.02253,6126503274.0157,2.6137140428843115,22.039329574992838,2.9780680797930064,6.791243576961399,0.90519871892566,0.6217148552784244,55.63910559716025,1.2688048371978622,1.1394008797177442,6.592669223864875
7261.T,Mazda Motor Corp,small,Automobiles & Components,Automobiles,Consumer Discretionary,Japan,2021,5148032421.48148,5339665763.3243,10678518518.5185,3911915085.81752,9712448057.81391,26354236675.7001,7295844625.11292,8255953026.19693,1497109304.42638,6160298102.98103,21401841503.2707,846904280.835355,128321117.625374,20775171.0176511,323194486.094758,-298617138.001669,1202280469.17408,27191377853.8409,5706322450.30873,937316843.897186,-744037936.782017,1132709119.90788,15551797651.30985,5789536350.5702,-1.0982052458201856,21.291809417272333,-1.1330896875378245,-2.7964285259590307,0.9370779421779236,0.8443570853711383,59.0106169367803,1.4563628488671152,1.0317649563689577,5.470937132777283
7261.T,Mazda Motor Corp,small,Automobiles & Components,Automobiles,Consumer Discretionary,Japan,2020,3360846982.12591,4854087231.47029,10929387147.7727,4104017483.49298,9974090951.36241,25924300195.2943,8676118292.56952,6034139309.96001,1562698781.73533,3549418766.85576,24690263559.3753,848899251.041587,-80373515.0169537,453407459.59999,323637721.8122,111608414.682997,1242118577.02884,31559531016.4756,6468108302.42034,-223327232.545963,-1173751407.83344,320482030.918105,14710257602.52953,6869267457.1003,0.35364408496669997,21.766063169678315,0.4305165957893661,1.0211772460246473,0.7395918078596441,0.40910216379778797,56.74312321533636,1.345936181382991,1.2173725338284807,6.016120462128517
7261.T,Mazda Motor Corp,small,Automobiles & Components,Automobiles,Consumer Discretionary,Japan,2019,7059628545.5747,4239913388.66835,10858146878.3833,3866257668.71166,9117250090.22014,25961863948.0332,9230250811.98124,5603491519.30711,1729059906.17106,3996725009.02201,25007928914.5021,797846123.123611,49038267.8708315,970364120.688325,370890240.110627,569722554.706101,1214770631.25206,32152468961.3166,6402046905.96755,752452347.566948,-1187265539.50478,1323293508.82492,14833742331.28835,7144540046.8145,1.771940299177484,22.220813136963965,2.1944593648841675,5.246959366890868,0.6466750921970008,0.43300286096604207,57.13666153162363,1.3661394064230035,1.2384499443366193,6.468252004226973
7261.T,Mazda Motor Corp,small,Automobiles & Components,Automobiles,Consumer Discretionary,Japan,2018,8362810996.26858,3725418784.11444,11228194993.4124,3762347073.21664,9141934876.71749,25636100131.7523,9375719932.24167,4784095614.5304,2075136457.74515,3436344814.60568,23959037648.3229,785097286.58135,-49433121.4669008,1421904237.64263,387483441.255436,1011749277.11717,1228009026.04415,31366548012.955,6085492633.4348,275028732.968633,-1444521583.62886,1876156251.18076,14159815546.77207,7407510364.6321,3.2255678141544224,23.615956596730545,3.946580298553445,9.010791829949204,0.618678382436784,0.36651530116515263,55.23389077901923,1.2610945530496804,1.2235304064094015,6.368109369516243
AMT.N,American Tower Corp,large,Equity Real Estate Investment Trusts (REITs),Specialized REITs,Real Estate,United States,2016,45116245311.36,787161000.0,6763821000.0,,10517258000.0,30879150000.0,1631269000.0,22271681000.0,308369000.0,58601000.0,3316024000.0,1458700000.0,-703986000.0,1125860000.0,155501000.0,956425000.0,,5785668000.0,543395000.0,-99300000.0,-2102300000.0,2701700000.0,23902950000.0,2469644000.0,16.530934716613537,42.685546422642986,3.0973164740609764,14.140306196748849,0.6715814497792822,0.03592356625424746,77.40805689275773,3.5339418355394088,0.18736487241391037,
7261.T,Mazda Motor Corp,small,Automobiles & Components,Automobiles,Consumer Discretionary,Japan,2017,8633510440.26755,3574259292.51212,9333022086.55055,3384368827.4376,8613081343.14958,22666115999.2817,8942619859.93895,4170272939.48644,1930059256.59903,3109552882.0255,22652137080.5857,762564631.430297,-125484147.877326,1188157785.08856,283750358.572036,867711501.838638,1174297347.57785,29741306741.1447,5926234540.7937,-1386950508.66505,-589864320.257145,1490570695.36894,13112892799.42539,7089169660.559,2.9175298496156157,23.836106874052394,3.8282319823393482,9.297218990717518,0.6155152109024935,0.34772280726766,57.85240311944465,1.404999653683651,1.3121483514020318,6.693164437912715
7261.T,Mazda Motor Corp,small,Automobiles & Components,Automobiles,Consumer Discretionary,Japan,2016,9307769403.63806,4065875977.25657,8475621890.54726,3407205046.19758,8329068941.00924,22640378464.8188,8941631130.06396,5021393034.82587,1760954157.78252,3440271855.01066,21399260056.6897,658214373.008746,-202760232.135235,1391791841.3012,247401322.418308,1120353008.73047,971918883.10477,28393292024.1948,5103911868.74785,-783986227.447053,-900923213.382736,2190130562.67422,13963024164.88983,6994031967.5051,3.945836952530135,24.632691276324245,4.948472970411701,13.218534559452017,0.6516518127713696,0.3847476824942623,61.673104036609494,1.6474335860195215,1.2540997081084813,6.280590620917031
7261.T,Mazda Motor Corp,small,Automobiles & Components,Automobiles,Consumer Discretionary,Japan,2015,12180288821.8531,3146212121.21212,7239385614.38561,3159357309.35731,7850682650.68265,20590134865.1349,7526298701.2987,5643539793.53979,1784865134.86513,3416325341.32534,20544720119.3623,629507218.007901,-82317081.0398878,1913373990.61569,435752223.128538,1451544637.5508,990601888.623247,27730591810.9965,5331424885.28061,-573788261.088163,-873332496.024783,1868806137.27897,13169838494.83849,7185871691.6342,5.2344524323321275,25.913156634416506,7.049709227542206,20.05066057907442,0.6551795845182664,0.45391838364531506,63.96188553936509,1.8191928426451398,1.3467901979579782,6.502816271687103
7741.T,Hoya Corp,medium,Health Care Equipment & Services,Health Care Equipment & Supplies,Health Care,Japan,2025,38703019083.6945,3560966988.99633,6495651883.96132,830610203.401134,1406402134.04468,8231263754.58486,1197119039.67989,554458152.717573,1117872624.20807,4669709903.3011,785018304.519081,318940769.618141,88045694.8881007,1706845568.35086,382220740.336375,1326935945.43437,,5686077642.77679,2622245036.8586,-1249789270.19685,-217927867.615648,1543675425.96764,1751577192.397463,4901059338.257709,23.33657802087912,86.19402769646814,16.120683105255367,20.428064328859154,3.908416337990517,3.900789936938754,21.279565867657013,0.2696537966762588,0.6907903588449116,0.9451103553804588
7741.T,Hoya Corp,medium,Health Care Equipment & Services,Health Care Equipment & Supplies,Health Care,Japan,2024,43466832415.5706,3470768620.71244,6395862798.2288,786967153.525874,1310058819.6418,7954682440.02379,1116727248.69473,478401956.248761,938014671.865706,4544729363.55826,724908406.812347,327101773.12307,171192221.188668,1638861908.18972,374085935.807767,1256531921.4243,,5283189664.54982,2481147588.42684,-768234704.870456,-248069728.312243,1543521883.58536,1595129204.943491,4558281257.737473,23.783585318839183,86.27896303484088,15.796129272264729,19.64601119605427,3.947949956205767,4.06968610183937,20.052707533837395,0.24940015995734438,0.6641609774348226,0.9211418844668634
7741.T,Hoya Corp,medium,Health Care Equipment & Services,Health Care Equipment & Supplies,Health Care,Japan,2023,39139582583.0258,3056615709.01423,6162519768.05482,791851796.068981,1345342269.74923,7744001807.36501,1175532796.14429,433940808.795843,1018826718.87943,4172422622.18541,756703234.574098,367212744.360269,50247048.7042601,1597425396.36734,348184144.828872,1248131064.86802,,5355407275.81763,2411258837.00244,-1440230365.07705,-351529507.329141,1493785770.05923,1609473604.940133,4598704041.243532,23.305997108827977,85.87029528097713,16.117391187602415,20.25358314204627,3.466889602111469,3.5493885290744953,20.7834869486914,0.2611713496293024,0.6915555302071749,0.9556121970432191
7741.T,Hoya Corp,medium,Health Care Equipment & Services,Health Care Equipment & Supplies,Health Care,Japan,2022,42634549898.0766,3447345060.00329,6607356567.48315,751611047.180668,1394583264.83643,8160767713.29936,1211408844.32024,463611704.750945,1024289002.1371,4402309715.60085,917963470.273741,383249437.037095,59794751.775755,1877102647.14873,402162467.135416,1465532662.45145,,5892758533.68617,2521633412.37878,-950747243.595371,-261005160.537257,1693130445.28324,1675020549.071185,4974795063.412429,24.870061348580276,84.42217740594377,17.958269539557108,22.180317461052283,3.691267471841487,3.6340412539014655,20.525281541115966,0.25350842382481376,0.7220838456267928,1.2213278047429845
7741.T,Hoya Corp,medium,Health Care Equipment & Services,Health Care Equipment & Supplies,Health Care,Japan,2021,43800325439.0243,3025266485.99819,6215004516.71183,698888888.888889,1490126467.93135,7708130081.30081,1188888888.88889,445058717.253839,979485094.850948,3820903342.36676,785795841.833845,342818625.838951,10925362.415277,1502171289.3226,319675349.4964,1183543189.5914,,5169460708.06649,2238067095.0473,-1091338036.8414,-281059193.740157,1432298030.21419,1633947606.142729,4383664866.232645,22.894906382489467,84.79926850768632,15.354478675218042,19.043319862582766,3.3684826380974027,3.213843932831851,21.19771707157006,0.2629036876399892,0.670650424103131,1.124350171145406
7741.T,Hoya Corp,medium,Health Care Equipment & Services,Health Care Equipment & Supplies,Health Care,Japan,2020,32370791630.2427,2957146842.74156,5998716637.21752,726587928.95006,1416367525.34177,7542155677.48535,1231219194.64336,458941690.69097,879447596.019715,3615530549.61406,868357811.511007,316249909.019319,11426729.1267235,1354904625.6315,300425453.223856,1052565517.28819,,5304375983.16902,2407976157.49454,-786328248.794528,-435945356.634997,1503010491.55903,1690160885.33433,4436018171.658013,19.84334294228047,83.62940684698185,13.955764933761333,17.546511711485312,3.116093751180186,2.9365449834960944,22.40952000473492,0.28175374626768573,0.7032970691659822,1.1951173105308925
7741.T,Hoya Corp,medium,Health Care Equipment & Services,Health Care Equipment & Supplies,Health Care,Japan,2019,25152641589.4983,2647031757.48827,5622112955.61169,712495488.993143,1002138217.25009,6892051605.91844,1008408516.78095,220461927.102129,913433778.419343,3575793937.20678,759696227.092385,238299279.631325,676576.543471737,1304953773.98655,203360866.926445,1101493675.83373,,5104192675.17716,2364202010.4459,-295817306.847003,-632770467.537087,1322373364.7258,1228870443.883079,4344496448.084775,21.580174298484895,85.11623139175448,15.982086885243863,19.592165517312818,3.5307769387681893,3.545977525677251,17.83025598397734,0.2185780423811099,0.7405911863448637,1.0662470693897912
7741.T,Hoya Corp,medium,Health Care Equipment & Services,Health Care Equipment & Supplies,Health Care,Japan,2018,19043103784.1144,2313523433.08865,4951938641.06908,671381517.033691,992781855.825334,6123141351.40222,981338226.990401,147666102.013928,923913043.478261,3217701863.35404,762561200.520823,259228191.860491,5381212.85740144,1121820360.9168,225956766.727061,898319449.721977,,4835976813.72231,2319149250.56925,-1059385651.33806,-618776276.436732,1223404296.9212,1129004329.004329,4073415613.201487,18.57576006512177,84.23149593362359,14.67089191916595,18.14076293821035,3.299001697402111,3.2788917978077645,18.43831889893875,0.22799239062473256,0.7897868979645317,1.1358090462334793
7741.T,Hoya Corp,medium,Health Care Equipment & Services,Health Care Equipment & Supplies,Health Care,Japan,2017,18743591771.5927,2665209193.75112,4586882743.7601,588085832.285868,931307236.4877,5921915963.36865,1173819357.15568,120650026.934818,796184234.153349,3273307595.6186,716486541.441424,275515519.196514,41729354.5883158,1025144975.96728,221535684.458547,802572997.115414,,4431324362.65272,2168640323.22928,-594842234.396505,-254512052.474679,996156490.839747,1294469384.090498,3714837821.211296,18.111357495730022,83.83132258428236,13.552590109010508,17.497133498937107,2.948829738412122,2.788595686094544,21.85896240503464,0.28221113475191123,0.7482923415434597,1.2183366816651018
7741.T,Hoya Corp,medium,Health Care Equipment & Services,Health Care Equipment & Supplies,Health Care,Japan,2016,15388457650.3198,2543461265.10306,4382240582.80028,589978678.038379,966160270.07818,5677034470.50462,847681236.673774,403500355.366027,755943496.801706,3362713219.6162,750363718.447442,279415218.567913,-15144298.1785556,992664154.522725,214887339.372328,776593276.16231,,4215024080.00454,2035562037.78632,-1346225590.25984,-126363623.932351,1099266011.26666,1251181592.039801,3464660361.557098,18.424409005072008,82.19787825158441,13.679558935164968,17.721374750860026,3.892270607346858,3.9669548813079647,22.039351681593473,0.2855118445460354,0.7424693476680396,1.2718488758650186
7741.T,Hoya Corp,medium,Health Care Equipment & Services,Health Care Equipment & Supplies,Health Care,Japan,2015,17076333808.6913,2903921078.92108,4911871461.87146,573801198.801199,1067191142.19114,6108325008.32501,781443556.443556,364385614.385614,759199134.199134,3826998001.998,835263359.612266,318555952.520783,118622149.426567,1080825284.90847,231321417.605761,848251653.211831,,4478365461.17971,2174894790.38399,-785412442.446871,-250323994.941084,1054601910.9907,1145829170.82917,3643102101.567444,18.941099393625212,81.3489236898447,13.886812703249294,17.26941879070754,4.687632501305042,4.897344114545048,18.758484024139584,0.2332775154487859,0.7331576913599334,1.4556668082208974
8035.T,Tokyo Electron Ltd,small,Semiconductors & Semiconductor Equipment,Semiconductors & Semiconductor Equipment,Information Technology,Japan,2025,63251312174.9249,2775858619.53985,12372184061.3538,4995825275.0917,2945688562.85428,17512377459.1531,4521007002.33411,619186395.465155,3117199066.35545,7488036012.004,8438730106.322,408811722.013989,17399037.3939945,4636114675.63134,1063507953.61481,3572600156.34205,1641530238.54126,15964883984.1662,2947771177.98851,-2552970605.33255,-1113597484.28605,3822351848.20249,5140193397.799265,7526153877.8442,22.377864818092736,47.14192652642235,20.40042915175277,28.876066979164598,1.3034834236825614,1.65627613674079,29.351773680007497,0.4154637024723354,0.9116343010195865,1.6891563739020286
8035.T,Tokyo Electron Ltd,small,Semiconductors & Semiconductor Equipment,Semiconductors & Semiconductor Equipment,Information Technology,Japan,2024,123339549565.858,3055865441.80821,11632938999.4052,5042336924.19536,2229634525.14705,16234630890.2254,4044008988.16998,557682902.650188,2501572929.74688,7194184125.30566,6929554351.88839,363098486.380175,-10952810.5580221,3279878354.06669,758418049.234328,2521453377.05845,1405458277.2534,12681477199.4589,2591029010.47668,-2251609655.33453,-866997049.788332,3011648803.66473,4601691890.820168,5751922847.57051,19.88296266594271,45.35688356413191,15.531325560204605,21.675119049342335,1.3742398663831794,1.7789733272974788,28.34491231698264,0.39557431626310907,0.7811373898925048,1.3742743604929148
8035.T,Tokyo Electron Ltd,small,Semiconductors & Semiconductor Equipment,Semiconductors & Semiconductor Equipment,Information Technology,Japan,2023,56969568772.6485,3562760750.05648,12045515475.5629,4911567136.07952,1951110776.41389,17407892160.5543,4743527374.04925,618849310.942089,3312372919.64756,8367090895.39875,9063689798.65442,318956630.418337,7652886.78158859,4624712014.30978,1134403542.34782,3490308471.96197,1415088337.61374,16349534064.5055,2713917927.09867,-1898670848.76987,-309046364.073514,3154928480.06554,5362376684.991339,7285844265.85108,21.34806079605264,44.563008567127895,20.050149896211398,28.975999234261614,1.4493715599316068,1.7638964078025954,30.80428483548574,0.4451761899165008,0.9392023981831066,1.8453763427306382
8035.T,Tokyo Electron Ltd,small,Semiconductors & Semiconductor Equipment,Semiconductors & Semiconductor Equipment,Information Technology,Japan,2022,81732616478.3001,2254430379.74684,11072234095.0189,3894821634.06214,1833618280.45372,15571732697.6821,3851537070.52441,647961532.138747,3566891336.51159,7727478217.98455,9728076941.05249,329022581.545584,-7768328.89577747,5315764123.22549,1422013985.0938,3893750138.13169,1409844790.97495,17851165462.1598,2784402482.45888,-1490022497.46807,-495605129.736115,2524591078.88497,4499498602.663157,8123088521.10731,21.8123020952638,45.50452763617207,25.005246453474548,35.166797456742565,1.5114281933850948,2.0063361916265827,28.895298230574696,0.4063767586604189,1.1463827313717632,2.497695107774808
8035.T,Tokyo Electron Ltd,small,Semiconductors & Semiconductor Equipment,Semiconductors & Semiconductor Equipment,Information Technology,Japan,2021,66448947838.2113,1685076784.10117,9255302619.69286,3751960252.93586,1779286359.53026,12875916892.5023,2959900632.33966,660713640.469738,1731707317.07317,6215311653.11653,7870006507.97948,321175464.024922,-22350763.0067282,2991152892.41329,699072239.65662,2292071218.07411,1289230503.73297,13200083252.1061,2304506129.70047,-1080507021.25181,-172409389.271824,1376388101.30838,3620614272.809398,5330076744.12662,17.36406637972079,40.379114603509755,17.80122718413003,24.76495164185321,1.1543577050671243,2.099837942263495,28.119273392621047,0.3911935051270694,1.025176176757755,2.0975719297189523
8035.T,Tokyo Electron Ltd,small,Semiconductors & Semiconductor Equipment,Semiconductors & Semiconductor Equipment,Information Technology,Japan,2020,29759398246.1173,1394085371.52423,7715911838.55668,3646080163.67525,1632846647.44722,11889658699.8977,3557872221.70557,615874639.635451,1396205710.03441,5392969403.88729,6213343764.37839,269595365.217696,33636168.8303552,2250624025.24466,546670545.878248,1703944279.10141,1106497470.70272,10371329927.8161,1974827681.41874,-2303507148.44949,146753426.97292,2328734275.07226,4173746861.341021,4157986163.43771,16.429371073534163,40.09115699121589,14.331313640786602,22.083511511714548,0.784258373455872,1.5157850163888158,35.104009010594496,0.5409272356488916,0.8722983720218425,1.7041160603872565
8035.T,Tokyo Electron Ltd,small,Semiconductors & Semiconductor Equipment,Semiconductors & Semiconductor Equipment,Information Technology,Japan,2019,23848561674.4857,1602616383.9769,8012603753.15771,3195759653.55467,1353924575.96536,11346328040.4186,2750649584.98737,583074702.273548,1325216528.32912,6117060627.93215,6784321674.04966,222611724.843361,55758928.2026508,2900330284.51348,661060388.074785,2239269896.4387,1028215925.66545,11531029345.6975,1945040289.21371,-1170576651.43248,-758063422.367473,1710123892.29974,3333724287.260918,4746707671.64784,19.419514332206816,41.164648266366164,19.73563507472931,27.94684431457402,1.0644150851804932,2.223860378769489,29.381525682893326,0.416060046142569,1.0162785091900168,2.1229136135138957
8035.T,Tokyo Electron Ltd,small,Semiconductors & Semiconductor Equipment,Semiconductors & Semiconductor Equipment,Information Technology,Japan,2018,31118919477.3668,822294372.294372,7260577827.96913,3238001129.30548,1185319028.79729,11319367588.9328,3467457180.50066,591332580.463015,1501138716.35611,5440852625.63523,5920191886.80173,191583818.156378,-15394241.4796467,2485127163.24981,639623961.818846,1845241363.8926,876731396.127939,10209208140.644,1750338799.55678,-745325067.391998,-106838744.532938,1684617577.42755,4058789760.963675,4289016253.84227,18.074284885489675,42.011252927317805,16.301629480579233,25.414524953983392,0.6700682856925736,1.5691189082974155,35.85703643843181,0.5590174579946575,0.9019238981712876,1.8283476905616627
8035.T,Tokyo Electron Ltd,small,Semiconductors & Semiconductor Equipment,Semiconductors & Semiconductor Equipment,Information Technology,Japan,2017,18029615938.2743,636254264.679476,5797405279.22428,2121161788.4719,901786676.243491,8596220147.24367,2224546597.23469,571718441.37188,1201247979.88867,4742036272.22122,4417454672.51349,171201385.354237,5061187.79596647,1379714953.1688,313358769.809865,1065986078.21847,775370269.290658,7399502820.84553,1541432394.29842,-364368510.795538,-267336195.592064,1267128969.43696,2796265038.60657,2982048148.33204,14.406185172541923,40.300655605281406,12.400637256367526,18.38729615882752,0.8260120272833688,2.1316866448722602,32.529006827531944,0.4823304398999553,0.8607856353257937,2.082563761294161
8035.T,Tokyo Electron Ltd,small,Semiconductors & Semiconductor Equipment,Semiconductors & Semiconductor Equipment,Information Technology,Japan,2016,10767477284.0796,672299218.194741,5010758706.46766,1733102345.41578,855685856.432125,7048391968.72779,1475302061.12296,560305614.783227,1034603766.87989,4009914712.15352,3306724584.90027,168587627.549611,15652719.8565368,887370858.490974,237791319.226302,649212808.873997,635827149.61436,5533861577.90623,1253717849.21207,-1155200730.6262,-1250325593.09833,578417173.910512,2035607675.906187,2227136993.00596,11.731641634585854,40.24562164506852,9.210793210060048,12.95637740520258,1.156985426954113,2.718029627845352,28.8804550731251,0.4062473958841237,0.7851239832374238,1.907979983782764
8035.T,Tokyo Electron Ltd,small,Semiconductors & Semiconductor Equipment,Semiconductors & Semiconductor Equipment,Information Technology,Japan,2015,12603069064.2857,660855810.855811,5335539460.53946,1461763236.76324,889910089.91009,7293981018.98102,1438661338.66134,517640692.640693,919638694.638695,4146436896.4369,3385100297.60199,201341401.415351,22631256.1242241,793620385.903879,136171427.196563,657074208.504936,652147614.380963,5604105928.88076,1413630885.36854,-166471352.096322,1423474933.36764,656324708.100176,1956302031.302033,2219005631.27877,11.724871314774834,39.596068658215835,9.008444178769336,12.315047304298284,1.0985869036872433,2.882149387773997,26.820772171070598,0.36665496446431256,0.7683192366825848,2.3157651064597613
CERT.OQ,Certara Inc,small,Health Care Equipment & Services,Health Care Technology,Health Care,United States,2019,,29256000.0,492048000.0,,4623000.0,1037069000.0,63002000.0,482019000.0,43649000.0,24521000.0,118607000.0,41560000.0,-28764000.0,-9151000.0,-225000.0,-8926000.0,11633000.0,208511000.0,70291000.0,-8489000.0,-9517000.0,38025000.0,545021000.0,89904000.0,-4.280829308765485,43.11714969474033,-0.8606949007250241,-1.8140506617240595,1.1571854861750421,0.3892098663534491,52.55397663993428,1.107658195948363,0.2010579816772076,
8233.T,Takashimaya Co Ltd,small,Consumer Discretionary Distribution & Retail,Broadline Retail,Consumer Discretionary,Japan,2025,2546417088.09603,601181938.911023,3141095617.52988,243120849.933599,5044980079.68127,8605657370.51793,2759269588.31341,2524023904.38247,1087164674.63479,-544787516.600266,1306736832.11659,218031218.453699,6766712.40896339,375765844.374763,108838401.433404,259412519.84896,,3271721857.86282,1587571805.21759,-274160146.214567,-260521709.370895,475789798.897171,5283293492.69588,1964985025.74623,7.928929509258941,60.059660054043015,3.0144416478592304,8.258663582261748,0.6118817170662206,-0.19743903202052276,61.39325870439466,1.6819906605869575,0.38018267716204834,5.374844783873884
8233.T,Takashimaya Co Ltd,small,Consumer Discretionary Distribution & Retail,Broadline Retail,Consumer Discretionary,Japan,2024,2868282154.92366,631764235.231364,3027603680.49073,247593012.401654,5048939858.64782,8470962795.03934,2782470996.13282,2496052807.04094,1041792238.9652,-596546206.160821,1312406466.43904,241571282.702347,-14189085.6813613,283732737.493216,52747296.3273089,221239190.498188,,3261348749.99785,1627532905.8318,-144129765.796865,-269375733.638111,416549016.334085,5278523803.17376,1948942283.55881,6.783671648066888,59.75878180952267,2.611736066504121,7.307402614279039,0.6014641218264392,-0.21439440231000528,62.313150593282074,1.7434659090909115,0.3850033141342234,5.300660360761751
8233.T,Takashimaya Co Ltd,small,Consumer Discretionary Distribution & Retail,Broadline Retail,Consumer Discretionary,Japan,2023,2587612597.13081,666967694.566813,3034706314.24376,266916299.559471,5180007342.14391,8650521292.21733,2685249632.89281,2760558002.93686,1047775330.39648,-471372980.910426,1363645895.0664,251238487.212528,1833038.39687521,261166821.713154,45010444.880005,208285534.410648,,3317747125.8185,1710785958.48769,-242619465.852527,-80107518.838134,273070348.608781,5445807635.82967,1954101230.7521,6.277920724873304,58.89843790521004,2.4077801484407373,6.863449468999182,0.6385786274611669,-0.17554158657592572,62.95351981537962,1.7945089481209813,0.3835314674970396,5.1088895557034695
8233.T,Takashimaya Co Ltd,small,Consumer Discretionary Distribution & Retail,Broadline Retail,Consumer Discretionary,Japan,2022,1697817827.73302,788520740.933994,3466127489.3469,341751456.648404,6142325419.6017,9951604487.34673,3068223323.76728,3226637098.87816,829924341.247065,-721688842.508044,4737520116.16141,284154299.478388,4298026.69730163,32903682.4613885,-21391431.4120398,48103801.9295074,,6829501611.60126,2055093838.33629,-42693133.6654721,-333074636.751224,188826041.373728,6294860422.64544,2091981495.43985,0.7043530357734095,30.631539670277043,0.48337734875487104,1.387825522210416,0.527486076272268,-0.23521392231055963,63.254728728912326,1.8161075846149963,0.6862714068153369,13.86247234356458
8233.T,Takashimaya Co Ltd,small,Consumer Discretionary Distribution & Retail,Broadline Retail,Consumer Discretionary,Japan,2021,1896422286.00722,1000891349.22124,3699737286.54532,406352036.029274,6629151810.84631,10794764496.1531,3777678738.97542,3122255582.66091,938431225.370614,-1116701069.61907,4453165466.62699,265478987.870923,-28997224.774207,-300623133.298991,12104995.8191251,-320754062.383527,,6429235217.04095,2104871815.91215,21745558.0120477,-255262446.937776,412816238.075001,6899934321.63633,1976069750.41396,-4.988992493747239,30.735689140386505,-2.971385457254146,-8.669644289339136,0.5133635516920203,-0.2956050915864648,63.91926682694412,1.8649795342845106,0.5955882797936091,10.958885576510756
8233.T,Takashimaya Co Ltd,small,Consumer Discretionary Distribution & Retail,Broadline Retail,Consumer Discretionary,Japan,2020,1608481121.66837,831127972.610345,4022420653.28028,425400203.571759,6623521791.43148,10812464143.6106,3682011659.10984,2912158785.97206,1066567965.20774,-1019256037.75331,5812025287.54362,287679505.065764,-28033840.1268232,229014909.34374,76631947.2664814,147088190.963289,,8433955567.11046,2406569823.28651,-215488925.596789,-215039282.98919,372634428.762696,6594170445.0819,2621930279.56684,1.744000069633786,31.087788626625812,1.3603577224365428,3.656708326697227,0.5153965042785525,-0.2768204264729907,60.98674971309465,1.6393537656744976,0.7800215986930537,13.662488261041025
8233.T,Takashimaya Co Ltd,small,Consumer Discretionary Distribution & Retail,Broadline Retail,Consumer Discretionary,Japan,2019,2363925252.56225,871778755.499686,3985992637.15543,408718685.462872,5578055131.5435,9680614168.98626,3135637963.54494,2400368142.22861,1048504983.3887,-467738170.063752,5701715076.71223,181524840.509603,34881101.781472,221695623.786889,67253227.92195,148935330.198064,,8268279407.68973,2326798647.97117,156027488.778924,-777284276.649446,615133800.385642,5536006105.77355,2566564330.9775,1.8012856466794047,31.041093369323292,1.5384905089514613,3.736467769904122,0.6124060753230081,-0.14916842298176505,57.18651739586139,1.3888651108307801,0.8541069051361203,13.950218767842886
8233.T,Takashimaya Co Ltd,small,Consumer Discretionary Distribution & Retail,Broadline Retail,Consumer Discretionary,Japan,2018,3416006599.12478,933167713.508953,4117118215.05578,419471266.522921,5163185525.45233,9710387175.40077,3476966344.80172,2019246273.55395,1309946564.16987,-406740414.362051,5626009630.46201,171987464.969225,29390433.5009803,314368984.551121,97779538.7693779,212449821.631437,,8151781999.49813,2210954401.38844,127376504.494777,-559307223.049819,331098094.729039,5496212618.35567,2525772369.03612,2.606176436569533,30.984297288514597,2.187861490936572,5.16015840532669,0.6451354586829458,-0.11698140678587617,56.60137458039956,1.3349659473601503,0.8394909340122875,13.412145430358315
8233.T,Takashimaya Co Ltd,small,Consumer Discretionary Distribution & Retail,Broadline Retail,Consumer Discretionary,Japan,2017,3108955557.20955,950412416.851441,3656097560.97561,399547671.840355,3669206208.42572,8749126385.80931,2836301552.10643,2171006651.8847,1085516629.71175,50616407.9822617,6002794297.36386,180741229.5742,58199157.0605978,320160132.370557,120487984.617346,193102767.544463,,8545755112.92928,2234412756.66243,-39120196.5106848,-84421162.0065014,391072428.032309,5007308203.99113,2542960815.56542,2.2596337595996476,29.757005460150076,2.2071091332920623,5.281663421829875,0.7178112091259027,0.017845919078904187,57.23209361922991,1.3695772939535444,0.976755248019975,15.023975160997466
8233.T,Takashimaya Co Ltd,small,Consumer Discretionary Distribution & Retail,Broadline Retail,Consumer Discretionary,Japan,2016,2972133477.10554,670042606.071365,3540990591.15924,409648499.911237,3704127463.1635,8649218888.69164,2885513935.73584,2147638913.54518,1054003195.45535,-305849458.547843,5396132371.1523,164782586.348148,121837989.775223,343581639.170879,142410946.481264,197515304.330484,,7705218817.6869,2035786072.43646,-159469425.490544,-133293197.739666,212509856.579166,5033152849.28102,2309086446.5346,2.5633964330396255,29.96782442095247,2.283620138099684,5.577967499366384,0.5974830965725567,-0.10599479515937524,58.191992988656814,1.4213968435406883,0.890857188012785,13.172591556716402
8233.T,Takashimaya Co Ltd,small,Consumer Discretionary Distribution & Retail,Broadline Retail,Consumer Discretionary,Japan,2015,3495403723.80119,735394527.65459,3356263074.21973,354765291.607397,3451376453.85323,8196895657.26717,2817362563.80219,1961601539.62012,1003547820.26609,-406292360.471927,5900329493.50631,180257710.553702,4956461.69225629,335529295.529806,118658619.354053,209199741.070728,,8453981937.08616,2256978101.95158,107643230.658553,-1075126024.15822,380026277.787576,4778964103.42231,2553652443.57985,2.4745704761090725,30.20650461029988,2.552182555663699,6.233115117752297,0.6172234877622137,-0.14421017929748187,58.30212196473912,1.4238943723245927,1.031363859022783,16.631642477686185
8267.T,Aeon Co Ltd,small,Consumer Staples Distribution & Retail,Consumer Staples Distribution & Retail,Consumer Staples,Japan,2025,21805382760.9203,8355796812.749,6975776892.43028,4315770252.32404,23901752988.0478,91854707835.3254,56066819389.1102,21702722443.5591,12326586985.3918,1659116865.86985,41440160635.6913,2376284314.33257,-45594908.9282916,1074358345.64544,606155665.608364,188916634.315812,,66517747778.0967,23080914737.8905,5782224.66760111,-3142550502.94448,3716237762.84272,77769541832.6693,25077587142.4054,0.2840093668625675,37.700595675704875,0.20566897306395723,2.7081805686878213,0.3688881235549081,0.029591777881234665,84.66582025615105,11.148513352980142,0.7241626406057259,9.602031204829728
8267.T,Aeon Co Ltd,small,Consumer Staples Distribution & Retail,Consumer Staples Distribution & Retail,Consumer Staples,Japan,2024,20716204060.1414,7779223896.51954,7036111481.53087,4169162555.00733,22769622616.3488,86283964528.6038,51826336844.9127,20541098813.1751,13051246832.9111,1813595146.01947,41657133545.8011,2413354976.00048,-173865275.730684,1269671291.22122,535987814.000021,312691625.87347,,66842326841.6019,23050106720.0562,-111014902.616449,-3560397024.25463,2578152670.349,72367435658.0878,25185193295.8008,0.46780481866596885,37.67851073689108,0.3623983060836412,4.444097093888522,0.401928285839777,0.03499369734439361,83.87124543181768,10.285146255576748,0.7746784377234214,9.991726874685956
8267.T,Aeon Co Ltd,small,Consumer Staples Distribution & Retail,Consumer Staples Distribution & Retail,Consumer Staples,Japan,2023,16848847441.4639,9692349486.04993,7296255506.60793,4381116005.87372,24239676945.6681,90613237885.4626,54903656387.6652,21243854625.5507,13786791483.1131,1496923641.70338,42835383963.6411,2523398066.08528,-204671830.142523,1259536795.91327,628290744.555071,159975620.416268,,68210149455.1633,23399909777.0439,13863755.7118766,-2507319700.71841,3244926869.83161,76147511013.2159,25374765491.5222,0.23453345534952252,37.200864818808,0.17654773645599242,2.192571522082586,0.4276425745378575,0.02726455285844465,84.0357466416422,10.436519245283025,0.7527614181647789,9.777276818557672
8267.T,Aeon Co Ltd,small,Consumer Staples Distribution & Retail,Consumer Staples Distribution & Retail,Consumer Staples,Japan,2022,18702015211.5239,10271562744.5865,8337438038.09027,4827689364.29255,27227480650.4914,101166040525.263,61291990607.879,24112479346.0301,14393182015.8275,1197495434.3856,49700586144.4239,2880530314.19886,-253224658.506366,1102080444.76551,581803864.411352,58368817.6742111,,78207548806.9583,26375563147.7182,-19803225.3046862,-3085373010.38404,1834539566.47894,85404469953.9091,28506962662.5344,0.07463322730940507,36.450397816327,0.05769605825349599,0.7000809770045471,0.4024138311677445,0.019537551685124478,84.42009740668071,10.24349081381256,0.7730612802566732,10.294901430905762
8267.T,Aeon Co Ltd,small,Consumer Staples Distribution & Retail,Consumer Staples Distribution & Retail,Consumer Staples,Japan,2021,25984454950.5691,12370097579.2832,9118708951.02271,5093769938.07469,28738187277.1627,107724413586.039,64538102833.5523,26712525802.2143,15037558641.3961,2418615124.78889,51987605035.7199,2933251993.92125,-249927561.884886,502508402.884572,859171434.924989,-670628099.108849,,81240479390.1163,27014016664.324,229352845.902145,-3227501591.98006,3743493562.75053,91250628635.7666,29252874354.3964,-0.8254851573296322,36.007756938415234,-0.6225404964244445,-7.3544193888723095,0.424674030027894,0.037475770414674967,84.70747307701531,10.006967995785454,0.7541510478980691,10.206115640819428
8267.T,Aeon Co Ltd,small,Consumer Staples Distribution & Retail,Consumer Staples Distribution & Retail,Consumer Staples,Japan,2020,19452683420.7012,11804978254.8348,9866031276.0248,5327546960.30351,28632552974.9237,102365920236.884,61064319422.5965,24189747385.9535,15052317942.0746,1056084019.61692,49844782562.9347,2817662459.56852,-142940467.317684,1602783192.11504,915123646.640777,246275679.647686,,78955470853.0583,26785742364.6859,469500293.371124,-3133660272.53326,5732108196.32775,85254066808.55,29110688290.1236,0.31191718190880324,36.86975452822091,0.24058366209943877,2.496198043139742,0.43981979085107126,0.017294617046466617,83.28364226225328,8.641171350806864,0.7713062186160022,9.356047527002005
8267.T,Aeon Co Ltd,small,Consumer Staples Distribution & Retail,Consumer Staples Distribution & Retail,Consumer Staples,Japan,2019,18222783029.935,7897279339.13981,9837442758.37299,5373260303.49286,25059459459.4595,90198258058.7232,53938726766.6338,19420490257.6996,13123965161.1745,-435440423.812517,48847735868.8963,2375701028.78607,-97197897.4855819,1522440984.35086,723065041.317353,214105293.147347,,77155212778.8786,26063012516.8004,1302421030.2159,-5999948044.06013,4255983531.72447,73359217024.3334,28307476909.9823,0.2774994526435403,36.68900115810649,0.2373718714256706,2.17643241649477,0.3897245218868966,-0.008072871754953586,81.33107956095249,7.457142961456606,0.8553958184940448,9.090893258445544
8267.T,Aeon Co Ltd,small,Consumer Staples Distribution & Retail,Consumer Staples Distribution & Retail,Consumer Staples,Japan,2018,15586492796.1038,8606477922.56492,10813565201.0875,5627514765.16359,25828367863.5043,88616818224.4305,51070047811.0059,19577922564.9198,12113087091.0284,248232867.722884,47820498180.9015,2291968911.33217,-93478280.7043093,1513917123.63711,680074696.363196,220208249.540036,,75339462379.4662,25343659055.0433,257186497.372923,-3841984275.93291,4165763946.18798,70647970375.9257,27518964198.5647,0.2922880554030259,36.52662672313548,0.24849487258991595,2.0364074701088413,0.40570874517818895,0.004860635115156253,79.72298237677978,6.5332727053627755,0.8501711513570919,8.497622871987502
8267.T,Aeon Co Ltd,small,Consumer Staples Distribution & Retail,Consumer Staples Distribution & Retail,Consumer Staples,Japan,2017,12721111775.0044,7695911308.20399,10050563192.9047,5199130820.39911,23590057649.6674,77612913525.4989,43622705099.7783,17472159645.2328,10532044345.898,11654101.9955654,48567797989.2006,2322063092.88422,-55811973.8298133,1381781226.7524,681152201.165346,104138555.280927,,75965583202.7474,25436159030.5665,753628194.369744,-2477026444.62522,2728531927.49027,61094864745.0111,27397785213.5468,0.13708649481830174,36.0660499905909,0.1341768406190722,1.0361464654482715,0.41785477568181867,0.00026715679297991605,78.71739633242737,6.078750371734557,0.9787750485335113,9.341522586552708
8267.T,Aeon Co Ltd,small,Consumer Staples Distribution & Retail,Consumer Staples Distribution & Retail,Consumer Staples,Japan,2016,12595498881.2366,6533428013.49192,10152440972.8386,5109355583.1706,23215355938.2212,73015036392.686,40226930587.6087,16637972661.1042,9718675661.28173,-852352210.189952,43717798243.9377,1970536146.89659,92636327.2146328,1402682755.26988,898504405.309501,49807774.7166006,,67775807184.8925,22375916919.9299,2597265328.80654,-3701905455.43858,357714149.720355,56864903248.7129,24058008940.9548,0.07348901737271077,35.49645506297626,0.0682157774307292,0.490599008158276,0.40401053317699226,-0.021188596737045262,77.88108594904313,5.601106512300519,0.9282445169291414,8.55642116354891
8267.T,Aeon Co Ltd,small,Consumer Staples Distribution & Retail,Consumer Staples Distribution & Retail,Consumer Staples,Japan,2015,9574329923.97602,6787515689.06368,10109756505.7317,4663467492.26006,20644540205.8405,65766906535.018,35880930466.0698,14573617270.5213,8825002091.87516,-589984101.748808,42013933916.1653,1957339147.72233,-68426964.5962709,1342043066.8042,606420771.943962,389753912.884527,,65578870534.9279,22073189880.0236,885001712.2919,-3352217169.72454,3691442966.59119,50454547736.5911,23564936618.7626,0.5943284928595111,35.93373357385242,0.592629231659239,3.85522552064985,0.4351202039117284,-0.01644283172385166,76.71722815444613,4.99067882673396,0.9971408720586549,9.009161956397396
9501.T,Tokyo Electric Power Company Holdings Inc,small,Utilities,Electric Utilities,Utilities,Japan,2025,4605104588.66755,6244314771.59053,18401000333.4445,926482160.72024,55180620206.7356,99946602200.7336,31620433477.826,43076885628.5429,4328896298.76626,-15190963654.5515,39892414451.8334,2412996990.91649,-433104717.620698,1304868713.4792,242233994.571334,1058898850.12402,,44714810444.0468,3283053911.40803,1274850449.71869,-5641286611.41761,2371843343.22382,74697319106.3689,4822395992.2134,2.3681166029968015,10.784784603409719,1.0594645808942245,5.754572202248331,0.334379067819273,-0.48041604695913626,74.73722714089487,4.059416213943747,0.4473869992522727,43.057941256873576
9501.T,Tokyo Electric Power Company Holdings Inc,small,Utilities,Electric Utilities,Utilities,Japan,2024,10025937144.0354,8211896107.32932,16596807877.8666,803747273.808737,53512517348.4899,96460775890.5558,30870438173.2866,42207732469.7641,4113488863.92175,-13535311611.9225,41524765090.6449,2481577110.40951,-390677954.331779,2094577804.02606,226794534.622372,1855604242.86289,,47929034841.0526,4472411500.07353,3751382646.65302,-4841059133.35881,4662509616.27349,73078170643.0507,6404269750.4077,3.8715660538891377,13.361983548482096,1.92368786766577,11.18048878144521,0.3992617436158295,-0.43845544193263625,75.75946799968212,4.403146145983126,0.4968759000594479,51.66395761925322
9501.T,Tokyo Electric Power Company Holdings Inc,small,Utilities,Electric Utilities,Utilities,Japan,2023,5724220891.35477,5406340838.91859,15779780103.9235,826816778.371865,58829196475.6382,102139355373.146,31305828752.1651,47323006250.4707,5220927780.70638,-15670351683.1087,57307354847.3884,2524897544.58901,-350323104.480592,-828280669.839807,82287036.0132513,-915015853.779301,,60040560417.5749,4427868516.39573,2368279810.36735,-2877914702.05655,-560066971.505195,78628835002.6358,2733205570.1865,-1.5239961909340543,4.552265253983945,-0.8958504294808509,-5.798660359986832,0.3394661327689653,-0.5005569987354174,76.98191819928846,4.982885343445657,0.587829835015392,69.31082719467278
9501.T,Tokyo Electric Power Company Holdings Inc,small,Utilities,Electric Utilities,Utilities,Japan,2022,5323262082.79631,7088410323.85336,17933001808.3183,798824593.128391,62657356567.4832,105526861745.849,32917368074.963,46248660200.5589,4879286536.24856,-16224593128.3906,42007906651.4708,3734526121.67042,-387391951.872573,101121905.155929,67473994.3309846,25986485.5378244,,47304169774.7504,4884408062.29253,4994144616.57944,-4986973166.16533,3621306291.46808,79166028275.5219,5296263123.2796,0.05493487289083601,11.19618661208719,0.024625469864166222,0.14490873204379234,0.36356785368890315,-0.49288852898087715,75.01978829445856,4.4145441528255684,0.44826662133360706,52.58714743240145
9501.T,Tokyo Electric Power Company Holdings Inc,small,Utilities,Electric Utilities,Utilities,Japan,2021,5356725103.33333,4109177958.44625,19198897922.3126,778997289.9729,68221842818.4282,109242592592.593,32207931345.9801,48644408310.7498,5878762420.95754,-17979150858.1752,50501865075.5684,3887457171.18163,-394360296.715168,1796297518.42128,81223182.239309,1706696338.06041,,55351622130.0908,3496248058.44462,-191901443.460047,-5445840299.25227,2262663312.50552,80852339656.7299,4849757054.5224,3.083371855027531,8.761725253731862,1.5622993720272889,8.889553686708858,0.3101080995271804,-0.5582212239911271,74.01173639137154,4.211301085296403,0.506685357940176,64.82932062231599
9501.T,Tokyo Electric Power Company Holdings Inc,small,Utilities,Electric Utilities,Utilities,Japan,2020,5634200773.61666,7563470659.35088,17671226634.4276,816860411.04808,69265284106.7609,111204742862.457,38824393192.5974,45254096531.2006,5167943829.62894,-22214926067.1441,52314933239.1292,3887065960.06042,-391866887.032636,637201153.452289,162550281.97339,466481036.161241,,57422736360.3646,3158800583.66425,125040801.579146,-4676062285.70419,2976221324.7916,84078489723.798,5107803121.2354,0.8123629519042291,8.895088330832321,0.4194794431908409,2.6397773386734174,0.327923077273164,-0.5721899105271733,75.60692786978522,4.7579317193518325,0.5163694900260469,64.0439082755964
9501.T,Tokyo Electric Power Company Holdings Inc,small,Utilities,Electric Utilities,Utilities,Japan,2019,10148973941.7177,9028157704.79971,17046400216.5283,1494794298.08733,75573231685.3122,115098042223.024,45834861060.9888,43065968964.2728,5533155900.39697,-26890905810.1768,51645144355.8899,4887634055.14273,-487261405.587766,2333061447.40504,235187027.531355,2096620498.01312,,57179648733.7356,2717627554.71438,-1061756080.18049,-5149532324.61035,4543960234.12082,88900830025.2616,5534504377.8457,3.666725040190966,9.6791507125513,1.8215952743579473,12.299491220323592,0.3176907984038852,-0.5866911164930818,77.23921997995379,5.2152260240295645,0.4967908022530855,34.55000090779892
9501.T,Tokyo Electric Power Company Holdings Inc,small,Utilities,Electric Utilities,Utilities,Japan,2018,6200613473.64953,11173376623.3766,15540984377.9409,1507999247.12968,77689083380.3877,118500122341.427,43786645962.7329,49706277056.2771,5427846790.89027,-22874440052.7009,47371376574.3041,5067522457.56134,-550725603.104124,2959820562.54155,86243867.8085545,2871888294.05459,,52827429823.2743,2851492052.70413,113204105.379361,-4700372055.49192,6791370521.34024,93492923019.01,5456053248.9702,5.436358164048548,10.32806870828763,2.42353192326671,18.479449076153696,0.37913896004723174,-0.5224067646599259,78.89689999613222,6.015894537009845,0.44580063530285585,31.413395374348227
9501.T,Tokyo Electric Power Company Holdings Inc,small,Utilities,Electric Utilities,Utilities,Japan,2017,6290713265.54138,8451993176.51284,12061725623.9899,1407532770.69492,74334997306.5182,110231639432.573,34156419464.895,54988139701.9214,4485069132.69887,-16345861016.3405,43914927221.7217,5221036206.1367,-582008838.650608,1355241750.75503,123522590.63282,1228850845.28355,,49573122367.1565,3264715949.36819,-5588171252.85727,-4427114416.67984,7245159724.63983,89144559166.8164,5658195145.4348,2.478865132162214,11.413836521186132,1.114789593631345,10.188018560457506,0.3787593228999912,-0.4785589728788848,80.8702107903827,7.3906969819902315,0.44971772734523846,31.19993234689679
9501.T,Tokyo Electric Power Company Holdings Inc,small,Utilities,Electric Utilities,Utilities,Japan,2016,8837454261.62935,12648116560.0569,10627887348.9694,1727549751.24378,75163530561.4783,121355445984.364,25182222814.4989,76466942075.3376,4212144633.97299,-4406103411.51386,44302089710.8021,5183842424.35178,-458246292.711605,1555328591.19743,369372516.444165,1173403893.65425,,50591524245.6596,3186962108.00007,-3286404387.34423,-5175065899.3204,8980793858.98683,101649164889.8365,6289434534.8575,2.319368532872223,12.431794907616545,0.9669149036833805,11.040801008942163,0.6695302999353352,-0.17496880414293708,83.76151895394415,9.56438109966357,0.416887135433362,25.644465335314383
9501.T,Tokyo Electric Power Company Holdings Inc,small,Utilities,Electric Utilities,Utilities,Japan,2015,6087187617.42424,11607467532.4675,8932342657.34266,1870679320.67932,72570379620.3796,118320654345.654,16542024642.0246,84277963702.9637,4512454212.45421,3551648351.64835,56115378652.1138,5705782056.96068,-1031659886.40597,4378380279.13492,220545064.225122,4127306783.78908,,62176213675.2076,3167626356.98661,-5722005998.64909,-4788896275.22025,7978797418.62639,100819988344.9883,6060835023.0938,6.638079966318083,9.747835490198918,3.48823863983362,46.20631946308404,0.9744829967167049,0.21470457386609595,85.20911999899829,11.287071288304325,0.5254890958730687,29.997326656573087
AAPL.OQ,Apple Inc,large,Technology Hardware & Equipment,"Technology Hardware, Storage & Peripherals",Information Technology,United States,2025,3761715193800.0,35934000000.0,73733000000.0,5718000000.0,61039000000.0,359241000000.0,165631000000.0,119877000000.0,39777000000.0,-17674000000.0,220960000000.0,11698000000.0,,132729000000.0,21205000000.0,112010000000.0,34550000000.0,416161000000.0,62151000000.0,-120686000000.0,15195000000.0,111482000000.0,285508000000.0,195201000000.0,26.91506412181824,46.90516410716045,31.17962593356549,151.91298333175104,0.45710645953957896,-0.1067070777813332,79.47533828265705,3.872187487285205,1.1584451663368045,38.6428821266177
AAPL.OQ,Apple Inc,large,Technology Hardware & Equipment,"Technology Hardware, Storage & Peripherals",Information Technology,United States,2024,3522211138000.0,29943000000.0,56950000000.0,7286000000.0,55914000000.0,364980000000.0,176392000000.0,131638000000.0,33410000000.0,-23405000000.0,210352000000.0,11445000000.0,,123485000000.0,19503000000.0,93736000000.0,31370000000.0,391035000000.0,57467000000.0,-121983000000.0,2935000000.0,118254000000.0,308030000000.0,180683000000.0,23.971255769943866,46.20634981523393,25.68250315085758,164.59350307287093,0.3591602793777496,-0.13268742346591683,84.39640528248123,5.408779631255487,1.0713874732862074,28.870710952511665
AAPL.OQ,Apple Inc,large,Technology Hardware & Equipment,"Technology Hardware, Storage & Peripherals",Information Technology,United States,2023,2676736860720.0,29965000000.0,62146000000.0,6331000000.0,54376000000.0,352583000000.0,145308000000.0,145129000000.0,29508000000.0,-1742000000.0,214137000000.0,11519000000.0,-183000000.0,113736000000.0,16741000000.0,96995000000.0,29915000000.0,383285000000.0,54847000000.0,-108488000000.0,3705000000.0,110543000000.0,290437000000.0,169148000000.0,25.306234264320285,44.13112957720756,27.509834563776472,156.07601454639075,0.4092892339031574,-0.011988328240702508,82.37407929480435,4.673462491552152,1.087077369016657,33.82356657716001
AAPL.OQ,Apple Inc,large,Technology Hardware & Equipment,"Technology Hardware, Storage & Peripherals",Information Technology,United States,2022,2203381335000.0,23646000000.0,50672000000.0,4946000000.0,52534000000.0,352755000000.0,153982000000.0,148101000000.0,28184000000.0,-18577000000.0,223546000000.0,11104000000.0,-106000000.0,119103000000.0,19300000000.0,99803000000.0,26251000000.0,394328000000.0,51345000000.0,-110749000000.0,-22354000000.0,122151000000.0,302083000000.0,170782000000.0,25.309640705199733,43.30963056136009,28.29244092925685,196.95887275023682,0.33659778415658975,-0.1206439713732774,85.63535598361469,5.961536943479634,1.1178523337727317,45.19733117670845
AAPL.OQ,Apple Inc,large,Technology Hardware & Equipment,"Technology Hardware, Storage & Peripherals",Information Technology,United States,2021,2324390219000.0,34940000000.0,63090000000.0,6580000000.0,49527000000.0,351002000000.0,125481000000.0,162431000000.0,26278000000.0,9355000000.0,212981000000.0,11284000000.0,198000000.0,109207000000.0,14527000000.0,94680000000.0,21914000000.0,365817000000.0,43887000000.0,-93353000000.0,-14545000000.0,104038000000.0,287912000000.0,152836000000.0,25.881793355694242,41.77935962516778,26.974205275183618,150.07132667617688,0.4878666889808019,0.07455311959579539,82.02574344305731,4.563512442542399,1.042207736708053,32.367933130699086
AAPL.OQ,Apple Inc,large,Technology Hardware & Equipment,"Technology Hardware, Storage & Peripherals",Information Technology,United States,2020,1980644694160.0,38016000000.0,65339000000.0,4061000000.0,45336000000.0,323888000000.0,105392000000.0,153157000000.0,16120000000.0,38321000000.0,169559000000.0,11056000000.0,890000000.0,67091000000.0,9680000000.0,57411000000.0,18752000000.0,274515000000.0,38668000000.0,-86820000000.0,-4289000000.0,80674000000.0,258549000000.0,104956000000.0,20.913611278072235,38.23324772781087,17.72557180259843,87.86635853012748,0.5136632761499924,0.3636044481554577,79.8266684779924,3.957039440456695,0.8475615027416885,41.75301649839941
AAPL.OQ,Apple Inc,large,Technology Hardware & Equipment,"Technology Hardware, Storage & Peripherals",Information Technology,United States,2019,1012160744600.0,48844000000.0,90488000000.0,4106000000.0,37378000000.0,338516000000.0,105718000000.0,142310000000.0,22926000000.0,57101000000.0,161782000000.0,12547000000.0,1385000000.0,65737000000.0,10481000000.0,55256000000.0,16217000000.0,260174000000.0,34462000000.0,-90976000000.0,45896000000.0,69391000000.0,248028000000.0,98392000000.0,21.238094505984456,37.81776810903472,16.323009842961632,61.06445053487755,0.6788815528103067,0.5401256172080441,73.2692103179761,2.7410043320661304,0.7685722388306608,39.40136385776912
AAPL.OQ,Apple Inc,large,Technology Hardware & Equipment,"Technology Hardware, Storage & Peripherals",Information Technology,United States,2018,1090307495240.0,25913000000.0,107147000000.0,3956000000.0,41304000000.0,365725000000.0,115929000000.0,142649000000.0,23186000000.0,15410000000.0,163756000000.0,10903000000.0,2446000000.0,72903000000.0,11872000000.0,59531000000.0,14236000000.0,265595000000.0,30941000000.0,-87876000000.0,16066000000.0,77434000000.0,258578000000.0,101839000000.0,22.414202074587248,38.34371882000791,16.277530931710984,55.560118342090774,0.42352646878692995,0.13292618758032934,70.70285050242668,2.4133013523477094,0.7262150522933899,41.3943377148635
AAPL.OQ,Apple Inc,large,Technology Hardware & Equipment,"Technology Hardware, Storage & Peripherals",Information Technology,United States,2017,796064939360.0,20289000000.0,134047000000.0,4855000000.0,33783000000.0,375319000000.0,100814000000.0,140458000000.0,17874000000.0,27831000000.0,141048000000.0,10157000000.0,2878000000.0,64089000000.0,15738000000.0,48351000000.0,11581000000.0,229234000000.0,26842000000.0,-17974000000.0,-46446000000.0,64225000000.0,241272000000.0,88186000000.0,21.09242084507534,38.469860491899105,12.882641166580962,36.07018433832909,0.3785486142797627,0.27606284841391077,64.28451530564666,1.7999060031183092,0.6107711040474902,29.05211122554068
AAPL.OQ,Apple Inc,large,Technology Hardware & Equipment,"Technology Hardware, Storage & Peripherals",Information Technology,United States,2016,609163481150.0,20484000000.0,128249000000.0,2132000000.0,27010000000.0,321686000000.0,79006000000.0,114431000000.0,15754000000.0,27863000000.0,131376000000.0,10505000000.0,2543000000.0,61372000000.0,15685000000.0,45687000000.0,10045000000.0,215639000000.0,24239000000.0,-20890000000.0,-45977000000.0,66231000000.0,193437000000.0,84263000000.0,21.1867983064288,39.07595564809705,14.202358821956816,35.623669580269635,0.4586740247576133,0.352669417512594,60.132240756514115,1.5082924623193943,0.670340021014281,61.62101313320826
AAPL.OQ,Apple Inc,large,Technology Hardware & Equipment,"Technology Hardware, Storage & Peripherals",Information Technology,United States,2015,615336455900.0,21120000000.0,119355000000.0,2349000000.0,22471000000.0,290345000000.0,80610000000.0,90380000000.0,16849000000.0,8768000000.0,140089000000.0,11257000000.0,2188000000.0,72515000000.0,19121000000.0,53394000000.0,8067000000.0,233715000000.0,22396000000.0,-17716000000.0,-56274000000.0,81266000000.0,170990000000.0,93626000000.0,22.84577369873564,40.05990201741437,18.389846561848834,44.735453060198566,0.4710209651408014,0.10877062399206054,58.89200778384336,1.432616982950023,0.804956172828876,59.63771817794807
ADP.OQ,Automatic Data Processing Inc,large,Commercial  & Professional Services,Professional Services,Industrials,United States,2025,124994519999.999,3347800000.0,6188000000.0,,1029500000.0,53369300000.0,41278300000.0,5903000000.0,3579100000.0,1973900000.0,10108700000.0,582400000.0,-106800000.0,5310100000.0,1230400000.0,4079700000.0,988600000.0,20560900000.0,5021000000.0,-6973400000.0,-3035000000.0,4939700000.0,47181300000.0,10452200000.0,19.842030261321245,50.83532335646786,7.644282387065223,65.92921784098255,0.16780972084606197,0.047819314264395577,88.40531916288953,7.624644473173885,0.385257067265263,
ADP.OQ,Automatic Data Processing Inc,large,Commercial  & Professional Services,Professional Services,Industrials,United States,2024,97693748035.08,2913400000.0,4547600000.0,,1056200000.0,54362700000.0,45080000000.0,4735100000.0,3428200000.0,462500000.0,9521000000.0,561900000.0,-91800000.0,4872300000.0,1120300000.0,3752000000.0,955700000.0,19202600000.0,4692600000.0,-1431700000.0,-1389000000.0,4157600000.0,49815100000.0,9681600000.0,19.53902075760574,50.41817253913533,6.901791117806878,82.50505761280675,0.14067435669920142,0.010259538598047915,91.63470541382235,10.954151640425719,0.3532311676940255,
ADP.OQ,Automatic Data Processing Inc,large,Commercial  & Professional Services,Professional Services,Industrials,United States,2023,90575459000.0,2083500000.0,3509100000.0,,1083800000.0,50971000000.0,42767600000.0,4694300000.0,3009600000.0,-597000000.0,9108600000.0,549300000.0,-67700000.0,4437600000.0,1025600000.0,3412000000.0,844800000.0,18012200000.0,4396200000.0,-15680700000.0,-2517300000.0,4207600000.0,47461900000.0,8903600000.0,18.94271660319117,49.430941250929926,6.694002471993879,97.2329087230344,0.11908781413967583,-0.01395916534947016,93.11549704734064,13.525376877261976,0.35338133448431464,
ADP.OQ,Automatic Data Processing Inc,large,Commercial  & Professional Services,Professional Services,Industrials,United States,2022,87397644000.0,1436300000.0,3225300000.0,,1103500000.0,63068200000.0,55158700000.0,4684200000.0,3170600000.0,-353800000.0,8663300000.0,515100000.0,16400000.0,3804100000.0,855200000.0,2948900000.0,798600000.0,16498300000.0,4031800000.0,13653400000.0,-7014400000.0,3099500000.0,59842900000.0,7835000000.0,17.873962771921956,47.48974136729239,4.675731985374563,91.43025454996435,0.08352082264447856,-0.006414219334393305,94.88601228511358,18.55421201128577,0.26159459125200973,
ADP.OQ,Automatic Data Processing Inc,large,Commercial  & Professional Services,Professional Services,Industrials,United States,2021,84516448718.4,2575200000.0,5670100000.0,,1146700000.0,48772500000.0,38094800000.0,5007600000.0,2727400000.0,2647000000.0,7923700000.0,510700000.0,48400000.0,3361200000.0,762700000.0,2598500000.0,716600000.0,15005400000.0,3757100000.0,6437500000.0,-3515000000.0,3093300000.0,43102400000.0,7081700000.0,17.317099177629387,47.19434336972024,5.327797426828643,45.82811590624504,0.13919485074078353,0.06948454907231433,88.37439130657646,7.601700146381898,0.3076610795017684,
ADP.OQ,Automatic Data Processing Inc,large,Commercial  & Professional Services,Professional Services,Industrials,United States,2020,63989106842.6399,1908500000.0,5752200000.0,,1197600000.0,39165500000.0,30126600000.0,3286700000.0,2441300000.0,1437500000.0,7771000000.0,480000000.0,65000000.0,3182600000.0,722400000.0,2466500000.0,674100000.0,14589800000.0,3677100000.0,-5890600000.0,3156300000.0,3026200000.0,33413300000.0,6818800000.0,16.90564641050597,46.736761298989705,6.297634397620355,42.879246201453356,0.14438403271527486,0.04771530806662551,85.31309443260012,5.8087862035395155,0.37251662815488124,
ADP.OQ,Automatic Data Processing Inc,large,Commercial  & Professional Services,Professional Services,Industrials,United States,2019,71956284423.21,1949200000.0,5399900000.0,,764200000.0,41887700000.0,32627700000.0,3860100000.0,2439300000.0,1714600000.0,7385300000.0,409000000.0,-10800000.0,3005600000.0,712300000.0,2292800000.0,636300000.0,14110200000.0,3700500000.0,-207700000.0,-2197700000.0,2688300000.0,36487800000.0,6724900000.0,16.249238139785405,47.65984890363,5.473683205332353,42.460045556399194,0.1345022787386178,0.05255044027007726,87.10862615994671,6.7571251319468875,0.33685783654867657,
ADP.OQ,Automatic Data Processing Inc,large,Commercial  & Professional Services,Professional Services,Industrials,United States,2018,59091664541.3599,2170000000.0,4735900000.0,,793700000.0,38849100000.0,30412700000.0,3700500000.0,1984200000.0,1410600000.0,7122000000.0,377600000.0,-275500000.0,2282600000.0,214500000.0,1884900000.0,635400000.0,13274200000.0,3594800000.0,-1655900000.0,-2504600000.0,2515200000.0,34113200000.0,6152200000.0,14.199725783851381,46.34704916303807,4.851849849803471,39.8002491606664,0.13659425174351505,0.04638193912411591,87.80949880434811,7.203108173736776,0.34168616518786793,
ADP.OQ,Automatic Data Processing Inc,large,Commercial  & Professional Services,Professional Services,Industrials,United States,2017,45841663846.24,2780400000.0,3977000000.0,,779900000.0,37180000000.0,29815900000.0,3387100000.0,1703600000.0,2842800000.0,6612400000.0,316100000.0,57800000.0,2616900000.0,829100000.0,1787800000.0,632100000.0,12372000000.0,3315900000.0,-8281700000.0,-1113200000.0,2125900000.0,33203000000.0,5759600000.0,14.450371807306821,46.553507921112185,4.808499193114578,44.95348252451597,0.1503895572496554,0.09534510110377349,89.30338891877354,8.348755343223536,0.33275954814416353,
ADP.OQ,Automatic Data Processing Inc,large,Commercial  & Professional Services,Professional Services,Industrials,United States,2016,41849982351.61,3191100000.0,4481600000.0,,685000000.0,43670000000.0,35847400000.0,3341000000.0,1742800000.0,3653000000.0,6236600000.0,288600000.0,1200000.0,2234700000.0,741300000.0,1492500000.0,603700000.0,11667800000.0,3240700000.0,8752700000.0,-706800000.0,1897300000.0,39188400000.0,5431200000.0,12.791614528874337,46.54862099110372,3.4176780398442865,33.3028382720457,0.1376362023466137,0.10190418273012826,89.73757728417678,8.744287754373438,0.2671811312113579,
ADP.OQ,Automatic Data Processing Inc,large,Commercial  & Professional Services,Professional Services,Industrials,United States,2015,37669912926.9,1639300000.0,4808500000.0,,672700000.0,33110500000.0,27113700000.0,1188300000.0,1529500000.0,1695500000.0,5832200000.0,277900000.0,56700000.0,2070700000.0,694200000.0,1452500000.0,595400000.0,10938500000.0,3092300000.0,1546800000.0,-3743600000.0,1974000000.0,28302000000.0,5106300000.0,13.27878593957124,46.68190336883485,4.386825931351082,30.20692523656026,0.11687080700900283,0.06253296304082438,85.4774165294997,5.885827181033586,0.3303634798628834,
AMT.N,American Tower Corp,large,Equity Real Estate Investment Trusts (REITs),Specialized REITs,Real Estate,United States,2024,85705548670.59,1999600000.0,3382200000.0,,27146400000.0,61077400000.0,7075600000.0,44353100000.0,540000000.0,-3896800000.0,4603200000.0,2028800000.0,-961000000.0,3624800000.0,366300000.0,2255000000.0,,10127200000.0,933400000.0,-5452400000.0,410600000.0,5290500000.0,51428700000.0,5524000000.0,22.26676672722964,54.54617268346631,3.6920366616784603,66.67257997752942,0.3589236248516027,-0.5507377466221945,84.20250370840932,15.205694518360831,0.16580928461263905,
AMT.N,American Tower Corp,large,Equity Real Estate Investment Trusts (REITs),Specialized REITs,Real Estate,United States,2023,100635725673.84,1973300000.0,4198200000.0,,28667600000.0,66027600000.0,7249300000.0,47912900000.0,669700000.0,-3539300000.0,5490000000.0,2928500000.0,-1600200000.0,1529300000.0,90800000.0,1483300000.0,,10012200000.0,946000000.0,-3097400000.0,-1695500000.0,4722400000.0,55162200000.0,4522200000.0,14.814925790535547,45.16689638640858,2.2464848033246705,35.33180887046829,0.36458692563419914,-0.48822644945029176,83.54415426276285,13.139488352150922,0.15163658833578686,
AMT.N,American Tower Corp,large,Equity Real Estate Investment Trusts (REITs),Specialized REITs,Real Estate,United States,2022,98643203051.58,2028400000.0,5572400000.0,,28917200000.0,67194500000.0,8311900000.0,46474100000.0,758300000.0,-4689600000.0,5734100000.0,3164900000.0,-635500000.0,2086000000.0,112800000.0,1765800000.0,,9645400000.0,902100000.0,-1423200000.0,-2355200000.0,3696200000.0,54786000000.0,3911300000.0,18.307172330852012,40.550936197565676,2.627893652010209,31.68832101069557,0.33526630493629617,-0.5642031304515213,81.53345883963718,9.831670375421721,0.14354448652791524,
AMT.N,American Tower Corp,large,Equity Real Estate Investment Trusts (REITs),Specialized REITs,Real Estate,United States,2021,133313419980.0,1949900000.0,5081200000.0,,29009100000.0,69887900000.0,9067300000.0,51751000000.0,728900000.0,-5337900000.0,5014600000.0,2332600000.0,-272600000.0,2829400000.0,261800000.0,2567700000.0,,9356900000.0,811600000.0,16424500000.0,-20692200000.0,4819900000.0,60818300000.0,4342300000.0,27.44178093171884,46.40746401051631,3.674026548229379,50.533338581437455,0.29543524533212756,-0.5886978483120664,87.02264626637802,11.969278910493584,0.13388440631353926,
AMT.N,American Tower Corp,large,Equity Real Estate Investment Trusts (REITs),Specialized REITs,Real Estate,United States,2020,99708130785.6,1746300000.0,4093500000.0,,20597900000.0,47233500000.0,3655500000.0,39009600000.0,511600000.0,-749900000.0,4109500000.0,1882300000.0,-970200000.0,1821100000.0,129600000.0,1690600000.0,,8041500000.0,778700000.0,1215300000.0,-4784600000.0,3881400000.0,42665100000.0,3932000000.0,21.02344090032954,48.89635018342349,3.5792393110821767,41.299621350922195,0.6176720010942416,-0.20514293530296812,90.32805106545143,10.422645657750092,0.17024992854647655,
AMT.N,American Tower Corp,large,Equity Real Estate Investment Trusts (REITs),Specialized REITs,Real Estate,United States,2019,101796570771.7,1501200000.0,5055400000.0,,19441800000.0,42801600000.0,5487700000.0,31823500000.0,462200000.0,-2933900000.0,3995200000.0,1778400000.0,-761300000.0,1916400000.0,-200000.0,1887800000.0,,7580300000.0,730400000.0,521700000.0,-3987500000.0,3752600000.0,37311200000.0,3585100000.0,24.904027545083967,47.294961940820286,4.410582781952076,37.34224789334177,0.35778194872168667,-0.5346319951892414,87.17244215169526,7.380464453851327,0.17710319240402228,
AMT.N,American Tower Corp,large,Equity Real Estate Investment Trusts (REITs),Specialized REITs,Real Estate,United States,2018,69680774731.59,1208700000.0,5336100000.0,,11247100000.0,33010400000.0,4689900000.0,22420900000.0,459000000.0,-2304800000.0,4288600000.0,2027200000.0,-775400000.0,1154600000.0,-110100000.0,1236400000.0,,7440100000.0,733200000.0,-607700000.0,-2749500000.0,3748300000.0,27110800000.0,3151500000.0,16.618056208921924,42.358301635730705,3.745486270993384,23.170480313337457,0.35559393590481675,-0.49143904987313164,82.12805661246152,5.080639418301756,0.22538654484647264,
AMT.N,American Tower Corp,large,Equity Real Estate Investment Trusts (REITs),Specialized REITs,Real Estate,United States,2017,61184939163.92,802100000.0,6241500000.0,,11101000000.0,33214300000.0,2512100000.0,23874100000.0,513600000.0,-474000000.0,3772500000.0,1621400000.0,-676900000.0,1256100000.0,30700000.0,1238900000.0,,6663900000.0,637000000.0,-113000000.0,-2800900000.0,2925600000.0,26386200000.0,2891400000.0,18.591215354372064,43.38900643767163,3.730019901066709,19.84939517744132,0.5237450738426018,-0.1886867561004737,79.44228841191897,4.227541456380678,0.2006334620931346,
AMT.N,American Tower Corp,large,Equity Real Estate Investment Trusts (REITs),Specialized REITs,Real Estate,United States,2015,41065128175.4,320686000.0,6651605000.0,,9866424000.0,26904272000.0,1200029000.0,18991425000.0,227354000.0,-203561000.0,2594196000.0,1285328000.0,-639734000.0,829962000.0,157955000.0,685074000.0,,4771516000.0,497835000.0,5593100000.0,-7741700000.0,2166900000.0,20191454000.0,2177320000.0,14.357575244429652,45.6316189655447,2.5463391092685947,10.299378871715923,0.4566889633500524,-0.16963006727337424,75.0492486843725,3.035576225587659,0.17735161166970062,
AMZN.OQ,Amazon.com Inc,large,Consumer Discretionary Distribution & Retail,Broadline Retail,Consumer Discretionary,United States,2025,2476929420000.0,86810000000.0,411065000000.0,38325000000.0,443079000000.0,818042000000.0,218005000000.0,188972000000.0,60529000000.0,11078000000.0,357231000000.0,42717000000.0,7726000000.0,97311000000.0,19087000000.0,77670000000.0,108521000000.0,716924000000.0,275896000000.0,9661000000.0,-142545000000.0,139514000000.0,406977000000.0,359693000000.0,10.83378433418326,50.17170578750328,9.494622525493801,18.89482198679041,0.6758514712965299,0.050815348271828625,49.75013507863899,0.9900551007748166,0.8763902097936291,9.321095890410959
AMZN.OQ,Amazon.com Inc,large,Consumer Discretionary Distribution & Retail,Broadline Retail,Consumer Discretionary,United States,2024,2323998270000.0,78779000000.0,285970000000.0,34214000000.0,328806000000.0,624894000000.0,179431000000.0,159493000000.0,48904000000.0,11436000000.0,327126000000.0,32938000000.0,1863000000.0,68614000000.0,9265000000.0,59248000000.0,88544000000.0,637959000000.0,242315000000.0,-11812000000.0,-94342000000.0,115877000000.0,338924000000.0,310833000000.0,9.287117197186653,48.723037060375354,9.481288026449286,20.71825715984194,0.7115994449119717,0.06373480613717808,54.23703860174685,1.1851732699234185,1.020907545919788,9.56117378850763
AMZN.OQ,Amazon.com Inc,large,Consumer Discretionary Distribution & Retail,Broadline Retail,Consumer Discretionary,United States,2023,1570152607236.84,73387000000.0,201875000000.0,33318000000.0,276690000000.0,527854000000.0,164917000000.0,161062000000.0,46356000000.0,7434000000.0,305445000000.0,30906000000.0,-168000000.0,37557000000.0,7120000000.0,30425000000.0,85622000000.0,574785000000.0,232427000000.0,-15879000000.0,-49833000000.0,84946000000.0,325979000000.0,269340000000.0,5.293283575597832,46.859260419113234,5.763904412962675,15.071207430340557,0.7260803919547408,0.045077220662515086,61.755523307581264,1.6147566563467493,1.0889090543976174,9.167567080857195
AMZN.OQ,Amazon.com Inc,large,Consumer Discretionary Distribution & Retail,Broadline Retail,Consumer Discretionary,United States,2022,856938950784.0,53888000000.0,146043000000.0,34405000000.0,252838000000.0,462675000000.0,155393000000.0,161239000000.0,42002000000.0,-8602000000.0,289435000000.0,25504000000.0,-1718000000.0,-5936000000.0,-3217000000.0,-2722000000.0,73213000000.0,513983000000.0,211641000000.0,9718000000.0,-37601000000.0,46752000000.0,316632000000.0,224548000000.0,-0.5295895000418301,43.68782625106278,-0.5883179337547955,-1.8638346240490815,0.6170805634745452,-0.05535641888630762,68.43507861890096,2.1680737864875415,1.1108942562273734,8.412585380031972
AMZN.OQ,Amazon.com Inc,large,Consumer Discretionary Distribution & Retail,Broadline Retail,Consumer Discretionary,United States,2021,1691002595270.8,36220000000.0,138245000000.0,32640000000.0,216363000000.0,420549000000.0,142266000000.0,140038000000.0,32649000000.0,19314000000.0,272856000000.0,23412000000.0,-1416000000.0,38151000000.0,4791000000.0,33364000000.0,56052000000.0,469822000000.0,172537000000.0,6291000000.0,-58154000000.0,46327000000.0,282304000000.0,196966000000.0,7.101412875514557,41.92353699911882,7.933439385184604,24.13396506202756,0.48408614848242026,0.1357597739445827,67.12749287241202,2.0420557705522806,1.1171635172120251,8.359558823529412
AMZN.OQ,Amazon.com Inc,large,Consumer Discretionary Distribution & Retail,Broadline Retail,Consumer Discretionary,United States,2020,1634168480448.19,42122000000.0,93404000000.0,23795000000.0,150667000000.0,321195000000.0,126385000000.0,101406000000.0,24309000000.0,6349000000.0,233816000000.0,16709000000.0,-1057000000.0,24178000000.0,2863000000.0,21331000000.0,42740000000.0,386064000000.0,129933000000.0,-1104000000.0,-59611000000.0,66064000000.0,227791000000.0,152248000000.0,5.525249699531684,39.43594844378134,6.641137004000685,22.837351719412446,0.5256240851366856,0.05023539185821102,70.91984619934931,2.4387713588283155,1.2019614253023865,9.826266022273586
AMZN.OQ,Amazon.com Inc,large,Consumer Discretionary Distribution & Retail,Broadline Retail,Consumer Discretionary,United States,2019,916153935004.799,36092000000.0,62060000000.0,20497000000.0,97846000000.0,225248000000.0,87812000000.0,75376000000.0,20540000000.0,8523000000.0,166101000000.0,15715000000.0,-788000000.0,13976000000.0,2374000000.0,11588000000.0,35931000000.0,280522000000.0,100244000000.0,-10066000000.0,-24281000000.0,38514000000.0,163188000000.0,114421000000.0,4.130870306072251,40.78860125052581,5.144551782923711,18.67225265871737,0.6449232451145629,0.09705962738577871,72.44814604347208,2.6295198195294875,1.2453917459866457,8.103673708347563
AMZN.OQ,Amazon.com Inc,large,Consumer Discretionary Distribution & Retail,Broadline Retail,Consumer Discretionary,United States,2018,734416210197.16,31750000000.0,43549000000.0,17174000000.0,61797000000.0,162648000000.0,68391000000.0,50708000000.0,16677000000.0,6710000000.0,139631000000.0,12613000000.0,-977000000.0,11261000000.0,1354000000.0,10073000000.0,28837000000.0,232887000000.0,81014000000.0,-7686000000.0,-12369000000.0,30723000000.0,119099000000.0,93256000000.0,4.3252736305590265,40.04345455091954,6.1931287196891445,23.1302670555007,0.7080902457925751,0.09811232472108904,73.22500122964931,2.734827435762015,1.431846687324775,8.130371491789916
AMZN.OQ,Amazon.com Inc,large,Consumer Discretionary Distribution & Retail,Broadline Retail,Consumer Discretionary,United States,2017,563535052497.25,20522000000.0,27709000000.0,16047000000.0,48866000000.0,131310000000.0,57883000000.0,45718000000.0,,2314000000.0,112300000000.0,9166000000.0,-399000000.0,3806000000.0,1558000000.0,3033000000.0,22620000000.0,177866000000.0,61612000000.0,9928000000.0,-27084000000.0,18365000000.0,103601000000.0,65566000000.0,1.705216286417865,36.86258194371043,2.309801233721727,10.945902053484428,0.35454278458269267,0.03997719537688095,78.8980275683497,3.7388935003067596,1.3545503008148656,6.998192808624665
AMZN.OQ,Amazon.com Inc,large,Consumer Discretionary Distribution & Retail,Broadline Retail,Consumer Discretionary,United States,2016,356313123601.49,19334000000.0,19285000000.0,11461000000.0,29114000000.0,83402000000.0,43816000000.0,20301000000.0,,1965000000.0,88552000000.0,6687000000.0,-363000000.0,3892000000.0,1425000000.0,2371000000.0,16085000000.0,135987000000.0,43369000000.0,-3716000000.0,-9516000000.0,17203000000.0,64117000000.0,47435000000.0,1.7435490157147375,34.88201078044225,2.842857485432004,12.294529427015815,0.4412543363155012,0.04484663136753697,76.87705330807415,3.324708322530464,1.6305004676146855,7.726376406945293
AMZN.OQ,Amazon.com Inc,large,Consumer Discretionary Distribution & Retail,Broadline Retail,Consumer Discretionary,United States,2015,316831551559.45,15890000000.0,13384000000.0,10243000000.0,21838000000.0,64747000000.0,33887000000.0,17476000000.0,,1818000000.0,71879000000.0,5128000000.0,-675000000.0,1568000000.0,950000000.0,596000000.0,12540000000.0,107006000000.0,32951000000.0,-3882000000.0,-6450000000.0,12039000000.0,51363000000.0,35127000000.0,0.55697811337682,32.8271311889053,0.9205059693885431,4.453078302450687,0.46891138194587895,0.05364889190545047,79.32877198943581,3.8376419605499104,1.652678888597155,7.017377721370692
ASELS.IS,Aselsan Elektronik Sanayi ve Ticaret AS,small,Capital Goods,Aerospace & Defense,Industrials,Turkey,2024,9356162445.16768,470843752.653177,3970537455.78039,1230274062.54422,1058696533.1824,6871303551.71926,1974285920.47545,896475703.976228,802233932.361681,1028938021.79143,2513591676.27596,112035018.745083,-149069512.722389,252275288.699841,-212324775.022748,466920329.586029,71108622.4390372,3668695890.15022,330713117.774206,305731010.795831,-652905795.921976,655029817.053465,2870761624.451678,1155104213.87426,12.72714729066601,31.485417392471923,6.795221984760103,11.75962536019593,0.644829440260747,0.5211697105876335,41.77899583163355,0.7230158779316801,0.5339155609319982,2.0431152316401966
ASELS.IS,Aselsan Elektronik Sanayi ve Ticaret AS,small,Capital Goods,Aerospace & Defense,Industrials,Turkey,2023,6958360190.79541,323764579.361256,4276565038.03017,1576024677.20158,1162304234.54537,7375426643.50705,2457788075.96534,588696152.202086,1007981449.6923,1112125380.81054,3362156616.0181,234288608.560809,324498694.600692,451730422.732332,-10315324.8523598,456795713.972967,103299584.270678,4611066427.01511,456041381.838998,260103718.533886,-732892862.08873,525704054.224843,3046484228.167426,1248909810.99701,9.90650907340464,27.085053550301357,6.193481896740261,10.681369508257772,0.5418473797951392,0.4524903475958695,41.30587117762734,0.7123670986120834,0.6251931786311586,2.1333147029068167
ASELS.IS,Aselsan Elektronik Sanayi ve Ticaret AS,small,Capital Goods,Aerospace & Defense,Industrials,Turkey,2022,7582391121.71786,501416875.799297,4272774356.14796,1479430231.74928,987491318.097419,7748303858.56391,2764607321.15816,659814589.877089,1312690453.38527,1137201885.67178,3027491618.77232,166274040.138253,127107466.638219,-55885952.1692258,-128746996.197212,78537337.7190026,69964880.7975902,4096077523.12451,356893213.442958,293826278.639497,-726869887.469887,738489031.653025,3424421911.035249,1068585904.35219,1.9173791822937447,26.08802929923716,1.0136068377364709,1.8380876492108156,0.6561898738026181,0.41134300591932854,44.19576172468202,0.801451615648263,0.528641828959414,2.046390261467491
ASELS.IS,Aselsan Elektronik Sanayi ve Ticaret AS,small,Capital Goods,Aerospace & Defense,Industrials,Turkey,2021,3575100817.80701,187149090.199082,1919739413.19155,573663009.439701,257744309.520055,3485502361.80263,1257870322.39169,287483647.614542,736202792.108801,482514775.347136,1572465032.68792,55415913.0196637,280115193.73904,834855649.082566,8014189.54248824,827215243.140812,18749505.1367498,2336316066.83741,175488732.318972,-87506314.0338789,-407535610.225213,283011494.600592,1545353970.006232,763851034.14949,35.40682080145879,32.69467881473283,23.73302776111141,43.08997551733201,0.7340596767973981,0.3835965971672595,44.33662093997282,0.8049811132632291,0.670295361851115,2.741095393659342
ASELS.IS,Aselsan Elektronik Sanayi ve Ticaret AS,small,Capital Goods,Aerospace & Defense,Industrials,Turkey,2020,5598762109.79547,549199946.178687,2406049650.16146,744443353.067815,315153794.402583,4587490446.7169,1657664827.7718,494666442.411195,961587594.187298,978807319.698601,1661890158.24955,48418553.1130156,194488374.517198,702579866.924693,60962919.4453506,639868102.626481,21623402.3415028,2316134312.08057,130190137.556821,106726708.813384,-288604416.218875,247949957.627386,2152331270.182995,654244153.83102,27.62655426712673,28.247245870785285,13.948107577737003,26.594135436213552,0.9113950631363491,0.5904736007545592,46.91740059586043,0.8945498153118167,0.5048804654706459,2.2323930375642167
ASELS.IS,Aselsan Elektronik Sanayi ve Ticaret AS,small,Capital Goods,Aerospace & Defense,Industrials,Turkey,2019,4013450125.25429,590770187.797374,2269437616.63781,752185981.606954,264619613.645152,4309595487.48298,1301950268.16187,726352830.410733,653160443.181627,1047870340.79255,1706763088.27031,47342116.113654,117633478.833997,583682160.317283,-7787413.18147707,589312695.388191,22576829.6517228,2295639327.21768,127191592.620396,199468002.985113,-299854219.29648,173148303.548192,2028303098.572603,588876238.94737,25.670961827546286,25.651949414069733,13.67443179063609,25.96734499630188,0.9554363645050876,0.8048466722711021,47.06481395907609,0.893747016310389,0.5326809288447739,2.269070588930703
ASELS.IS,Aselsan Elektronik Sanayi ve Ticaret AS,small,Capital Goods,Aerospace & Defense,Industrials,Turkey,2018,5191519942.50808,589233693.288197,1916258675.79477,676403351.173478,252718005.93831,3682816914.72663,885919776.08412,872237834.975509,580992302.891616,1311005162.92528,1452947538.88569,41057069.7800104,119492419.445355,478141587.837955,-16547089.4491469,494443396.189068,13298927.8474525,1921407561.85241,99886781.3476888,637597763.229826,-373515122.524618,118758709.030369,1758157611.059629,468460022.96672,25.733394934304307,24.381085630530272,13.425684948168806,25.802539210109362,1.3209164393556754,1.4798237925335547,47.739479093549626,0.9174949255378748,0.5217222594392893,2.1480489952703543
ASELS.IS,Aselsan Elektronik Sanayi ve Ticaret AS,small,Capital Goods,Aerospace & Defense,Industrials,Turkey,2017,8392715756.13618,333307996.832937,1258268936.39483,586337028.239641,287897334.389021,3071680126.6825,974323832.145685,838944312.483505,417320929.005015,624617049.353392,1087725134.53485,40945439.4955336,37848291.5020182,320090464.94159,-57980302.9893202,378049061.517542,14613361.9619511,1487096213.56878,117246504.897169,-9111198.32017107,-158589803.716213,187795095.991473,1813268144.62919,399371079.03393,25.421963829111505,26.855765981375665,12.3075660852045,30.045171630853538,0.7704101050108716,0.6410774618720366,59.031802461396595,1.4410815463858895,0.48413120905752816,1.8551192951271147
ASELS.IS,Aselsan Elektronik Sanayi ve Ticaret AS,small,Capital Goods,Aerospace & Defense,Industrials,Turkey,2016,3603935690.58893,331407831.684011,1046588595.57093,336688122.040434,274342019.451612,2437933762.44081,633929168.911447,757284713.755069,578357955.02878,801531176.453909,601771171.35702,41008768.7843489,44055699.6602438,243629340.121681,-20305570.4929739,263931591.51784,361686958.543121,1250674181.30215,447790636.200396,-76897166.9126595,-122014645.643926,331179148.261121,1391213882.666516,648903009.94513,21.103145444566977,51.88425727870381,10.826036194420517,25.218275130722336,1.4351221419184694,1.264386016233107,57.06528635436185,1.3292843898299769,0.5130058086770989,1.7873252186923045
ASELS.IS,Aselsan Elektronik Sanayi ve Ticaret AS,small,Capital Goods,Aerospace & Defense,Industrials,Turkey,2015,2891966948.94915,233470377.824253,973800257.482772,304051447.183461,317085028.971097,2141153196.76347,537927413.515274,629270345.59605,366264113.552988,522437831.453355,798842478.037384,41690137.876401,-90549692.9678724,29245516.6371014,-49535374.9592923,78617177.8371483,16781715.3577818,1026579480.02863,107726484.363676,3754189.70748937,-97965225.9694411,288187227.173912,1167197759.111324,227737001.991246,7.658167669098136,22.184059434433145,3.671721292805422,8.073234447521099,1.1148985463634715,0.9712050702887646,54.5125757874607,1.1986007912222938,0.4794516719216494,2.6273266759206444
BEIG.DE,Beiersdorf AG,medium,Household & Personal Products,Personal Care Products,Consumer Staples,Germany,2024,32003663270.5096,1249611761.05187,8774200227.76685,1668909825.03365,2814991199.91718,13470338544.3628,3826483072.78186,848949166.580392,1855264520.13666,2841909100.32094,4424615533.34383,334280244.450671,-180662785.835799,1434484155.79802,430561609.357174,986613537.019455,382961833.448341,10655858925.0457,4770795721.77171,-1080731275.74828,-243407944.988352,1406357015.48826,4675432239.362252,6231243391.70187,9.25888324873092,58.47715736040627,7.324341060695485,11.2444839576058,0.8114177489177495,0.7426948051948044,34.709092306509795,0.5328613569321533,0.7910609588580139,2.651201081672952
BEIG.DE,Beiersdorf AG,medium,Household & Personal Products,Personal Care Products,Consumer Staples,Germany,2023,37738955778.9721,1250372463.11236,9184112654.91706,1670841932.17309,2804233388.14519,13937293765.7952,3866994802.07034,867425203.889067,1763543862.35971,2878174213.41309,4358990451.30313,311433701.308683,-37847845.6451525,1194910555.36839,384966658.562122,795886125.566635,346037445.898537,10215674223.1359,4460638951.03583,-511486599.718775,-449848679.668098,1078122917.37763,4734420005.959407,5856683771.83277,7.790833068699036,57.33036942944865,5.710478224401732,8.665901165100882,0.7793949771689523,0.7442922374429239,33.96943542639952,0.5155010814708002,0.7329740188304799,2.60885866422675
BEIG.DE,Beiersdorf AG,medium,Household & Personal Products,Personal Care Products,Consumer Staples,Germany,2022,28910958904.1095,1155821917.80822,8331549657.53425,1666309931.50685,2355522260.27397,13214897260.274,4025042808.21918,836900684.931507,1613869863.0137,1906035958.90411,4047468889.28365,302348665.076629,-57941381.8091101,1154613717.50518,342380892.508378,795377150.288693,306562583.753655,9269567609.78835,4016917978.87521,-347648290.85466,-503563281.904629,903885556.222117,4861943493.150687,5222098720.5047,8.580520513694745,56.33594726673486,6.018791781906002,9.546569161589652,0.6881148630683331,0.4735442701409198,36.79138321995459,0.583558124598587,0.7014483296555083,2.4290012396574445
BEIG.DE,Beiersdorf AG,medium,Household & Personal Products,Personal Care Products,Consumer Staples,Germany,2021,25788939716.4726,1177727758.45213,7810972421.16272,1300502466.8622,2097401268.67199,12844735465.9755,3779869495.03217,1227747084.10068,1484664529.4773,1484664529.4773,3864316059.50779,339473127.970228,-15376831.580533,1072829711.0418,298073966.022639,754647580.644618,316999297.19868,9021468804.97884,4010987376.1221,-152585482.606827,-1071646877.8433,1232512192.83964,5007616579.13285,5157152745.47105,8.365019011406847,57.16533368296834,5.875150816796568,9.661378122396227,0.7043609022556401,0.39278195488721873,38.985750951411624,0.641100276524524,0.702347574917044,2.9714023294638237
BEIG.DE,Beiersdorf AG,medium,Household & Personal Products,Personal Care Products,Consumer Staples,Germany,2020,29260678191.1623,1227405959.94138,7619687347.33757,1222520762.09086,1990718124.08403,12463361016.1212,3357352222.76502,1457010258.91549,1519296531.50953,1864924279.43332,3406129089.98326,293356292.267325,-13697570.0669568,937142085.414294,278517258.028122,639219936.457984,280800186.372614,8018785810.03096,3573924323.30348,-351570965.051891,-894907911.041177,1173425169.0693,4814362481.68051,4612656720.0477,7.97153024911032,57.523131672597835,5.128792591590351,8.389057284369244,0.8181156784285218,0.5554747180793028,38.62812346888767,0.6318320243628787,0.643388713498611,2.786152346531772
BEIG.DE,Beiersdorf AG,medium,Household & Personal Products,Personal Care Products,Consumer Staples,Germany,2019,30092710782.6671,1280182947.33538,6799991031.99336,1138936842.81326,1822747348.83304,11282873349.3263,3180279353.40672,1272335941.5286,1616483196.19757,2141111584.42257,3605270274.67106,267513069.123372,-7835110.8111448,1160715701.59388,336909764.879226,803658508.914566,264155164.490025,8566014719.67016,3713842524.48263,-13431618.5333911,-884248220.114913,1133852464.5271,4452615294.93532,4960744444.9991,9.381941722200443,57.911929962106306,7.122817779059377,11.818523070595583,0.9108212900951725,0.6732463870285509,39.46348733233973,0.6547972304648869,0.7592050760883208,3.165469883093579
BEIG.DE,Beiersdorf AG,medium,Household & Personal Products,Personal Care Products,Consumer Staples,Germany,2018,26271193806.2509,1053995779.42931,6448986145.51794,1130837691.53133,1421001926.78227,10174098541.1506,2695201394.62336,1002385539.95779,1598770529.40637,2546105147.26122,3630353604.01729,194799461.678976,-40140495.1338497,1237271732.36101,357722647.810484,859478836.983605,249107190.389479,8539300038.32749,3658688071.17059,-237301162.408935,-795726285.888667,1060181312.65285,3697586934.58115,4908946434.3102,10.064979952993228,57.48652011613434,8.447714886064054,13.32734816899777,0.9842553191489387,0.944680851063831,36.34314057039776,0.5733594166814858,0.8393176067431495,3.21032242841254
CERT.OQ,Certara Inc,small,Health Care Equipment & Services,Health Care Technology,Health Care,United States,2018,,11684000.0,492769000.0,,5401000.0,1051493000.0,65451000.0,493273000.0,41933000.0,3479000.0,105084000.0,37011000.0,-27909000.0,-32561000.0,697000.0,-33258000.0,10478000.0,163719000.0,63287000.0,57296000.0,-73905000.0,11592000.0,558724000.0,58635000.0,-20.314074725596907,35.814413721070856,-3.1629311845157315,-6.749207032098204,0.8191929840644147,0.053154268078409804,53.13625483003691,1.1338456761687525,0.1557014644890646,
BEIG.DE,Beiersdorf AG,medium,Household & Personal Products,Personal Care Products,Consumer Staples,Germany,2017,29595134415.3741,1080841160.73464,6122767241.2759,1024459879.32007,1230791377.26275,9842732212.90532,2663115845.53928,1031657489.71342,1590671896.93022,2469979966.65107,3288509833.49243,169510816.159403,-66674254.356032,1154933694.0994,376314011.873875,759408456.394127,221494133.114954,7973788792.13833,3460280793.86729,-220364061.007224,-759408456.394127,1065657997.58878,3694773335.2527,4685278958.6459,9.523809523809527,58.758503401360464,7.715423319131114,12.40302671110321,1.0031531531531552,0.9274774774774771,37.538086532602094,0.6034482758620693,0.8101194485087666,3.209993773182217
BEIG.DE,Beiersdorf AG,medium,Household & Personal Products,Personal Care Products,Consumer Staples,Germany,2016,21353238015.1387,916736753.574432,4894869638.35156,776913372.582002,1099663582.84273,7961522287.63667,2140454163.16232,904121110.176619,1359335576.11438,2354920100.92515,3070929350.35091,163782898.685382,34305877.4273434,1150906855.62701,346378697.895435,784608615.999565,208048546.978728,7472041431.91687,3274551332.5003,-254527477.686742,-917405560.879604,1111067772.16299,3044575273.338939,4401112081.56596,10.500592417061615,58.90106635071084,9.855007467830267,16.02920351243096,1.0633595284872295,1.1001964636542259,38.241119767595386,0.6219931271477656,0.9385191879095902,3.9527307145518056
BEIG.DE,Beiersdorf AG,medium,Household & Personal Products,Personal Care Products,Consumer Staples,Germany,2015,23178491803.2786,996948338.962435,4548169546.37765,838392285.053377,1144644389.17909,7464080537.78738,2091636711.15648,810156275.453134,1366188464.50408,2456532835.22116,3092772815.86422,143204484.295221,4440449.1254332,1074588688.35483,329703347.563415,732674105.696478,203150547.488569,7422210713.1616,3307024486.16638,-218692119.427585,-807051628.547484,953586449.68678,2901792986.609614,4329437897.29738,9.871373018247075,58.33084056236922,9.815999465537235,16.109208291938234,1.1298026998961597,1.1744548286604353,38.87676414957078,0.638013371537726,0.9943904913118486,3.6889328193988757
BMRN.OQ,Biomarin Pharmaceutical Inc,small,"Pharmaceuticals, Biotechnology & Life Sciences",Biotechnology,Health Care,United States,2024,12538743469.77,942842000.0,5657990000.0,1232653000.0,1076792000.0,6988940000.0,606988000.0,723962000.0,660535000.0,2625439000.0,623492000.0,96426000.0,62217000.0,541763000.0,114904000.0,426859000.0,747184000.0,2853915000.0,1660381000.0,-526447000.0,136491000.0,572841000.0,1330950000.0,2230423000.0,14.956962628529581,78.15309846298857,6.107635778816244,7.544357625234403,2.641529980823344,4.325355690722057,19.043660412022422,0.23523371373933147,0.40834733164113585,0.5058130714807817
BMRN.OQ,Biomarin Pharmaceutical Inc,small,"Pharmaceuticals, Biotechnology & Life Sciences",Biotechnology,Health Care,United States,2023,18162459047.82,729159000.0,4951549000.0,1107183000.0,1112207000.0,6841603000.0,1177024000.0,713030000.0,633704000.0,1779064000.0,594273000.0,105871000.0,41004000.0,188563000.0,20918000.0,167645000.0,746773000.0,2419226000.0,1639179000.0,-18727000.0,-111244000.0,159259000.0,1890054000.0,1824953000.0,6.929695696061468,75.43540785358623,2.450376030295824,3.3857081894978722,1.157888879071285,1.511493393507694,27.625894106980486,0.3817096427804713,0.3536051419528435,0.53674324840609
BMRN.OQ,Biomarin Pharmaceutical Inc,small,"Pharmaceuticals, Biotechnology & Life Sciences",Biotechnology,Health Care,United States,2022,19233504213.35,724531000.0,4603156000.0,894083000.0,1114322000.0,6375074000.0,588884000.0,1183034000.0,461316000.0,2162573000.0,570216000.0,105793000.0,2064000.0,149576000.0,8015000.0,141561000.0,649606000.0,2096039000.0,1472849000.0,-18650000.0,-20029000.0,175902000.0,1771918000.0,1525823000.0,6.7537388378746765,72.79554435771472,2.220538930214771,3.075303118121567,2.013719170498774,3.672324260805184,27.79446952302044,0.38493546601505574,0.328786614869098,0.6377662923911985
BMRN.OQ,Biomarin Pharmaceutical Inc,small,"Pharmaceuticals, Biotechnology & Life Sciences",Biotechnology,Health Care,United States,2021,16220479893.9,587276000.0,4270740000.0,776669000.0,1081879000.0,6003325000.0,539822000.0,1192763000.0,373399000.0,1734563000.0,532415000.0,111339000.0,-4855000.0,-75350000.0,-7350000.0,-64080000.0,628793000.0,1846275000.0,1389716000.0,-48000.0,-366313000.0,304536000.0,1732585000.0,1313860000.0,-3.4707722305723685,71.16274661142029,-1.0674084778018849,-1.5004425462566207,1.779614391410502,3.2132128738732395,28.860423182153223,0.40568730477622145,0.3075420704359667,0.685510816061926
BMRN.OQ,Biomarin Pharmaceutical Inc,small,"Pharmaceuticals, Biotechnology & Life Sciences",Biotechnology,Health Care,United States,2020,15918336499.23,649158000.0,4106002000.0,698548000.0,1089580000.0,5848020000.0,492548000.0,1249470000.0,448351000.0,1849671000.0,586472000.0,105877000.0,-12699000.0,-42322000.0,-46883000.0,859100000.0,628116000.0,1860455000.0,1365900000.0,181118000.0,-53621000.0,85365000.0,1742018000.0,1273983000.0,46.17687608676372,68.47695859346236,14.690442235149675,20.923029263015458,2.2282275027002445,3.7553111574912497,29.78816761912579,0.4242613617820936,0.31813417190775684,0.8395586273241066
BMRN.OQ,Biomarin Pharmaceutical Inc,small,"Pharmaceuticals, Biotechnology & Life Sciences",Biotechnology,Health Care,United States,2019,15205312538.6999,437446000.0,3122381000.0,680275000.0,1070302000.0,4690039000.0,932503000.0,635155000.0,377404000.0,1009640000.0,412966000.0,125908000.0,-712000.0,-94811000.0,-70963000.0,-23848000.0,715007000.0,1704048000.0,1390672000.0,-74674000.0,-31026000.0,48262000.0,1567658000.0,1291082000.0,-1.3994910941475827,75.76558876275786,-0.5084819124105364,-0.7637761054784794,0.873830968908411,1.082720377307097,33.42526576005018,0.502071335945229,0.3633334392315288,0.60705744000588
BMRN.OQ,Biomarin Pharmaceutical Inc,small,"Pharmaceuticals, Biotechnology & Life Sciences",Biotechnology,Health Care,United States,2018,15178239033.1,493982000.0,2967940000.0,530871000.0,948682000.0,4427128000.0,523241000.0,935947000.0,342633000.0,1532974000.0,345564000.0,144291000.0,-20833000.0,-142705000.0,-65494000.0,-77211000.0,696328000.0,1491212000.0,1306342000.0,-388007000.0,264351000.0,20208000.0,1459188000.0,1145648000.0,-5.177734621234271,76.82663497879577,-1.7440426389297983,-2.6015013780602034,1.5989094891264255,2.9297665893918863,32.96014933383449,0.4916501007432765,0.33683507682633074,0.6509377984482105
BMRN.OQ,Biomarin Pharmaceutical Inc,small,"Pharmaceuticals, Biotechnology & Life Sciences",Biotechnology,Health Care,United States,2017,15660149270.09,598028000.0,2808663000.0,475775000.0,896700000.0,4633125000.0,816518000.0,1007944000.0,261365000.0,1390626000.0,277986000.0,87900000.0,-27854000.0,-35875000.0,38867000.0,-117042000.0,610753000.0,1313646000.0,1175920000.0,507145000.0,-305459000.0,-8757000.0,1824462000.0,1035660000.0,-8.909706267898658,78.83859121863881,-2.526199919061109,-4.1671784760222215,1.052509558882964,1.7031173838176257,39.37864832051801,0.6495838055330952,0.28353346823148523,0.5842803846355945
BMRN.OQ,Biomarin Pharmaceutical Inc,small,"Pharmaceuticals, Biotechnology & Life Sciences",Biotechnology,Health Care,United States,2016,14247439281.08,408330000.0,2766275000.0,355126000.0,798768000.0,4023690000.0,439310000.0,818105000.0,215280000.0,982481000.0,239820000.0,96912000.0,-32012000.0,-831050000.0,-200840000.0,-630210000.0,661905000.0,1116854000.0,1134881000.0,727108000.0,-484047000.0,-227837000.0,1257415000.0,877034000.0,-56.42725011505532,78.52718439473736,-15.662488909433877,-22.781899847267535,1.4195215223873803,2.236418474425804,31.25029512710969,0.45455169858383565,0.27756959407906673,0.6753096084206732
BMRN.OQ,Biomarin Pharmaceutical Inc,small,"Pharmaceuticals, Biotechnology & Life Sciences",Biotechnology,Health Care,United States,2015,16892729663.4,397040000.0,2400847000.0,271683000.0,704207000.0,3729368000.0,445457000.0,883064000.0,164959000.0,644182000.0,162808000.0,46300000.0,-33743000.0,-154724000.0,17075000.0,-171799000.0,634806000.0,889895000.0,1040843000.0,925723000.0,-1179598000.0,-219499000.0,1328521000.0,727087000.0,-19.305536046387495,81.70480787059148,-4.606651850930238,-7.155766277484571,1.2616234563605466,1.4461148887546946,35.62322087817561,0.553355128419262,0.23861817873698707,0.5992572225718944
BNAB.BR,Nationale Bank Van Belgie NV,small,Financial Services,Financial Services,Financials,Belgium,2024,159022673.154571,9026814.3700176,-214183662.905063,,561995030.541464,342336327777.203,,,,,,10827867.2061708,,-3979949244.9344,-1081.81308883712,-3979948163.12131,,-4790480392.73619,516032416.066929,,,,0.0,-4790480392.73619,,,-1.1625842308244636,,,,0.0,,-0.013993491207435916,
BNAB.BR,Nationale Bank Van Belgie NV,small,Financial Services,Financial Services,Financials,Belgium,2023,241907894.010793,7271583.54761458,3826026066.89989,,546051891.009016,313179747939.037,,,,,,13526820.0335775,,-3644652375.33056,1081.36701843293,-3644653456.69758,,-4322446734.28221,631785436.418383,,,,0.0,-4322446734.28221,,,-1.1637577080517485,-95.25950406424516,,,0.0,0.0,-0.013801807948078462,
BNAB.BR,Nationale Bank Van Belgie NV,small,Financial Services,Financial Services,Financials,Belgium,2022,291952054.794521,8276969.17808219,7930692422.94521,,471892123.287671,362780383133.562,,,,,,15791660.2421556,,-611136197.891754,-546755.948344148,-610589441.94341,,244890830.435708,463705932.097977,,,,0.0,244890830.435708,-249.3312799246316,100.0,-0.16830828521359548,-7.699068497182448,,,0.0,0.0,0.0006750387888133094,
BNAB.BR,Nationale Bank Van Belgie NV,small,Financial Services,Financial Services,Financials,Belgium,2021,750289884.72819,9902689.67555647,8618950503.60367,,458961416.911079,408566829229.475,,,,,,18953719.1728046,,518558805.556306,98190532.307291,420368273.249015,,1546281172.57321,486919200.329562,,,,0.0,1546281172.57321,27.1857590136384,100.0,0.10288849783566537,4.877255915012562,,,0.0,0.0,0.003784646872800161,
BNAB.BR,Nationale Bank Van Belgie NV,small,Financial Services,Financial Services,Financials,Belgium,2020,857352222.765022,9781387.39618955,9243718856.8637,,504306301.905227,364673157059.111,,,,,,20550920.9571242,,896303921.723835,141860025.86261,754443895.861224,,1462294365.67552,466120319.129334,,,,0.0,1462294365.67552,51.593161648591995,100.0,0.2068822125394148,8.161692361522116,,,0.0,0.0,0.00400987661792308,
BNAB.BR,Nationale Bank Van Belgie NV,small,Financial Services,Financial Services,Financials,Belgium,2019,1089612806.31347,9475820.01210681,8225956774.20801,,489344887.115216,203785717328.431,,,,,,20992500.4661458,,1141545424.0421,217839585.882259,923705838.159838,,1695427316.10663,483156585.375422,,,,0.0,1695427316.10663,54.48218448438303,100.0,0.4532730999352367,11.229159883942764,,,0.0,0.0,0.008319657227862523,
BNAB.BR,Nationale Bank Van Belgie NV,small,Financial Services,Financial Services,Financials,Belgium,2018,1105606018.90081,10148866.86852,7878293880.17249,,478139049.454078,213941264106.799,,,,,,17462295.9860227,,1100727935.14923,220515351.826197,880212583.323036,,1779855527.49645,527384714.713286,,,,0.0,1779855527.49645,49.4541590440852,100.0,0.4114272143795672,11.172629464080925,,,0.0,0.0,0.008319365293681494,
BNAB.BR,Nationale Bank Van Belgie NV,small,Financial Services,Financial Services,Financials,Belgium,2017,1370712923.30946,10930770.9840333,7734664891.2561,,492404121.831552,207142884562.325,,,,,,14707888.4820976,,930778241.170745,215798569.691998,714979671.478747,,1458060846.0604,497719918.551456,,,,0.0,1458060846.0604,49.036339835239566,100.0,0.34516255433510895,9.24383514387312,,,0.0,0.0,0.007038913497517216,
BNAB.BR,Nationale Bank Van Belgie NV,small,Financial Services,Financial Services,Financials,Belgium,2016,1259461732.54835,9957947.85534063,6437776492.85114,,413307401.17746,137910062026.913,,,,,,12503939.001663,,874412549.974691,168171837.713667,706240712.261024,,1142330386.27017,457477728.623284,,,,0.0,1142330386.27017,61.824558004359396,100.0,0.512102381712512,10.970258334461787,,,0.0,0.0,0.008283154756664858,
BNAB.BR,Nationale Bank Van Belgie NV,small,Financial Services,Financial Services,Financials,Belgium,2015,1432629967.09418,10947969.7223097,6262834895.36386,,429802022.132688,96617545421.9655,,,,,,11359778.9751395,,786250344.619392,175471007.865181,610779336.754211,,1033736556.40085,459008115.983749,,,,0.0,1033736556.40085,59.084621993127065,100.0,0.6321619267874233,9.752441936579677,,,0.0,0.0,0.010699263284801223,
BRKa.N,Berkshire Hathaway Inc,large,Financial Services,Financial Services,Financials,United States,2024,978424433805.919,47729000000.0,649368000000.0,24008000000.0,228772000000.0,1153881000000.0,98041000000.0,,,309205000000.0,280512000000.0,12860000000.0,-1698000000.0,110376000000.0,20815000000.0,88995000000.0,,371433000000.0,25642000000.0,-10360000000.0,-10287000000.0,30592000000.0,98041000000.0,90921000000.0,23.959906631882465,24.478438910920676,7.7126670774542605,13.704863806039103,0.48682693974969654,3.153833600228476,8.4966300684386,0.150979105838292,0.32189887865386463,11.684105298233922
BRKa.N,Berkshire Hathaway Inc,large,Financial Services,Financial Services,Financials,United States,2023,776891808311.16,38022000000.0,561273000000.0,24159000000.0,221870000000.0,1069978000000.0,104771000000.0,,,138910000000.0,289520000000.0,12486000000.0,708000000.0,120166000000.0,23019000000.0,96223000000.0,,364482000000.0,22605000000.0,-14405000000.0,-32663000000.0,49196000000.0,104771000000.0,74962000000.0,26.399931958231132,20.566722087784857,8.992988640887944,17.14370725119505,0.3629057659085052,1.325843983545065,9.791883571437918,0.1866667379332339,0.34064438708085587,11.983939732604826
BRKa.N,Berkshire Hathaway Inc,large,Financial Services,Financial Services,Financials,United States,2022,681920932605.96,35811000000.0,473424000000.0,25366000000.0,201940000000.0,948465000000.0,76914000000.0,,,125910000000.0,237642000000.0,10899000000.0,-8855000000.0,-30500000000.0,-8502000000.0,-22759000000.0,,302020000000.0,19506000000.0,-1662000000.0,-87601000000.0,37350000000.0,76914000000.0,64378000000.0,-7.535593669293425,21.315806900205285,-2.3995613965723566,-4.807318598127683,0.4655979405569857,1.6370231687339105,8.10931346965887,0.16246324647673122,0.31843030580991394,9.368524796972325
BRKa.N,Berkshire Hathaway Inc,large,Financial Services,Financial Services,Financials,United States,2021,669122034349.0,88184000000.0,506199000000.0,20954000000.0,191282000000.0,958784000000.0,82699000000.0,,,125061000000.0,215122000000.0,10718000000.0,-2971000000.0,111861000000.0,20912000000.0,89937000000.0,,276185000000.0,18843000000.0,-28508000000.0,29392000000.0,39427000000.0,82699000000.0,61063000000.0,32.56404221807846,22.109455618516574,9.380319237701087,17.767123206485987,1.066324864871401,1.5122431952018767,8.625404679260397,0.1633725076501534,0.2880575812696082,10.266393051446025
BRKa.N,Berkshire Hathaway Inc,large,Financial Services,Financial Services,Financials,United States,2020,543678513841.28,47990000000.0,443164000000.0,19208000000.0,187017000000.0,873729000000.0,83539000000.0,,,110217000000.0,191930000000.0,10596000000.0,-18129000000.0,55693000000.0,12440000000.0,42521000000.0,,245579000000.0,19809000000.0,-18344000000.0,-37757000000.0,39773000000.0,83539000000.0,53649000000.0,17.314591231334926,21.845923307774687,4.866611958627904,9.594867814172632,0.5744622272232132,1.3193478495074158,9.56120261545628,0.18850583531153253,0.281069988520468,9.992190753852562
BRKa.N,Berkshire Hathaway Inc,large,Financial Services,Financial Services,Financials,United States,2019,553690015005.5,64175000000.0,424791000000.0,19852000000.0,180282000000.0,817729000000.0,76055000000.0,,,108086000000.0,198418000000.0,10064000000.0,-2419000000.0,102696000000.0,20904000000.0,81417000000.0,,254616000000.0,19322000000.0,730000000.0,-5621000000.0,38687000000.0,76055000000.0,56198000000.0,31.9763879724762,22.0716687089578,9.956477023561595,19.16636651906467,0.8437972519886924,1.42115574255473,9.300758564267625,0.1790409872148892,0.31136965914135367,9.99486197864195
BRKa.N,Berkshire Hathaway Inc,large,Financial Services,Financial Services,Financials,United States,2018,502599567547.08,30361000000.0,348703000000.0,19069000000.0,166706000000.0,707794000000.0,76364000000.0,,,89802000000.0,193228000000.0,9779000000.0,-3279000000.0,4001000000.0,-19000000.0,4021000000.0,,247837000000.0,18238000000.0,-5812000000.0,-32849000000.0,37400000000.0,76364000000.0,54609000000.0,1.6224373277597777,22.034240246613702,0.5681031486562474,1.153130314336269,0.3975826305589021,1.1759729715572782,10.789014882861398,0.21899438777412297,0.35015414089410196,10.133095600188788
BRKa.N,Berkshire Hathaway Inc,large,Financial Services,Financial Services,Financials,United States,2017,489248728671.54,31583000000.0,348296000000.0,17366000000.0,158219000000.0,702095000000.0,58688000000.0,,,107555000000.0,194431000000.0,9188000000.0,-2976000000.0,23838000000.0,6685000000.0,44940000000.0,,239933000000.0,19189000000.0,-1398000000.0,-41009000000.0,45728000000.0,58688000000.0,45502000000.0,18.73022885555551,18.9644609120046,6.400843190736296,12.90281829248685,0.5381508996728462,1.8326574427480915,8.358982758743474,0.1685003560190183,0.3417386536010084,11.196072785903489
BRKa.N,Berkshire Hathaway Inc,large,Financial Services,Financial Services,Financials,United States,2016,400566669540.78,28048000000.0,282070000000.0,15727000000.0,152773000000.0,620854000000.0,54235000000.0,,,74959000000.0,166557000000.0,8901000000.0,3812000000.0,33667000000.0,9240000000.0,24074000000.0,,215114000000.0,17973000000.0,12791000000.0,-84225000000.0,32647000000.0,54235000000.0,48557000000.0,11.19127532378181,22.572682391662095,3.8775621965872813,8.534760874960117,0.5171568175532405,1.382114870471098,8.735548132089026,0.19227496720672174,0.3464808151352814,10.590513130285496
BRKa.N,Berkshire Hathaway Inc,large,Financial Services,Financial Services,Financials,United States,2015,325274641332.839,71730000000.0,255550000000.0,11916000000.0,145166000000.0,552257000000.0,56695000000.0,,,50254000000.0,157051000000.0,7779000000.0,-3515000000.0,34946000000.0,10532000000.0,24083000000.0,,209969000000.0,15309000000.0,3803000000.0,-28001000000.0,31491000000.0,56695000000.0,52918000000.0,11.469788397334845,25.202768027661225,4.360832003940194,9.423987477988652,1.2651909339447922,0.8863920980686127,10.2660536670427,0.22185482293093328,0.38020160903347533,13.179842228935884
CERT.OQ,Certara Inc,small,Health Care Equipment & Services,Health Care Technology,Health Care,United States,2024,1714747042.8,179183000.0,1058656000.0,,16008000.0,1575104000.0,146088000.0,370360000.0,88445000.0,164764000.0,208109000.0,68033000.0,-15453000.0,-17184000.0,-5133000.0,-12051000.0,37105000.0,385148000.0,178770000.0,-21010000.0,-112368000.0,80466000.0,516448000.0,177039000.0,-3.128927061804813,45.96648561072627,-0.7650923367599853,-1.1383301091194873,1.8319642954931274,1.1278407535184272,32.78818414530088,0.48783363056554724,0.2445222664662143,
CERT.OQ,Certara Inc,small,Health Care Equipment & Services,Health Care Technology,Health Care,United States,2023,2811669680.2,234951000.0,1046840000.0,,12274000.0,1563140000.0,130023000.0,386277000.0,74098000.0,210178000.0,186547000.0,56071000.0,-14369000.0,-55143000.0,214000.0,-55357000.0,34173000.0,354337000.0,161580000.0,-9447000.0,-79550000.0,82755000.0,516300000.0,167790000.0,-15.622698165870343,47.35322588383375,-3.5413974436070985,-5.2880096289786405,2.3768794751697775,1.6164678556870706,33.02967104673925,0.49319857857934357,0.22668283071254014,
CERT.OQ,Certara Inc,small,Health Care Equipment & Services,Health Care Technology,Health Care,United States,2022,2565945061.79,236586000.0,1079661000.0,,16827000.0,1572922000.0,103158000.0,390103000.0,70988000.0,239094000.0,175737000.0,52470000.0,-13766000.0,18755000.0,4024000.0,14731000.0,28205000.0,335644000.0,126733000.0,-7363000.0,-27837000.0,92543000.0,493261000.0,159907000.0,4.388876309423079,47.64184671854703,0.9365372218075658,1.3644097545433242,2.9815816514472946,2.3177455941371488,31.35953340343641,0.45686655348299143,0.213388839370293,
CERT.OQ,Certara Inc,small,Health Care Equipment & Services,Health Care Technology,Health Care,United States,2021,4537507302.16,185797000.0,1041849000.0,,15569000.0,1511730000.0,92225000.0,377656000.0,59905000.0,182502000.0,152466000.0,45115000.0,-16954000.0,-3375000.0,9891000.0,-13266000.0,20379000.0,286104000.0,119968000.0,123391000.0,-269922000.0,60388000.0,469881000.0,133638000.0,-4.6367754383021555,46.709588121801865,-0.8775376555337263,-1.2733131192716027,2.664158308484684,1.9788777446462456,31.082336131452045,0.45100681576696816,0.18925601793971145,
CERT.OQ,Certara Inc,small,Health Care Equipment & Services,Health Care Technology,Health Care,United States,2020,5158468031.88,271382000.0,822132000.0,,3872000.0,1269400000.0,75345000.0,371923000.0,46395000.0,271239000.0,140622000.0,42753000.0,-26049000.0,-50181000.0,-784000.0,-49397000.0,19644000.0,243530000.0,124712000.0,208214000.0,-8612000.0,44810000.0,447268000.0,102908000.0,-20.283743275982424,42.25680614298033,-3.8913659996848904,-6.0084025436304636,4.217625588957462,3.5999601831574757,35.23459902316055,0.544034291330346,0.19184654167323145,
CONG.DE,Continental AG,medium,Automobiles & Components,Automobile Components,Consumer Discretionary,Germany,2024,13492062377.6498,2816026503.77886,14857645719.0185,6328812506.47065,12214514960.1408,38271042550.9887,14772750802.3605,8177865203.43721,7464540842.73734,3810953514.85661,33447497080.6661,2350779842.04307,-353752880.049739,2042463111.72449,745369218.208777,1263557687.76176,4393242953.76755,42968534075.5216,8606904934.78814,-1159703631.23339,-1969981634.7724,3174039602.64812,22950616005.79771,9521036994.8555,2.940658123316304,22.158161081598227,3.3016024741900245,8.504427361222819,0.6959142196369748,0.2579718270376339,59.968619812800995,1.5447007177200234,1.1227427112359014,5.284956229382526
CONG.DE,Continental AG,medium,Automobiles & Components,Automobile Components,Consumer Discretionary,Germany,2023,16978204244.8213,2961385231.69965,15092646750.4663,6926710295.43222,12936443998.1018,41663778927.9684,17050864666.2179,9024532903.66725,8494145431.67095,3462527451.91087,35266190025.3457,2343971149.15521,-370908887.322494,1749651835.82448,458607752.517405,1250492820.11584,4421169054.86303,44790762587.0011,8632228498.04453,-1221295910.61815,-2345052516.17365,3598356890.53741,26075397569.88515,9524572561.6554,2.7918542750570414,21.26459120483821,3.001390781853441,8.285444168877834,0.6718445596525624,0.2030704905406362,62.58529168697428,1.7276888541156328,1.075052809406436,5.091333190100615
CONG.DE,Continental AG,medium,Automobiles & Components,Automobile Components,Consumer Discretionary,Germany,2022,11982378990.0898,2612692636.9863,14190068493.1507,7202054794.52055,12272260273.9726,40589362157.5342,18013484589.0411,7876605308.21918,8450449486.30137,2468107876.71233,33529729521.2297,2363903029.84477,-302032621.175852,586577479.842045,468377060.951461,70267093.9394117,4226981824.92497,41516474937.7643,7920902937.20612,688448963.859153,-2322817322.74376,2418262580.7784,25890089897.26028,7986745416.5346,0.16925110825219702,19.237532638566286,0.17311701934781135,0.4951850230555857,0.6141589134851886,0.137014460723155,63.785407114249416,1.824521841438396,1.0228412749289288,4.655578231193091
CONG.DE,Continental AG,medium,Automobiles & Components,Automobile Components,Consumer Discretionary,Germany,2021,21086277772.0118,2271559466.15738,13887183684.6054,5676852420.25328,12972739467.5215,40515767455.6078,14371689061.6829,11742491417.1384,8203055726.07599,3879453425.18701,30783115707.7087,2760496118.66522,-252771454.519992,1998633255.50974,425228534.861662,1697602206.49084,4123947946.57909,39938599514.0778,8141559188.61281,-1368183160.70788,-1871242120.03101,3494562401.65589,26114180478.8213,9155483806.3691,4.250530131614803,22.923897977799445,4.189979144171128,12.224236713832138,0.7288367530967728,0.2699371944756459,64.45436460615984,1.8804518664047127,0.9857544857773609,5.422567547798833
CONG.DE,Continental AG,medium,Automobiles & Components,Automobile Components,Consumer Discretionary,Germany,2020,29816221308.1245,3223986321.44602,14976062530.5325,5176111382.51099,16805813385.4421,48409868099.658,17410600879.3356,15563141182.2179,9226306790.42501,2765388373.22912,27818166756.1481,3281481202.37395,-317441186.301724,-703027783.686558,-57415647.8639939,-1097974387.28381,3784524463.08294,36372070970.1282,7465632272.16035,-1301954034.86424,-2094929195.32382,3097933763.47673,32973742061.5535,8553904213.9801,-3.018729365687092,23.517781599528067,-2.2680796919824013,-7.331529132208889,0.7150984160832788,0.15883359755327692,68.11367879307741,2.2017631132567836,0.7513358824951055,5.374336968508818
CONG.DE,Continental AG,medium,Automobiles & Components,Automobile Components,Consumer Discretionary,Germany,2019,25811991490.9641,3491132883.43833,17258144071.0266,5262426294.19546,16739569087.2811,47718987512.0508,18912517095.2627,11009797547.2502,8918906799.99103,1090285406.8112,37936934966.6364,3061625514.53205,-308255645.341325,-658820889.062833,651881219.487247,-1371144391.95034,4928508560.51897,49784741814.6318,9214426104.36962,-246246339.778836,-4088472751.4098,4941044737.8168,29922314642.5129,11847806847.9954,-2.754145832583908,23.798068275837306,-2.873372767190577,-7.944912189325451,0.6561812804144345,0.057648878852001144,62.705258855201855,1.7338083700869795,1.0432899860261982,7.209019726980584
CONG.DE,Continental AG,medium,Automobiles & Components,Automobile Components,Consumer Discretionary,Germany,2018,27618817340.7248,2967818148.45399,20472520414.7169,5185223414.9922,14193389301.7708,46386595100.4679,18022180934.0306,7338058537.4805,8752981924.94724,1230388109.00083,39313482873.8126,2581860259.06517,-318290514.355467,4545202712.22964,1052625454.74531,3420560486.80302,5053216096.23245,52423958885.9269,9403619346.78312,-556418098.72304,-4281101866.30487,5876096246.47637,25360239471.5111,13110476012.1143,6.52480384826729,25.008557710497097,7.374027947932994,16.708057520578226,0.6503541450562894,0.06827076664609082,54.67148303638974,1.2387453502442527,1.1301531999143888,7.58183008279726
CONG.DE,Continental AG,medium,Automobiles & Components,Automobile Components,Consumer Discretionary,Germany,2017,53995689200.1655,2071352311.03274,18987776058.3486,4952195870.97084,13438058564.5566,44913688655.3664,17020789098.0195,8351027458.88365,9200105564.95244,1455596741.8817,36879903235.7475,2347046760.5431,-401288605.454694,4831962318.22918,1387163512.23778,3372813212.72903,3507404800.7596,49733908425.1151,7590355325.98576,-2123631504.84501,-3918751047.97309,5899541438.4011,25371816556.90315,12854005189.3676,6.7817175837035055,25.845556073120655,7.5095440025187905,17.763076636065875,0.6622171164377274,0.08551875788479571,56.490164394172204,1.3362184427990238,1.1073218413819317,7.4471818556153915
CONG.DE,Continental AG,medium,Automobiles & Components,Automobile Components,Consumer Discretionary,Germany,2016,38626050333.3683,1759777123.63331,15002102607.233,3945752733.3894,11078742640.8747,38030803195.963,14249579478.5534,8290475189.23465,7771972245.58453,1366379310.34483,32959095078.0184,2105495561.07302,-120513227.478636,4403104035.73916,1213764076.20356,3101361983.55258,3111321754.41858,44873747636.7762,6741658235.07665,-1388502722.84154,-3504511375.38423,5464704945.93434,22540054667.78805,11914652558.7578,6.911305934721762,26.551498785435,8.154868482719271,20.672848764927878,0.6689144324268502,0.09588909710643216,59.267890166938926,1.5024597056762403,1.1799316308297054,8.35305638873791
CONG.DE,Continental AG,medium,Automobiles & Components,Automobile Components,Consumer Discretionary,Germany,2015,49083435500.1639,1499983709.99446,13885926521.215,3649069840.68375,10359248922.1446,35659582324.258,13141473268.1009,8167808777.05499,7301071882.36444,1160174194.45923,32256310536.9719,1988766152.05339,-383432781.981157,4296134528.85662,1210466431.59309,3027720236.17663,2719331044.41529,43551925022.2488,6203418439.45832,-3438683802.73547,-3854309840.87602,5456867930.24486,21309282045.15589,11295614485.2769,6.951977977161511,25.935970636215178,8.490621703431941,21.804236336342854,0.6697160518312844,0.08828341927806463,59.75752001632367,1.5345956218765413,1.2213245973052778,8.83959801956759
COST.OQ,Costco Wholesale Corp,large,Consumer Staples Distribution & Retail,Consumer Staples Distribution & Retail,Consumer Staples,United States,2025,410219940680.88,14161000000.0,29164000000.0,18116000000.0,36122000000.0,77099000000.0,37108000000.0,10827000000.0,3203000000.0,1272000000.0,239886000000.0,2426000000.0,399000000.0,10818000000.0,2719000000.0,8099000000.0,,275235000000.0,24966000000.0,-3775000000.0,-5311000000.0,13335000000.0,47935000000.0,35349000000.0,2.9425763438516177,12.843206714262358,10.504675806430694,27.770539020710466,0.46793144335453274,0.03427832273364234,62.17330964085137,1.6436359895761898,3.569890660060442,13.241664826672555
COST.OQ,Costco Wholesale Corp,large,Consumer Staples Distribution & Retail,Consumer Staples Distribution & Retail,Consumer Staples,United States,2024,392840061520.0,9906000000.0,23622000000.0,18647000000.0,33082000000.0,69831000000.0,35464000000.0,10745000000.0,2721000000.0,-1218000000.0,222358000000.0,2237000000.0,390000000.0,9740000000.0,2373000000.0,7367000000.0,,254453000000.0,22810000000.0,-10764000000.0,-4409000000.0,11339000000.0,46209000000.0,32095000000.0,2.8952301603832535,12.613331342133911,10.54975583909725,31.18702904072475,0.35605120685765845,-0.03434468757049402,66.17261674614426,1.9561849123698247,3.6438401283097765,11.924599131227543
COST.OQ,Costco Wholesale Corp,large,Consumer Staples Distribution & Retail,Consumer Staples Distribution & Retail,Consumer Staples,United States,2023,250160333280.0,13700000000.0,25058000000.0,16651000000.0,30722000000.0,68994000000.0,33583000000.0,10353000000.0,2285000000.0,2296000000.0,212586000000.0,2077000000.0,339000000.0,8487000000.0,2195000000.0,6292000000.0,,242290000000.0,21590000000.0,-2614000000.0,-4972000000.0,11068000000.0,43936000000.0,29704000000.0,2.59688802674481,12.25968880267448,9.119633591326782,25.10974539069359,0.4759848732989906,0.06836792424738707,63.68089978838739,1.7533721765504031,3.5117546453314783,12.767161131463576
COST.OQ,Costco Wholesale Corp,large,Consumer Staples Distribution & Retail,Consumer Staples Distribution & Retail,Consumer Staples,United States,2022,209028659559.15,10203000000.0,20642000000.0,17907000000.0,29040000000.0,64166000000.0,31998000000.0,11521000000.0,2241000000.0,698000000.0,199382000000.0,1900000000.0,9000000.0,7840000000.0,1925000000.0,5844000000.0,,226954000000.0,19661000000.0,-4283000000.0,-3915000000.0,7392000000.0,43519000000.0,27572000000.0,2.5749711395260713,12.148717361227385,9.10762709222953,28.31121015405484,0.38889930620663793,0.021813863366460403,67.82252283140605,2.1082743920162774,3.5369822024124926,11.13430502038309
COST.OQ,Costco Wholesale Corp,large,Consumer Staples Distribution & Retail,Consumer Staples Distribution & Retail,Consumer Staples,United States,2021,198533529472.85,11258000000.0,17564000000.0,14215000000.0,27382000000.0,59268000000.0,29441000000.0,11749000000.0,1803000000.0,64000000.0,170684000000.0,1781000000.0,-74000000.0,6680000000.0,1601000000.0,5007000000.0,,195929000000.0,17938000000.0,-6488000000.0,-3535000000.0,8958000000.0,41190000000.0,25245000000.0,2.5555175599324245,12.88476948282286,8.448066410204495,28.50717376451833,0.4436330287694032,0.0021738392038313918,69.49787406357562,2.3451377818264634,3.3058142673955593,12.007316215265565
COST.OQ,Costco Wholesale Corp,large,Consumer Staples Distribution & Retail,Consumer Staples Distribution & Retail,Consumer Staples,United States,2020,156635949585.0,12277000000.0,18284000000.0,12242000000.0,25187000000.0,55556000000.0,24844000000.0,12007000000.0,1550000000.0,3276000000.0,144831000000.0,1645000000.0,-64000000.0,5367000000.0,1308000000.0,4002000000.0,,166761000000.0,15823000000.0,-1147000000.0,-3891000000.0,8861000000.0,36851000000.0,21930000000.0,2.3998416896036843,13.15055678485977,7.203542371661027,21.887989499015532,0.556552890033811,0.13186282402189664,66.3312693498452,2.0154780135637718,3.001673986608107,11.830664924032021
COST.OQ,Costco Wholesale Corp,large,Consumer Staples Distribution & Retail,Consumer Staples Distribution & Retail,Consumer Staples,United States,2019,126660358750.0,8384000000.0,15243000000.0,11395000000.0,20890000000.0,45400000000.0,23237000000.0,6579000000.0,1535000000.0,248000000.0,132886000000.0,1492000000.0,3000000.0,4765000000.0,1184000000.0,3659000000.0,,152703000000.0,15080000000.0,-1147000000.0,-2865000000.0,6356000000.0,29816000000.0,19817000000.0,2.3961546269555933,12.977479158890134,8.059471365638766,24.004461064094993,0.4268623316262857,0.010672634161036278,65.67400881057269,1.956045397887555,3.363502202643172,11.661781483106626
COST.OQ,Costco Wholesale Corp,large,Consumer Staples Distribution & Retail,Consumer Staples Distribution & Retail,Consumer Staples,United States,2018,102921832320.0,6055000000.0,12799000000.0,11040000000.0,19681000000.0,40830000000.0,19926000000.0,7801000000.0,1669000000.0,363000000.0,123152000000.0,1437000000.0,-61000000.0,4442000000.0,1244000000.0,3134000000.0,,141576000000.0,13944000000.0,-1281000000.0,-2947000000.0,5774000000.0,27727000000.0,18424000000.0,2.2136520314177544,13.013505113861106,7.675728630908646,24.486287991249316,0.38763424671283747,0.018217404396266186,67.90840068577026,2.1663411204000314,3.4674504041146217,11.155072463768116
COST.OQ,Costco Wholesale Corp,large,Consumer Staples Distribution & Retail,Consumer Staples Distribution & Retail,Consumer Staples,United States,2017,71828245160.0,4546000000.0,10778000000.0,9834000000.0,18161000000.0,36347000000.0,17495000000.0,7773000000.0,1432000000.0,-178000000.0,111882000000.0,1370000000.0,-89000000.0,4039000000.0,1325000000.0,2679000000.0,,129025000000.0,13032000000.0,-3218000000.0,-2366000000.0,6726000000.0,25268000000.0,17143000000.0,2.0763417942259252,13.286572369695795,7.370622059592264,24.856188532195212,0.3416976278936839,-0.010174335524435554,69.51880485322035,2.344405269994433,3.5498115387789912,11.37705918242831
COST.OQ,Costco Wholesale Corp,large,Consumer Staples Distribution & Retail,Consumer Staples Distribution & Retail,Consumer Staples,United States,2016,66726785239.9999,3379000000.0,12079000000.0,8969000000.0,17043000000.0,33163000000.0,15575000000.0,5256000000.0,99000000.0,-357000000.0,102901000000.0,1255000000.0,-64000000.0,3619000000.0,1243000000.0,2350000000.0,,118719000000.0,12146000000.0,-2419000000.0,-2345000000.0,3292000000.0,20831000000.0,15818000000.0,1.9794641127367987,13.323899291604546,7.086210535838132,19.455252918287936,0.22330658105939005,-0.02292134831460674,62.813979434912405,1.7245632916632172,3.5798631004432653,11.472962426134464
COST.OQ,Costco Wholesale Corp,large,Consumer Staples Distribution & Retail,Consumer Staples Distribution & Retail,Consumer Staples,United States,2015,63314720640.0,4801000000.0,10617000000.0,8908000000.0,15401000000.0,33017000000.0,16539000000.0,5635000000.0,103000000.0,240000000.0,101065000000.0,1127000000.0,-27000000.0,3604000000.0,1195000000.0,2377000000.0,,116199000000.0,11510000000.0,-2324000000.0,-2480000000.0,4285000000.0,22174000000.0,15134000000.0,2.045628619867641,13.02420846995241,7.199321561619771,22.388622021286615,0.2965112763770482,0.014511155450752766,67.1593421570706,2.0885372515776583,3.519368810006966,11.345419847328245
DAST.PA,Dassault Systemes SE,medium,Software & Services,Software,Information Technology,France,2025,37560706798.6799,4845260326.74442,,,1109662567.68026,17687185088.6156,4967290323.33838,2386808075.82538,2546774250.37877,3002243284.8267,1528386859.86605,611151290.585398,117663860.458554,1648424342.86988,306084278.695257,1351721524.7107,1495721292.45729,7048302603.72188,3936257387.57841,-892256017.732778,-456978854.787639,1842157154.4222,7354098399.16376,5519915743.85583,19.17797235318641,78.31553289072777,7.6423779020706855,,1.4881422457617104,0.6044026198188823,41.57868175358917,,0.3984977014945435,
DAST.PA,Dassault Systemes SE,medium,Software & Services,Software,Information Technology,France,2024,46420524547.5722,4092142043.68982,9386685992.33875,,979190392.380164,16094730303.344,3645822548.91811,3047623977.63744,2195775960.24433,3153639093.07382,1490630255.10867,622258888.699112,128086669.718315,1598919745.30127,302799483.56551,1298392069.22231,1391427994.86231,6721953808.79834,3744155100.46528,-1311049282.36171,-207383569.130076,1795485183.54297,6693446526.55555,5231323553.68967,19.31569460538169,77.82444959443801,8.067187487773829,13.83227339533926,1.7246911827346276,0.8650007099247482,41.58781415035487,0.7130787726380349,0.4176493598902816,
DAST.PA,Dassault Systemes SE,medium,Software & Services,Software,Information Technology,France,2023,65242131935.0645,3937955922.43939,8645779303.19049,,974253142.485074,16137309216.1169,3929899683.26841,3548497456.21489,1884828887.6872,2448986348.53719,1459737338.18261,621786035.598933,63800654.0875427,1406750354.2794,271098711.521135,1136408599.67116,1328243108.74117,6435647673.50173,3572187808.69133,-580369678.792952,-174748910.178761,1692447520.54938,7478397139.4833,4975910335.31912,17.658030043351076,77.31794199684109,7.042119503641838,13.144085221465222,1.4816624543667511,0.6231676495366474,46.342280731749014,0.8649766408822859,0.3988055001805519,
DAST.PA,Dassault Systemes SE,medium,Software & Services,Software,Information Technology,France,2022,47785728857.0741,2963398972.60274,7823844178.08219,,877461472.60274,15262307363.0137,3083261986.30137,4340004280.82192,1778253424.65753,2101134417.80822,1391857339.02175,628716666.612307,2949743.07391833,1375423056.18135,395476267.838908,981316311.912473,1145343096.41572,5968278370.23911,3186775999.50105,-1677561025.32413,-225339301.253975,1606767191.55009,7423266267.12329,4576421031.21736,16.442200766067117,76.67908142552025,6.429672057912887,12.542636197453218,1.5378687955570969,0.6814647691773692,48.63790310705346,0.9488003720624851,0.3910469254932245,
DAST.PA,Dassault Systemes SE,medium,Software & Services,Software,Information Technology,France,2021,79067446288.4523,3387104108.40552,7045108337.31214,,928767933.065048,16163858763.6132,3945046949.95794,5158129277.22075,1553213741.67292,1419525725.84862,1371258527.02399,662978007.760672,-17860781.2973883,1187919381.2561,272524768.934984,915039762.361562,1122863555.33846,5748687628.04218,3134507976.03172,-842058954.013955,-189726445.039807,1908028232.50444,9103176227.17869,4377429101.01819,15.917367955391853,76.14658134606286,5.661023000407719,12.988299378099688,1.252283664236521,0.3598247990087302,56.31808815151887,1.2921272166911413,0.35565069653931713,
DAST.PA,Dassault Systemes SE,medium,Software & Services,Software,Information Technology,France,2020,53622197242.1226,2624450415.24182,6181485100.14655,,1051660967.26917,15833170493.405,2548729848.55887,7048363458.72008,1501099169.51637,2043722520.76209,1305949159.46711,669697029.856963,-26596115.2133411,737728294.522848,183547438.897221,560458908.572982,1067725586.71928,5082026787.67542,2947717078.4091,-846852269.389604,-237424547.827251,1416899477.00946,9597093307.27895,3776077628.20831,11.028255693814291,74.30259197700005,3.5397768804828464,9.06673557394314,1.6186688389477222,0.8018592170204596,60.61384427886021,1.5525546291539913,0.32097341399767276,
DAST.PA,Dassault Systemes SE,medium,Software & Services,Software,Information Technology,France,2019,43194509013.2951,2180234513.37354,5839069120.91115,,1008564446.33769,15551196107.8851,2392103670.15672,7259825572.27092,1478824294.32998,1720848373.4278,982299035.408668,443243411.601906,3469834.7877927,913238130.116148,234605603.716564,688706240.299628,825932609.649107,4497577465.906,2567341952.50326,3634931765.59896,-5971249879.32789,1327491631.71682,9651929242.42764,3515278430.497332,15.312826638793508,78.15937484445769,4.428638385895124,11.794795129812742,1.529640564225126,0.7193870378180799,62.06551043063313,1.652991091998157,0.28921103140262905,
DAST.PA,Dassault Systemes SE,medium,Software & Services,Software,Information Technology,France,2018,31105852689.8109,3221969905.49592,5232131388.20075,,204376548.307184,9145334434.35178,2319937608.95495,1519978897.14653,1197472245.16011,2499082484.63162,805643349.392324,280629285.097531,-195743943.91742,925356473.115041,260204856.69119,672235233.212177,745078425.852133,4105428169.95438,2347392543.37157,-343319293.67422,-381570824.331183,1060889674.33169,3839916506.10148,3299784820.562056,16.374302639903377,80.37614309541613,7.350581195665426,12.84821009518548,1.9049831916155853,1.0772196954716244,41.987710057687494,0.7339105655414301,0.44890957235347645,
DAST.PA,Dassault Systemes SE,medium,Software & Services,Software,Information Technology,France,2017,27544618087.271,2950354482.31187,4791422847.61459,,202682309.473255,8432967454.80501,1832341262.70078,1806961288.8521,1074723191.90029,2485633569.65487,716756144.832098,246007657.275819,21034032.1411665,849163303.478423,261363077.075645,586970753.475705,651584886.379346,3647881804.32722,2073473254.34344,-180141404.476813,-415229174.975643,841930841.988956,3639302551.55288,2931125659.495122,16.090728399681804,80.35144274735377,6.960429488450779,12.250447771853999,2.1966856044487018,1.3565341894834424,43.15565749609583,0.7595452681377739,0.43257392179886783,
DAST.PA,Dassault Systemes SE,medium,Software & Services,Software,Information Technology,France,2016,19577317963.0571,2561712573.59125,4058268502.94365,,142348612.279226,7299270395.29016,1540832632.46426,1676403490.32801,862533641.715728,2212779646.76199,685481229.852652,228451690.918339,6332200.9883632,732042052.010008,231611151.565276,494881094.789954,598146212.411087,3381437380.15183,1907334853.28182,-223957620.975357,-330799402.978592,688045317.530044,3217236122.79227,2695956150.299178,14.63522872535742,79.72811107263878,6.779870699258861,12.194390155086925,2.2223349526486644,1.436093447231243,44.07613293608338,0.7927607846692893,0.4632569006258072,
DAST.PA,Dassault Systemes SE,medium,Software & Services,Software,Information Technology,France,2015,20556924964.0751,2476660766.06466,3766825946.72082,,146964085.967789,6854215310.43321,1424686960.39357,1641887034.24159,802707398.920516,2095235716.38014,663270995.978239,234669965.493175,-9559176.85477632,702797653.868282,252146463.138599,446462737.092118,546723637.895275,3152113867.86423,1772191016.74636,608805557.117956,-67186215.492367,702990813.405239,3066573994.63516,2488842871.885991,14.163915258385847,78.95789861082494,6.513695833460767,11.852491816904429,2.301816648956519,1.4706639245166746,44.73997176551114,0.8141002631949962,0.45987961059031945,
EXHO.PA,Sodexo SA,medium,Consumer Services,"Hotels, Restaurants & Leisure",Consumer Discretionary,France,2025,9264588993.13621,2443128045.14704,4423568999.96495,355194129.949642,1386892869.24416,17349597485.5994,6821129377.12503,6089709885.84715,4178204633.88131,569011648.96538,23415498485.2264,539274029.787597,-96849213.5128746,994905556.995893,217910730.403968,764888674.902816,,26494863251.238,1869850156.34516,-583296399.566176,-429218105.341149,1060939111.66376,12910839262.97218,3079364766.0116,2.8869319597906427,11.622497299991588,4.408682538817934,17.29121157393219,0.9707091469681388,0.08341897910243232,74.41578557478638,2.9186476492340185,1.5271168840216265,65.92310094917997
EXHO.PA,Sodexo SA,medium,Consumer Services,"Hotels, Restaurants & Leisure",Consumer Discretionary,France,2024,12091579833.6024,2360752082.36672,4177989880.91293,355714632.906918,1353262190.40675,16597070325.4457,6542056074.76636,5859349108.50401,3878615143.28009,524734318.729149,22683485062.9879,509049050.155674,-68089363.3966188,1076460411.79416,269115102.948541,181571635.724317,,25720486827.1862,1881644153.54783,-2612253830.62901,748982997.362807,1240739510.78283,12401405183.27037,3037001764.1983,0.7059416757710756,11.80771493402773,1.0939981102926433,4.345908939459707,0.9537318473488688,0.080209388720027,74.7204472843453,2.968270756213643,1.549700418377633,63.76877126931021
EXHO.PA,Sodexo SA,medium,Consumer Services,"Hotels, Restaurants & Leisure",Consumer Discretionary,France,2023,15199510163.3494,2195312330.60862,4924004249.69103,351249972.897379,1406083996.44414,22542876347.0003,10624227575.2911,6981635263.76271,3631751262.98216,1721558509.139,21173651249.8597,488141110.356109,-107178809.012972,794821068.818969,192072915.16186,842574003.527719,,24021848511.1549,1860242100.98752,-649439912.038997,-429776412.378748,963548104.789885,17605862839.05381,2848197261.2952,3.5075319167734214,11.856694791712625,3.737650823959017,17.111561257904857,0.5484693877551019,0.16204081632652997,78.0994517649322,3.57551739321885,1.065607074331994,60.2808623021468
EXHO.PA,Sodexo SA,medium,Consumer Services,"Hotels, Restaurants & Leisure",Consumer Discretionary,France,2022,11148954033.689,3243390021.42146,4440175796.76767,354007220.942745,1413011776.77431,21039292790.12,9324872024.37823,7264187945.65185,4858547966.97274,867921112.70906,19620154710.6533,583887359.264524,-95665160.5574643,798309270.85884,226517506.607329,764221684.913077,,22281185613.5161,1812140052.85863,-1219455897.22101,-424445425.002083,1138085530.76983,16589059970.03008,2661030902.8628,3.429896856339138,11.942950204806781,3.6323544357534376,17.211518640082,0.8688524590163934,0.09307592752372726,78.84799235181642,3.7361268403171053,1.0590273083693806,55.42303532228385
EXHO.PA,Sodexo SA,medium,Consumer Services,"Hotels, Restaurants & Leisure",Consumer Discretionary,France,2021,12940810831.5884,4178473599.69774,3740436384.24483,302257485.595542,1610465665.43875,22422546519.3161,10452677812.4114,8221167469.53811,4826674223.10381,919760083.120809,17976939267.5032,684938240.593081,-123121533.649367,283299062.863107,120730824.258117,166154302.691864,,20832641635.3512,2210210832.21048,943134854.848065,-362192472.774352,1172642956.40805,18673845281.94951,2855702367.848,0.7975671333486314,13.707826486114554,0.7410144184503259,4.442110107572635,0.861515870326447,0.08799277081215452,83.28155442051491,4.992424242424227,0.9290934737231892,59.47558000783006
EXHO.PA,Sodexo SA,medium,Consumer Services,"Hotels, Restaurants & Leisure",Consumer Discretionary,France,2020,10543476259.0843,2419431845.30914,3291955120.55383,309142993.554548,2252327524.46885,20712580568.1547,9244449749.34352,8158271663.8816,4597756027.69157,-145619479.589401,18781939461.5649,734974507.567463,-318488953.279234,-246105100.261226,109132578.396381,-350783287.702653,,21515821910.1681,2131426071.94564,220492352.270239,-478847027.65759,701566575.405306,17402721413.22512,2733882448.6032,-1.6303503959422407,12.706381657264055,-1.6935759720929093,-10.6557736924323,0.7590703679793407,-0.01575209812782442,84.0200541693079,5.286439448876002,1.0387803605335577,60.75486054401179
EXHO.PA,Sodexo SA,medium,Consumer Services,"Hotels, Restaurants & Leisure",Consumer Discretionary,France,2019,16551714647.9947,1957142857.14286,4896703296.7033,323076923.076923,751648351.648352,19194505494.5055,9062637362.63736,5189010989.01099,4761538461.53846,-258241758.241758,21346671137.298,387482698.845918,-105368102.31775,1091069704.64508,313838326.258243,753438581.089284,,24873670089.0739,2265980695.00537,-462260061.781095,-916589191.12967,1436631760.6334,14251648351.64835,3526998951.7759,3.0290607634144116,14.179648355652922,3.9252825831067053,15.386649658690484,0.741360494725355,-0.028495210379531934,74.24858304230833,2.9104578096947913,1.295874493677062,66.0730297106843
EXHO.PA,Sodexo SA,medium,Consumer Services,"Hotels, Restaurants & Leisure",Consumer Discretionary,France,2018,15634356830.2784,1932400770.17654,3807966223.58318,324773238.685132,717980838.378918,17723339596.8172,8840791518.77885,5022386155.3808,4545665437.16798,-331732665.228385,20706806977.6736,355266767.191359,-98950139.8553115,1083682856.96962,292081738.127124,776102904.166359,,24328620530.4499,2340230416.0961,-411298774.097379,-1192170359.70255,1350729017.54299,13863177674.15965,3621813552.7763,3.1900818346645767,14.887048561767852,4.378987943704094,20.381034352664763,0.7327473104172141,-0.03752295985305693,78.21989528795822,3.6405726469692326,1.3726882790655828,63.757737741898346
EXHO.PA,Sodexo SA,medium,Consumer Services,"Hotels, Restaurants & Leisure",Consumer Discretionary,France,2017,18795904050.9095,2403038927.32534,4210676732.91497,306036176.572157,702573323.648142,17711992569.394,8834561844.31452,4626266715.88649,4582207032.87805,46441287.4953856,19245568549.3095,308869996.136614,-91232062.9157971,1195909451.23358,377019247.953234,794708210.700256,,22750858291.9418,2176379332.20817,353936436.854056,-672699066.318889,1167330732.72984,13460828560.20101,3505289742.6323,3.493091119914963,15.407285728089871,4.486836856929904,18.873645760739624,0.790672597385092,0.005256773150020211,75.99838644614766,3.196832579185517,1.284488924823448,62.886580158185296
EXHO.PA,Sodexo SA,medium,Consumer Services,"Hotels, Restaurants & Leisure",Consumer Discretionary,France,2016,18314034808.5048,1533947656.12798,4092014547.40177,298980343.158036,673821370.400946,15794640665.7891,7705437426.09161,3959258350.25324,4278319462.72786,-275552778.955354,19038918317.0486,341111638.362062,-114444621.339715,1101112813.08405,366667233.418503,707778871.780565,,22494479213.8109,2223336769.91038,-1223335224.22355,-538889721.842345,1050001622.97117,11664695776.34485,3455560896.7623,3.14645591504075,15.361817732773714,4.4811331055704295,17.29658737968002,0.7543072245547995,-0.03576082235413353,73.85223901681009,2.850599781897492,1.424184297052957,63.679498511328376
EXHO.PA,Sodexo SA,medium,Consumer Services,"Hotels, Restaurants & Leisure",Consumer Discretionary,France,2015,12995261184.4384,2251171550.93163,4159286082.64759,302697369.896186,665934213.771609,16230184533.2855,8004663781.69914,4028117222.35925,3710845534.65324,3363304.10995762,19358829595.4849,321930467.548137,-106922754.564724,1212178619.68486,371905233.268606,813542697.775075,,23029069366.3044,2298839223.14157,-1586408260.6614,-439313056.79854,1181961319.48179,12032781004.05839,3670239770.8195,3.5326772646984677,15.937421145596572,5.012528946338408,19.559671578474713,0.7448179271708674,0.0004201680672268905,74.1382883194032,2.8929919137466333,1.4189037295956481,63.9544030465949
GASI.MI,Assicurazioni Generali SpA,small,Insurance,Insurance,Financials,Italy,2024,44540044655.5589,8608551609.89751,31460813748.8353,,3878248265.86603,557663319184.181,,,,,,467343254.377637,-891413985.201788,6535232869.66505,1993781522.72682,4028671942.82944,,46384899810.0693,1667073969.898,-369980076.382296,-15123746981.943,16817866279.0619,0.0,46384899810.0693,8.685309140098413,100.0,0.7224201062252186,12.805364714949828,,,0.0,0.0,0.08317724730026511,
GASI.MI,Assicurazioni Generali SpA,small,Insurance,Insurance,Financials,Italy,2023,32876157187.6055,7802412457.37367,31968922781.4993,,4064538200.9204,561300254930.308,,,,,,459580982.833994,-966742114.479038,6027539760.74514,1660979740.31298,4050800851.04975,,44293874442.0312,1424160363.27617,-4113520138.11886,2456865865.87961,1884822713.12859,0.0,44293874442.0312,9.145284538951682,100.0,0.7216816339327522,12.671058323535332,,,0.0,0.0,0.0789129775961545,
GASI.MI,Assicurazioni Generali SpA,small,Insurance,Insurance,Financials,Italy,2022,28216226304.6232,7370505136.9863,28520976027.3973,,4241224315.06849,538565924657.534,,,,,,,-640515638.90798,4150709896.87079,1451694984.23552,2353473581.11913,,66475620609.7574,994484807.77818,-2552581238.60861,-9723617347.23793,11119477909.0029,0.0,66475620609.7574,3.540355937306862,100.0,0.4369889503528595,8.251728758715617,,,0.0,0.0,0.12343079568583595,
GASI.MI,Assicurazioni Generali SpA,small,Insurance,Insurance,Financials,Italy,2021,33352189818.1869,9635541004.479,33316281290.4986,,4535843394.03861,666422254052.702,,,,,,644644093.183882,-2166950419.65665,5417376049.14162,1637041146.72751,3367526116.13672,,116526812550.477,15541245395.1248,-800778075.386217,-19275449802.7973,20675924309.8243,0.0,116526812550.477,2.8899152413338154,100.0,0.5053141751581437,10.107749081519184,,,0.0,0.0,0.174854323729204,
GASI.MI,Assicurazioni Generali SpA,small,Insurance,Insurance,Financials,Italy,2020,27632358165.3674,9648265754.76307,36674401563.2633,,4645823155.83781,665254030288.227,,,,,,707707786.792768,-2502089465.56411,3869563543.91529,1341220402.38952,1990713516.39772,,95371614519.5312,14070828851.2814,-2585416350.1381,-18241738936.6697,22080482947.9344,0.0,95371614519.5312,2.087322864802756,100.0,0.29924110576755564,5.4280736195892425,,,0.0,0.0,0.14336119764386943,
GASI.MI,Assicurazioni Generali SpA,small,Insurance,Insurance,Financials,Italy,2019,32332305170.9606,7705759702.26218,31791583525.7718,,4689146469.96839,576837880860.032,,,,,,732023210.069814,-1784166661.85212,4014934639.93948,1255856332.87207,2988535123.67952,,104502469395.96,13570411924.9028,-4134699905.19555,-18440492944.8015,22765474112.5534,0.0,104502469395.96,2.8597746454736455,100.0,0.5180892626579563,9.400397187692361,,,0.0,0.0,0.18116436673706804,
GASI.MI,Assicurazioni Generali SpA,small,Insurance,Insurance,Financials,Italy,2018,26132925808.1264,7680750527.57134,27067850261.4919,,4321497385.0812,591598999908.249,,,,,,649331538.929921,-2225436274.33255,4073079653.28769,1329358750.60926,2726011860.70761,,87172168799.9429,13048022124.0973,-2851155757.30138,-14583986364.366,17698416545.6335,0.0,87172168799.9429,3.127158470685423,100.0,0.46078709753234653,10.071031996899189,,,0.0,0.0,0.1473500949350192,
GASI.MI,Assicurazioni Generali SpA,small,Insurance,Insurance,Financials,Italy,2017,28477928026.7751,8216072264.00835,30084811842.4683,,4888377058.81647,644295293962.405,,,,,,523223385.878692,-3355184087.84846,3967683170.23777,1296192707.56557,2385582219.41667,,93368817684.8148,12367509146.9901,-1843147607.70658,-17196307263.3176,18439386581.8199,0.0,93368817684.8148,2.5550095616179718,100.0,0.37026224493203735,7.929523481510149,,,0.0,0.0,0.14491618759249067,
GASI.MI,Assicurazioni Generali SpA,small,Insurance,Insurance,Financials,Italy,2016,23155546211.6904,7919470142.97729,25804247266.6106,,4705634987.38436,547922624053.827,,,,,,481388925.190142,-2090445240.65328,3447187360.84435,1012576704.7103,2302920352.46135,,93765709497.381,12343476026.5996,-4883607647.96344,-18400123354.3368,22118437810.9779,0.0,93765709497.381,2.456036822849054,100.0,0.42030028536202857,8.924578689188168,,,0.0,0.0,0.17112947226681702,
GASI.MI,Assicurazioni Generali SpA,small,Insurance,Insurance,Financials,Italy,2015,28789394479.0819,9821787339.4077,25591598701.1436,,4853335650.13412,543596398822.776,,,,,,457366259.91962,-2482211061.11716,3782152542.58773,1234444856.87043,2254638043.43871,,101077943442.236,12624196863.6066,-859226905.771324,-18800861597.0842,20113014313.6497,0.0,101077943442.236,2.230593507006986,100.0,0.41476324131679354,8.810071108757883,,,0.0,0.0,0.18594299679161333,
GE.N,General Electric Co,large,Capital Goods,Aerospace & Defense,Industrials,United States,2025,323051607217.06,12392000000.0,18677000000.0,11868000000.0,7987000000.0,130169000000.0,38980000000.0,72291000000.0,11773000000.0,1616000000.0,28962000000.0,1220000000.0,946000000.0,10000000000.0,1274000000.0,8704000000.0,1580000000.0,45855000000.0,5758000000.0,-8682000000.0,-776000000.0,8543000000.0,111271000000.0,16893000000.0,18.98157234761749,36.840039254170755,6.686691915893953,46.60277346468919,0.6199332991277579,0.04145715751667522,85.48195038757308,5.957648444611019,0.35227281457182585,2.4403437815975733
GE.N,General Electric Co,large,Capital Goods,Aerospace & Defense,Industrials,United States,2024,179081119202.569,13619000000.0,19341000000.0,9763000000.0,7277000000.0,123140000000.0,34392000000.0,69184000000.0,9327000000.0,3243000000.0,24281000000.0,1184000000.0,813000000.0,7620000000.0,962000000.0,6555000000.0,1286000000.0,38702000000.0,5204000000.0,-6628000000.0,-556000000.0,5817000000.0,103576000000.0,14421000000.0,16.93710919332334,37.26164022531135,5.323209355205457,33.89173258880099,0.6671900441963248,0.09429518492672714,84.11239239889557,5.3552556744739155,0.31429267500406044,2.4870429171361264
GE.N,General Electric Co,large,Capital Goods,Aerospace & Defense,Industrials,United States,2023,138910710668.09,15204000000.0,27403000000.0,8284000000.0,7246000000.0,173300000000.0,32103000000.0,112592000000.0,8703000000.0,10453000000.0,22929000000.0,1179000000.0,637000000.0,10441000000.0,994000000.0,9482000000.0,1011000000.0,35348000000.0,4806000000.0,-10512000000.0,7693000000.0,4610000000.0,144695000000.0,12419000000.0,26.82471426954849,35.13352947832975,5.471436814772072,34.602050870342666,0.7446967573124007,0.32560819861072177,83.4939411425274,5.280261285260738,0.20396999422965956,2.767865765330758
GE.N,General Electric Co,large,Capital Goods,Aerospace & Defense,Industrials,United States,2022,91554663450.6,15810000000.0,33690000000.0,14891000000.0,12192000000.0,188851000000.0,49428000000.0,104511000000.0,14831000000.0,8956000000.0,18972000000.0,3544000000.0,466000000.0,1522000000.0,164000000.0,337000000.0,808000000.0,29138000000.0,3964000000.0,-5585000000.0,1826000000.0,5864000000.0,153939000000.0,10166000000.0,1.1565653099045918,34.88914819136523,0.1784475591868722,1.0002968239833778,0.6199117908877559,0.18119284616007122,81.51346828981578,4.569278717720392,0.15429094894917156,1.274058155933114
GE.N,General Electric Co,large,Capital Goods,Aerospace & Defense,Industrials,United States,2021,103741014482.16,15770000000.0,40304000000.0,15847000000.0,15609000000.0,198874000000.0,51953000000.0,105309000000.0,15620000000.0,14395000000.0,43030000000.0,3009000000.0,522000000.0,-5695000000.0,-757000000.0,-6337000000.0,1682000000.0,56469000000.0,9469000000.0,-45296000000.0,23705000000.0,888000000.0,157262000000.0,13439000000.0,-11.222086454514866,23.79889851068728,-3.1864396552591088,-15.723005160778087,0.6041999499547668,0.2770773583816141,79.0761990003721,3.90189559348948,0.28394360248197353,2.715340442986054
GE.N,General Electric Co,large,Capital Goods,Aerospace & Defense,Industrials,United States,2020,94606628400.0,36530000000.0,35545000000.0,15890000000.0,16699000000.0,256211000000.0,54613000000.0,164525000000.0,16691000000.0,30240000000.0,57301000000.0,3464000000.0,-1497000000.0,5969000000.0,-536000000.0,5703000000.0,2565000000.0,75833000000.0,14347000000.0,-19762000000.0,19297000000.0,1024000000.0,219138000000.0,18532000000.0,7.520472617462055,24.43790961718513,2.2258997466931554,16.044450696300466,0.9745115631809276,0.5537143171039862,85.53028558492805,6.165086510057673,0.29597870505169566,3.6061044682190055
GE.N,General Electric Co,large,Capital Goods,Aerospace & Defense,Industrials,United States,2019,97466406839.9999,35811000000.0,28310000000.0,17215000000.0,45879000000.0,265177000000.0,78865000000.0,156451000000.0,16568000000.0,24231000000.0,64466000000.0,3541000000.0,1406000000.0,-54000000.0,550000000.0,-4979000000.0,3118000000.0,90221000000.0,15931000000.0,-31373000000.0,24394000000.0,8839000000.0,235316000000.0,25755000000.0,-5.518670819432283,28.546568980614268,-1.8776138202031096,-17.587424938184387,0.6641602738857542,0.30724656057820326,88.73921946473487,8.312115860120098,0.34022935624130296,3.7447574789427827
GE.N,General Electric Co,large,Capital Goods,Aerospace & Defense,Industrials,United States,2018,65844730550.0,31124000000.0,30975000000.0,13803000000.0,43611000000.0,311072000000.0,60469000000.0,,,40310000000.0,68304000000.0,6154000000.0,-1222000000.0,-20987000000.0,-118000000.0,-22355000000.0,3414000000.0,97012000000.0,15929000000.0,-54690000000.0,37850000000.0,3211000000.0,60469000000.0,28708000000.0,-23.043541005236467,29.59221539603348,-7.186439152350581,-72.17110573042777,0.5147100167027733,0.6666225669351238,19.438908034152863,1.952187247780468,0.31186349141034875,4.9484894588133015
UNH.N,UnitedHealth Group Inc,large,Health Care Equipment & Services,Health Care Providers & Services,Health Care,United States,2025,299026386848.2,28121000000.0,,,,309581000000.0,,,,,,4361000000.0,-4002000000.0,14697000000.0,1890000000.0,12056000000.0,,447567000000.0,,-11644000000.0,-8685000000.0,19697000000.0,0.0,447567000000.0,2.6936749134766416,100.0,3.8942958385689046,,,,0.0,,1.4457185679999742,
GE.N,General Electric Co,large,Capital Goods,Aerospace & Defense,Industrials,United States,2017,151327883250.0,43967000000.0,56026000000.0,19419000000.0,53874000000.0,369245000000.0,79659000000.0,,,56968000000.0,69618000000.0,6194000000.0,-1152000000.0,-11344000000.0,-7507000000.0,-8483000000.0,4175000000.0,99279000000.0,17232000000.0,-47854000000.0,13456000000.0,5841000000.0,79659000000.0,29661000000.0,-8.544606613684666,29.876408908228328,-2.2973906214031334,-15.14118445007675,0.5519401448674978,0.7151483197127757,21.573481022085605,1.4218220112090816,0.26887026229197414,3.585045573922447
GE.N,General Electric Co,large,Capital Goods,Aerospace & Defense,Industrials,United States,2016,279545924000.0,48129000000.0,75821000000.0,22354000000.0,50518000000.0,365183000000.0,81900000000.0,,,69214000000.0,80615000000.0,7070000000.0,-972000000.0,7031000000.0,-1133000000.0,7501000000.0,4737000000.0,119469000000.0,21393000000.0,-182506000000.0,125132000000.0,7503000000.0,81900000000.0,38854000000.0,6.278616210062862,32.52224426420243,2.0540386600690614,9.893037548964008,0.5876556776556776,0.8451037851037851,22.4271118863693,1.0801756769232798,0.3271483064655255,3.606289702066744
GE.N,General Electric Co,large,Capital Goods,Aerospace & Defense,Industrials,United States,2015,314902794850.0,70483000000.0,98267000000.0,22515000000.0,54095000000.0,493071000000.0,105080000000.0,,,58965000000.0,77444000000.0,6352000000.0,-1097000000.0,8186000000.0,6485000000.0,-6125000000.0,4249000000.0,115159000000.0,22080000000.0,-139094000000.0,123226000000.0,11858000000.0,105080000000.0,37715000000.0,-5.31873322970849,32.75037122587032,-1.2422146100662987,-6.233018205501338,0.6707556147696992,0.5611438903692425,21.31133244502313,1.0693315151576825,0.23355459964183656,3.439662447257384
GOOGL.OQ,Alphabet Inc,large,Media & Entertainment,Interactive Media & Services,Communication Services,United States,2025,3787887200000.0,30708000000.0,415265000000.0,,261818000000.0,595281000000.0,102745000000.0,77271000000.0,62886000000.0,103293000000.0,162535000000.0,21136000000.0,4283000000.0,158826000000.0,26656000000.0,132170000000.0,58687000000.0,402836000000.0,105062000000.0,-37388000000.0,-120291000000.0,164713000000.0,180016000000.0,240301000000.0,32.80987796522654,59.65231508603998,22.202959610671265,31.827868951151675,0.9109348386782812,1.0053335928755658,30.24050826416432,0.4334966828410774,0.6767157023321759,
GOOGL.OQ,Alphabet Inc,large,Media & Entertainment,Interactive Media & Services,Communication Services,United States,2024,2317829400000.0,23466000000.0,325084000000.0,,184624000000.0,450256000000.0,89122000000.0,36050000000.0,52340000000.0,74589000000.0,146306000000.0,15311000000.0,2918000000.0,119815000000.0,16997000000.0,100118000000.0,48789000000.0,350018000000.0,89485000000.0,-79733000000.0,-45536000000.0,125299000000.0,125172000000.0,203712000000.0,28.603671811164,58.20043540617911,22.235794747876763,30.79757847202569,0.8505868360225309,0.8369313974102915,27.800184783767456,0.38504509603671666,0.7773755374720159,
GOOGL.OQ,Alphabet Inc,large,Media & Entertainment,Interactive Media & Services,Communication Services,United States,2023,1755459040000.0,24048000000.0,283379000000.0,,148436000000.0,402392000000.0,81814000000.0,37199000000.0,47964000000.0,89716000000.0,132372000000.0,11946000000.0,1408000000.0,85717000000.0,9822000000.0,73795000000.0,43709000000.0,307394000000.0,86796000000.0,-72093000000.0,-27063000000.0,101746000000.0,119013000000.0,175022000000.0,24.006649446638516,56.93735076156334,18.33908228791825,26.041096905557573,0.8801916542401056,1.0965849365634244,29.576383228294798,0.41997819175027085,0.7639167776695361,
GOOGL.OQ,Alphabet Inc,large,Media & Entertainment,Interactive Media & Services,Communication Services,United States,2022,1145003890000.0,21879000000.0,256144000000.0,2670000000.0,127049000000.0,365264000000.0,69300000000.0,39820000000.0,40258000000.0,95495000000.0,126203000000.0,15929000000.0,-786000000.0,71328000000.0,9756000000.0,59972000000.0,39500000000.0,282836000000.0,81791000000.0,-69757000000.0,-20298000000.0,91495000000.0,109120000000.0,156633000000.0,21.203807153261963,55.37944250378311,16.418809409084936,23.41339246673746,0.8966378066378067,1.377994227994228,29.874282710587412,0.42601036916734336,0.7743330851110429,47.26704119850187
GOOGL.OQ,Alphabet Inc,large,Media & Entertainment,Interactive Media & Services,Communication Services,United States,2021,1921854645843.66,20945000000.0,251635000000.0,1170000000.0,110558000000.0,359268000000.0,64254000000.0,43379000000.0,39304000000.0,123889000000.0,110939000000.0,12430000000.0,13293000000.0,90734000000.0,14701000000.0,76033000000.0,31562000000.0,257637000000.0,67984000000.0,-61362000000.0,-35523000000.0,91652000000.0,107633000000.0,146698000000.0,29.51167728237792,56.93980290098084,21.163309841121393,30.215590041131005,0.937669250163414,1.9281134248451457,29.95897213222441,0.4277346156138852,0.7171164701559838,94.81965811965811
GOOGL.OQ,Alphabet Inc,large,Media & Entertainment,Interactive Media & Services,Communication Services,United States,2020,1185281042276.96,26465000000.0,222544000000.0,728000000.0,96960000000.0,319616000000.0,56834000000.0,40238000000.0,30930000000.0,117462000000.0,84732000000.0,13679000000.0,6978000000.0,48082000000.0,7813000000.0,40269000000.0,27573000000.0,182527000000.0,56571000000.0,-24408000000.0,-32773000000.0,65124000000.0,97072000000.0,97795000000.0,22.061941520980458,53.578374706207846,12.599181517821386,18.09484865914156,1.0098708519548159,2.0667558151810534,30.37144573488186,0.436192393414336,0.57108217360833,116.39010989010988
GOOGL.OQ,Alphabet Inc,large,Media & Entertainment,Interactive Media & Services,Communication Services,United States,2019,922946257294.57,18498000000.0,201442000000.0,999000000.0,84587000000.0,275909000000.0,45221000000.0,29246000000.0,25326000000.0,107357000000.0,71896000000.0,11651000000.0,5079000000.0,39625000000.0,5282000000.0,34343000000.0,26018000000.0,161857000000.0,54033000000.0,-23209000000.0,-29491000000.0,54520000000.0,74467000000.0,89961000000.0,21.21811228430034,55.58054331910267,12.447219916711669,17.048579740074064,0.9691072731695451,2.374051878552,26.98969587798876,0.369669681595695,0.5866318242608977,71.96796796796797
GOOGL.OQ,Alphabet Inc,large,Media & Entertainment,Interactive Media & Services,Communication Services,United States,2018,723465248599.33,16701000000.0,177628000000.0,1107000000.0,59719000000.0,232792000000.0,34620000000.0,20544000000.0,20838000000.0,101056000000.0,59549000000.0,9029000000.0,7144000000.0,34913000000.0,4177000000.0,30736000000.0,21419000000.0,136819000000.0,44675000000.0,-13179000000.0,-28504000000.0,47971000000.0,55164000000.0,77270000000.0,22.464716157843576,56.47607422945644,13.203202859204783,17.303578264688,1.084315424610052,2.919006354708261,23.696690607924673,0.3105591460805729,0.5877306780301729,53.79313459801265
GOOGL.OQ,Alphabet Inc,large,Media & Entertainment,Interactive Media & Services,Communication Services,United States,2017,729458189677.4,10715000000.0,152502000000.0,749000000.0,42383000000.0,197295000000.0,24183000000.0,20610000000.0,18336000000.0,100125000000.0,45583000000.0,6899000000.0,1155000000.0,27193000000.0,4707000000.0,12662000000.0,16625000000.0,110855000000.0,36358000000.0,-8298000000.0,-31401000000.0,37091000000.0,44793000000.0,65272000000.0,11.422128005051643,58.88051959767264,6.417800755214273,8.302841929941902,1.2012984327833602,4.140305173055452,22.70356572645024,0.2937207380886808,0.5618743505917535,60.858477970627504
GOOGL.OQ,Alphabet Inc,large,Media & Entertainment,Interactive Media & Services,Communication Services,United States,2016,539067897721.81,12918000000.0,139036000000.0,268000000.0,34234000000.0,167497000000.0,16756000000.0,11705000000.0,14137000000.0,88652000000.0,35138000000.0,6100000000.0,556000000.0,24150000000.0,4672000000.0,19478000000.0,13948000000.0,90272000000.0,31418000000.0,-8332000000.0,-31165000000.0,36036000000.0,28461000000.0,55134000000.0,21.57701169797944,61.07541651896491,11.628864994596919,14.0093213268506,1.6146455001193603,5.290761518262115,16.991946124408198,0.20470237923990908,0.5389469662143203,131.11194029850745
GOOGL.OQ,Alphabet Inc,large,Media & Entertainment,Interactive Media & Services,Communication Services,United States,2015,528447562921.91,16549000000.0,120331000000.0,,29016000000.0,147461000000.0,19310000000.0,7820000000.0,11556000000.0,70804000000.0,28164000000.0,5024000000.0,347000000.0,19651000000.0,3303000000.0,16348000000.0,12282000000.0,74989000000.0,27465000000.0,-4225000000.0,-23711000000.0,26572000000.0,27130000000.0,46825000000.0,21.800530744509196,62.4424915654296,11.086321128976476,13.585859005576285,1.4554634904194719,3.6667011910926983,18.39808491736798,0.22546143554030135,0.5085344599589043,
IMTP.PA,Imerys SA,small,Materials,Construction Materials,Materials,Belgium,2024,2479899504.08945,657417952.168962,3396624909.41091,750284708.561963,2205611346.93032,6918935707.63019,1009524795.52749,2492183455.84429,377161196.811264,1003105911.58505,1609954238.80741,316430328.484858,-54847923.6040421,-33644387.0628345,66531504.963483,-102772243.439527,,3899828003.94894,2022990476.12542,-19688998.2168356,-441163377.627778,489304060.08103,3501708251.37178,2289873765.14153,-2.6353019501234543,58.717301450802935,-1.4853764767056579,-3.025716591631285,1.0248179673879578,0.9936416777766355,50.61050426455188,1.0309375762009279,0.5636456485132846,2.145791084951121
IMTP.PA,Imerys SA,small,Materials,Construction Materials,Materials,Belgium,2023,2669725534.30523,645602728.085374,3447628927.4166,810700451.370113,2227494951.05559,7892796839.30562,1623387372.6728,2785030845.46368,439782371.182943,1294074801.62891,1800476085.69082,327978616.690707,-41524493.5078244,74938734.3774019,65314567.9133488,55474128.0456092,,4103139014.7419,2041296520.69584,-1006536420.75737,149769332.052961,662012888.684638,4408418218.13648,2302662929.05108,1.3519924098671732,56.119544592030465,0.7028450012719397,1.6090515891795072,0.6685927940176731,0.7971447994561528,55.853689229435645,1.2786811779769538,0.5198586886600871,2.2208894575646907
IMTP.PA,Imerys SA,small,Materials,Construction Materials,Materials,Belgium,2022,3303461370.61215,663741438.356164,3572238869.86301,845355308.219178,2096853595.89041,8423587328.76712,1659995719.17808,3140517979.45206,524293664.383562,627461472.60274,1870558500.73192,333847707.1874,-52990027.3636043,282437899.32768,95866649.9023457,249885377.547653,,4510578551.88883,2232534115.08847,108087014.065722,-345646679.483073,481966948.68487,4800513698.63014,2640020051.15691,5.539985052316894,58.529521674140604,2.9664959570642493,6.995203474655538,0.7156856424472964,0.3779898136806144,56.98894676661167,1.3438389406513098,0.5354700290795229,2.212748275837329
IMTP.PA,Imerys SA,small,Materials,Construction Materials,Materials,Belgium,2021,3528343332.31021,656162608.280472,3630266239.22879,965259304.731373,2520519291.54446,8430643657.77687,1630402655.57147,3114839824.47764,698337994.225042,1055521451.46989,1785131863.18003,383001389.675121,-47786461.2195025,296181432.905035,80669224.137873,283998250.960459,,4334728822.55224,2222307013.34657,-403700970.648916,-369043957.932791,644998943.143433,4745242480.04911,2549596959.37221,6.551695909624261,58.81791142521888,3.3686425673855167,7.82306950084166,0.8307767396457962,0.647399246966953,56.285648791143586,1.307133462766958,0.514163449258546,1.849380632157515
IMTP.PA,Imerys SA,small,Materials,Construction Materials,Materials,Belgium,2020,4010524328.65168,792012701.514411,3537616023.44895,844894968.246214,2595261358.085,8538226673.18026,1582071323.88862,3346482657.54763,693698094.772838,1017708842.20811,1866522214.45731,391179771.828841,-70085900.1759289,87436155.5940742,50566862.8305155,34358071.5846166,,4335851658.27795,2152002403.93614,-247583578.960244,-339129005.574405,617075531.516404,4928553981.43625,2469329443.82064,0.7924180597604309,56.951428195340334,0.4024028981631515,0.9712210527336902,0.9390921723019898,0.643276208121043,57.72339116877177,1.3931851135814406,0.5078164148414394,2.209176625032734
IMTP.PA,Imerys SA,small,Materials,Construction Materials,Materials,Belgium,2019,3357420969.35183,740308947.828622,3490460282.94061,910925274.084703,2668318274.55552,8379144900.56723,1656615025.89512,3177925251.66469,699392417.550389,972916619.958299,2061305724.25775,399926441.831719,-48913477.4924325,206846925.414223,73314251.1614263,135659347.18725,,4873998575.30429,2368218207.74574,-411791038.202882,-380898315.576082,584051545.893622,4834540277.55981,2812692851.04654,2.7833275921460565,57.70811803881046,1.6190118299310765,3.8865747262696537,0.869062119366626,0.5872919204222491,57.697298888249726,1.3850724218775101,0.5816820968180587,2.262870273666463
IMTP.PA,Imerys SA,small,Materials,Construction Materials,Materials,Belgium,2018,3832677177.14927,973598495.274796,3689788053.9499,994357280.484448,2483943481.05331,8709399944.94908,1427653913.20305,3550211028.53473,753050738.599872,1652445178.45674,2088604410.03804,317464092.396829,-71072288.442875,-176618178.588939,105073649.026842,660665325.791244,,5418966843.06971,2723296474.27209,-624775000.73039,440719024.513708,732918217.032173,4977864941.73778,3330362433.03167,12.191721132897605,61.457516339869365,7.585658368742034,17.905237811261408,1.2094312339331592,1.157455012853468,57.155085002436216,1.3490923784657496,0.6221974966498559,2.10045669803964
IMTP.PA,Imerys SA,small,Materials,Construction Materials,Materials,Belgium,2017,7496624109.54763,458127901.53669,3391993858.03913,1007905375.41536,2985328870.81489,8958625736.25556,2075191036.57586,3430740993.99,811050731.157256,583606242.727415,1811505588.69016,284552156.726252,-88597653.2459815,475534342.932513,134365573.60902,416205557.276722,,4858179991.1285,2465591324.64391,-429540408.147928,-734772884.445627,714318579.295726,5505932030.56586,3046674402.43834,8.567108629913939,62.71225866480571,4.645863880576438,12.270233222572086,0.6115960460142197,0.2812301289091853,61.4595607927157,1.6232140331022804,0.5422907635785525,1.7972972789669215
IMTP.PA,Imerys SA,small,Materials,Construction Materials,Materials,Belgium,2016,6029004863.71951,851135407.905803,3008305298.57023,749053826.745164,2388456686.291,7077796467.61985,1536480235.49201,2477607232.96888,639297729.184188,975189234.650967,1692054406.01317,257847401.308743,-62414564.0936184,483491543.484076,157364379.682846,324024545.507296,,4609381956.78616,2283443467.21227,6861175.48546869,-322807240.179228,715000884.058277,4014087468.46089,2917327550.77299,7.029674445404791,63.291078459617694,4.578042714136711,10.770999394951588,0.9700307902839546,0.6346903865891207,56.71380191313644,1.3343351389131557,0.6512453385560861,2.2589223171926
IMTP.PA,Imerys SA,small,Materials,Construction Materials,Materials,Belgium,2015,5591723511.53875,450798753.271576,2871493576.30782,801794072.609985,2326104190.87543,6699319077.76849,1382152669.93191,2415482021.26389,627816813.457717,767802261.052769,1692921229.07141,254437734.887322,-61611231.6153857,139208080.082331,62499321.4404723,75931680.0449077,,4536695860.22697,2272843884.85298,-171401336.241722,-687936580.757739,614669170.188091,3797634691.1958,2843774631.15556,1.6737220740450707,62.68382802750384,1.1334238474606313,2.6443270035986295,0.780388151174667,0.5555119038265098,56.6868758915835,1.322529405090579,0.6771876078095568,2.111416493215826
INGA.AS,ING Groep NV,small,Banks,Banks,Financials,Netherlands,2025,85206351973.3625,62117848795.5557,,,2910397801.34597,1238393056387.49,,,,,,,,10339951925.791,2876604465.58135,7151385639.97376,,21941314689.9274,,,,,0.0,21941314689.9274,32.593241294044915,100.0,0.5774730085159739,,,,0.0,,0.017717569213390374,
INGA.AS,ING Groep NV,small,Banks,Banks,Financials,Netherlands,2024,49301199345.1599,72836732581.0125,52090278496.7388,,2519929599.33741,1056574179521.69,,,,,,728060208.787383,,10060861726.1852,2866804685.41837,6914949263.84688,,23439644195.8339,8976885011.17044,5813663539.41069,-6526578364.95436,-24388394274.7441,0.0,23439644195.8339,29.501084598698494,100.0,0.6544688861294405,13.274932412349845,,,0.0,0.0,0.02218457033129941,
INGA.AS,ING Groep NV,small,Banks,Banks,Financials,Netherlands,2023,52218311266.2576,99559665831.6136,56548177413.8369,,2647522982.35353,1076647942348.23,,,,,,728841370.423793,,11345702757.3983,3211660044.7458,7878840096.30231,,21350510411.9397,8400058999.18698,19901478607.2396,-9240281172.50937,-12262701989.0294,0.0,21350510411.9397,36.90235008103731,100.0,0.7317935405252449,13.932969118779095,,,0.0,0.0,0.019830540302127945,
INGA.AS,ING Groep NV,small,Banks,Banks,Financials,Netherlands,2022,45417163752.1875,93764982876.7123,53412885273.9726,,2617722602.73973,1035763056506.85,,,,,,749024044.841405,,5796245140.24952,1817252429.46754,3871537784.51781,,24999072551.4579,7578732740.6316,4897626982.37369,-5590816604.74449,-11706266084.7787,0.0,24999072551.4579,15.486725663716788,100.0,0.3737860469338149,7.248321757305179,,,0.0,0.0,0.024135899030583517,
INGA.AS,ING Groep NV,small,Banks,Banks,Financials,Netherlands,2021,54331863960.5847,121092240183.707,61294136370.8706,,2859059181.95667,1081429188550.12,,,,,,986482887.551115,,8021974752.2442,2220177913.58926,5650394189.24662,,21345407900.1768,8374459045.39796,6371922440.33316,7357222494.68577,-17675076485.2234,0.0,21345407900.1768,26.47124016402525,100.0,0.5224932199973393,9.21849058294573,,,0.0,0.0,0.0197381466361147,
INGA.AS,ING Groep NV,small,Banks,Banks,Financials,Netherlands,2020,36400841524.2244,135670493404.983,66728138739.619,,3469711773.32682,1144693453834.88,,,,,,946273798.792265,,4347837032.08654,1422264358.61901,2836538468.0323,,20653652732.6264,7962854065.59088,-39718387337.4857,-9687606429.85519,115565257190.742,0.0,20653652732.6264,13.733834420249762,100.0,0.2477989594969297,4.2508880385541765,,,0.0,0.0,0.018042955223893202,
INGA.AS,ING Groep NV,small,Banks,Banks,Financials,Netherlands,2019,46686600232.4866,59639486133.2197,60275093603.5693,,3555814631.30283,999645763737.865,,,,,,883128918.570464,,7649306754.76622,2188234519.3983,5351380684.0119,,19980651869.9637,9439069924.34058,-4649578615.64221,-2792657353.4009,14612481662.785,0.0,19980651869.9637,26.78281328777099,100.0,0.5353277008849688,8.878261922259393,,,0.0,0.0,0.019987732249524326,
INGA.AS,ING Groep NV,small,Banks,Banks,Financials,Netherlands,2018,42000076391.7217,57329800899.1651,58413615928.0668,,1902697495.18304,1017329571520.32,,,,,,615094057.786344,,8072961933.096,2393081871.65627,5552374959.24985,,20904933745.1493,9244119908.76597,18869574521.3035,6435465852.19455,8163868348.54619,0.0,20904933745.1493,26.560117467668135,100.0,0.5457793732420712,9.505275218858731,,,0.0,0.0,0.020548831303417732,
INGA.AS,ING Groep NV,small,Banks,Banks,Financials,Netherlands,2017,71435148516.8424,26378042489.8934,60467124914.5284,,2160482719.73705,1015122179436.43,,,,,,562775909.649219,,8213364078.97696,2577694477.73066,5543003688.41249,,20509678683.1801,8572727009.23489,-4461524681.3155,13282867554.2508,-5936268781.9023,0.0,20509678683.1801,27.026282439803815,100.0,0.546043008486902,9.16697080644672,,,0.0,0.0,0.020204147932780418,
INGA.AS,ING Groep NV,small,Banks,Banks,Financials,Netherlands,2016,54515167738.0466,19074852817.4937,52347560975.6098,,2104709840.20185,888436711522.288,,,,,,572133504.191502,,6532503046.89059,1790545473.46586,5146988255.30885,,19393887158.5224,7133409222.47277,-21089261488.1576,6788137165.78467,9465102246.32479,0.0,19393887158.5224,26.539229671897264,100.0,0.5793308840749911,9.832336329302862,,,0.0,0.0,0.02182922757130559,
INGA.AS,ING Groep NV,small,Banks,Banks,Financials,Netherlands,2015,52321716071.1221,23303395923.1546,51945569661.4937,,2201322748.44973,1091683409172.36,,,,,,663847144.252264,,6851613000.54343,1817253804.58354,4451550248.24678,,19178299772.746,6959293891.83518,-12394403621.3654,4658031132.57943,11741657599.9267,0.0,19178299772.746,23.211391525816133,100.0,0.4077693414450296,8.569643719869786,,,0.0,0.0,0.01756763876011057,
J.N,Jacobs Solutions Inc,medium,Commercial  & Professional Services,Professional Services,Industrials,United States,2025,17845522718.84,1235448000.0,3640807000.0,,600973000.0,11252535000.0,3350899000.0,4253731000.0,2501539000.0,1008420000.0,9044849000.0,237576000.0,-109984000.0,543477000.0,215555000.0,289336000.0,,12029783000.0,1977673000.0,-525221000.0,-75291000.0,686704000.0,7604630000.0,2984934000.0,2.4051639169218597,24.812866533003962,2.5712961568215515,7.947029326190594,1.1152192292277385,0.300940135766551,67.58148275033138,2.088720989604777,1.0690731466287373,
J.N,Jacobs Solutions Inc,medium,Commercial  & Professional Services,Professional Services,Industrials,United States,2024,16264106004.3,1144795000.0,4549467000.0,,619486000.0,11759005000.0,4079741000.0,3111961000.0,2411960000.0,815839000.0,8668185000.0,308739000.0,-134604000.0,777286000.0,131493000.0,792532000.0,,11500941000.0,1966800000.0,-751637000.0,-127190000.0,1054673000.0,7191702000.0,2832756000.0,6.891018743596719,24.630645440229628,6.7397879327375065,17.420326381090355,0.8718090192490161,0.19997323359497576,61.159103172419776,1.5807790231251264,0.97805392548094,
J.N,Jacobs Solutions Inc,medium,Commercial  & Professional Services,Professional Services,Industrials,United States,2023,17195860227.0,926582000.0,6546220000.0,,771416000.0,14617109000.0,3422561000.0,4594466000.0,2899819000.0,1267792000.0,8140560000.0,307252000.0,-143110000.0,520975000.0,101336000.0,652412000.0,,10851420000.0,1905428000.0,-1086410000.0,-145663000.0,974763000.0,8017027000.0,2710860000.0,6.01222697121667,24.98161530933279,4.46334497471422,9.966240059148639,1.1179935142134794,0.3704220319228788,54.846871566737306,1.2246803498813055,0.7423779900662983,
J.N,Jacobs Solutions Inc,medium,Commercial  & Professional Services,Professional Services,Industrials,United States,2022,13820907579.22,1140479000.0,6060056000.0,,823589000.0,14660419000.0,3250845000.0,5305182000.0,2923337000.0,1471149000.0,7203115000.0,136266000.0,-95886000.0,477497000.0,66328000.0,644039000.0,,9783074000.0,1786677000.0,320234000.0,-538419000.0,474709000.0,8556027000.0,2579959000.0,6.583196651686372,26.371659868871483,4.3930463378979825,10.627608061707681,1.2500799023023246,0.4525435694411761,58.3614083608388,1.4118725965568635,0.6673120324869296,
J.N,Jacobs Solutions Inc,medium,Commercial  & Professional Services,Professional Services,Industrials,United States,2021,17981997808.32,1014249000.0,5940041000.0,,1003214000.0,14632609000.0,3209924000.0,5447848000.0,2621675000.0,1081971000.0,11048860000.0,250800000.0,-145111000.0,695602000.0,274781000.0,477030000.0,,14092632000.0,1922248000.0,798983000.0,-1380743000.0,726276000.0,8657772000.0,3043772000.0,3.3849603111753717,21.598321732945273,3.2600474734204954,8.030752649687098,1.1327134224984765,0.3370705973100921,59.16765766105006,1.457527313363662,0.9630976950180244,
J.N,Jacobs Solutions Inc,medium,Commercial  & Professional Services,Professional Services,Industrials,United States,2020,14162771382.72,862424000.0,5815712000.0,,896286000.0,12354353000.0,2941597000.0,3557089000.0,2743388000.0,1598002000.0,10980307000.0,181633000.0,-57477000.0,441203000.0,55320000.0,491817000.0,,13566975000.0,1725595000.0,-208315000.0,-429092000.0,806849000.0,6498686000.0,2586668000.0,3.6251043434516537,19.065915578085757,3.980920732959468,8.456694554338316,1.2258008149994715,0.5432430071148427,52.60239852301452,1.117436007835326,1.0981534200941159,
J.N,Jacobs Solutions Inc,medium,Commercial  & Professional Services,Professional Services,Industrials,United States,2019,12158464642.5,631068000.0,5714691000.0,,308143000.0,11462711000.0,3073706000.0,2620347000.0,2438367000.0,1038062000.0,10260840000.0,169269000.0,-74360000.0,350959000.0,487000.0,847184000.0,,12737868000.0,1740077000.0,-1969012000.0,2152349000.0,-366436000.0,5694053000.0,2477028000.0,6.650908927616459,19.44617419492807,7.390782163137499,14.824668560382355,0.998610472179187,0.33772325655088675,49.674575237917104,0.9963886061381096,1.1112439282469915,
J.N,Jacobs Solutions Inc,medium,Commercial  & Professional Services,Professional Services,Industrials,United States,2018,10855663573.5,772220000.0,5854345000.0,,257859000.0,12645795000.0,3145693000.0,3555748000.0,2500495000.0,1410891000.0,8421223000.0,198587000.0,-67776000.0,330981000.0,65655000.0,162623000.0,,10579773000.0,1771107000.0,1142420000.0,-1577607000.0,481152000.0,6701441000.0,2158550000.0,1.5371123747173026,20.402611662840027,1.2859847878286814,2.7778171597334973,1.040379655611657,0.44851516025244675,52.99343378569714,1.144695264799051,0.8366237947080433,
J.N,Jacobs Solutions Inc,medium,Commercial  & Professional Services,Professional Services,Industrials,United States,2017,7010761809.32,774151000.0,4428352000.0,,349911000.0,7380859000.0,1926227000.0,967281000.0,2102543000.0,1069953000.0,5070091000.0,122513000.0,-3287000.0,243154000.0,73103000.0,292433000.0,,6330126000.0,1015893000.0,-242580000.0,-236198000.0,574881000.0,2893508000.0,1260035000.0,4.619702672585032,19.9053699720985,3.962045610138332,6.603653006807047,1.4934345744297013,0.55546568498936,39.20286243105308,0.6534051493648202,0.857640824733273,
J.N,Jacobs Solutions Inc,medium,Commercial  & Professional Services,Professional Services,Industrials,United States,2016,6280266348.84,655716000.0,4265276000.0,,319673000.0,7360022000.0,1782686000.0,1247154000.0,2115663000.0,1081784000.0,9196326000.0,129971000.0,-7412000.0,286723000.0,72208000.0,210463000.0,,10964157000.0,1616863000.0,-317026000.0,-139621000.0,680173000.0,3029840000.0,1767831000.0,1.9195547820046721,16.123729348275475,2.859543082887524,4.93433484726428,1.5546086074608765,0.6068281234047948,41.16618129674069,0.7103502797943204,1.4896907916851334,
J.N,Jacobs Solutions Inc,medium,Commercial  & Professional Services,Professional Services,Industrials,United States,2015,5162810663.2,460859000.0,4291745000.0,,381238000.0,7785926000.0,1981166000.0,1448302000.0,2548743000.0,1141512000.0,10146494000.0,149292000.0,-12241000.0,430137000.0,101255000.0,302971000.0,,12114832000.0,1365619000.0,-553314000.0,-96123000.0,484572000.0,3429468000.0,1968338000.0,2.500827085344642,16.247340450119324,3.891264828358245,7.0593895956073816,1.5191064252061666,0.5761819049993792,44.04701508850714,0.7990847545695282,1.5559911563505742,
JNJ.N,Johnson & Johnson,large,"Pharmaceuticals, Biotechnology & Life Sciences",Pharmaceuticals,Health Care,United States,2025,498603621358.9,9292000000.0,81544000000.0,14191000000.0,24469000000.0,199210000000.0,54126000000.0,63540000000.0,17178000000.0,1498000000.0,30165000000.0,7503000000.0,-169000000.0,32581000000.0,4777000000.0,26804000000.0,14665000000.0,94193000000.0,38341000000.0,-5539000000.0,-23588000000.0,24530000000.0,117666000000.0,64028000000.0,28.45646704107524,67.97532725361758,13.455147833944078,32.87059746885117,0.48904408232642355,0.02767616302701105,59.066311932131924,1.4429755714706172,0.472832689122032,2.125643013177366
JNJ.N,Johnson & Johnson,large,"Pharmaceuticals, Biotechnology & Life Sciences",Pharmaceuticals,Health Care,United States,2024,348190434210.64,9041000000.0,71490000000.0,12444000000.0,21618000000.0,180104000000.0,50321000000.0,58293000000.0,14842000000.0,5572000000.0,27436000000.0,7339000000.0,363000000.0,16687000000.0,2621000000.0,14066000000.0,17232000000.0,88821000000.0,40101000000.0,-3132000000.0,-18599000000.0,24266000000.0,108614000000.0,61385000000.0,15.836345008500242,69.11090845633352,7.809932039266202,19.675479087984332,0.47461298463862006,0.11072911905566264,60.30626748989473,1.5192894111064486,0.49316506018744727,2.20475731276117
JNJ.N,Johnson & Johnson,large,"Pharmaceuticals, Biotechnology & Life Sciences",Pharmaceuticals,Health Care,United States,2023,377316850898.8,8154000000.0,68774000000.0,11181000000.0,20898000000.0,167558000000.0,46282000000.0,52502000000.0,14873000000.0,7213000000.0,26244000000.0,7103000000.0,123000000.0,15062000000.0,1736000000.0,35153000000.0,15085000000.0,85159000000.0,36597000000.0,-15825000000.0,878000000.0,22791000000.0,98784000000.0,58915000000.0,41.27925410115196,69.18235301025142,20.97960109335275,51.1137930031698,0.4975368393759993,0.15584892614839463,58.955108081977585,1.4363567627301015,0.5082359541173802,2.347196136302656
JNJ.N,Johnson & Johnson,large,"Pharmaceuticals, Biotechnology & Life Sciences",Pharmaceuticals,Health Care,United States,2022,402750429385.0,10294000000.0,76804000000.0,12483000000.0,20903000000.0,187378000000.0,55802000000.0,54772000000.0,16160000000.0,-508000000.0,24596000000.0,6970000000.0,-72000000.0,19359000000.0,2989000000.0,17941000000.0,14135000000.0,79990000000.0,34381000000.0,-8871000000.0,-12371000000.0,21194000000.0,110574000000.0,55394000000.0,22.42905363170396,69.25115639454931,9.574763312662105,23.3594604447685,0.4740690297838787,-0.009103616357836637,59.01119661859983,1.4396906411124422,0.42689109714053947,1.970359689177281
JNJ.N,Johnson & Johnson,large,"Pharmaceuticals, Biotechnology & Life Sciences",Pharmaceuticals,Health Care,United States,2021,466046747266.879,4837000000.0,74023000000.0,10387000000.0,19862000000.0,182018000000.0,45226000000.0,62769000000.0,15283000000.0,15753000000.0,23402000000.0,7390000000.0,-346000000.0,19178000000.0,1377000000.0,20878000000.0,14277000000.0,78740000000.0,34395000000.0,-14047000000.0,-8683000000.0,23410000000.0,107995000000.0,55338000000.0,26.51511303022606,70.27940055880111,11.47029414673274,28.204747173175903,0.44487684075531775,0.3483173395834255,59.33204408355218,1.4589384380530377,0.4325945785581646,2.2530085684028114
JNJ.N,Johnson & Johnson,large,"Pharmaceuticals, Biotechnology & Life Sciences",Pharmaceuticals,Health Care,United States,2020,432685324779.5,4965000000.0,63278000000.0,9344000000.0,19766000000.0,174894000000.0,42493000000.0,69123000000.0,13576000000.0,8744000000.0,28327000000.0,7300000000.0,-90000000.0,16497000000.0,2083000000.0,14714000000.0,12159000000.0,82584000000.0,34243000000.0,-6120000000.0,-20825000000.0,23536000000.0,111616000000.0,54257000000.0,17.81701055894604,65.69916690884433,8.413095932393336,23.25294731186194,0.43633068976066647,0.20577506883486693,63.81922764646014,1.7638989854293752,0.47219458643521217,3.0315710616438354
JNJ.N,Johnson & Johnson,large,"Pharmaceuticals, Biotechnology & Life Sciences",Pharmaceuticals,Health Care,United States,2019,383911226842.13,5501000000.0,59471000000.0,9020000000.0,18615000000.0,157728000000.0,35964000000.0,62293000000.0,14481000000.0,9310000000.0,27456000000.0,7009000000.0,483000000.0,17328000000.0,2209000000.0,15119000000.0,11355000000.0,82059000000.0,33533000000.0,-18015000000.0,-6194000000.0,23416000000.0,98257000000.0,54603000000.0,18.42454819093579,66.54114722333931,9.585488942990464,25.422474819660003,0.5556111667222778,0.2588699810922033,62.29521708257253,1.6521834171276757,0.5202563907486305,3.0439024390243903
JNJ.N,Johnson & Johnson,large,"Pharmaceuticals, Biotechnology & Life Sciences",Pharmaceuticals,Health Care,United States,2018,346109256899.45,6016000000.0,59752000000.0,8599000000.0,17035000000.0,152954000000.0,31230000000.0,61972000000.0,14098000000.0,14803000000.0,26986000000.0,6929000000.0,-394000000.0,17999000000.0,2702000000.0,15297000000.0,10775000000.0,81581000000.0,33315000000.0,-18510000000.0,-3167000000.0,22201000000.0,93202000000.0,54595000000.0,18.750689498780353,66.92121940157635,10.001046066137532,25.60081670906413,0.6440601985270573,0.47399935959013767,60.93466009388444,1.5598138974427633,0.5333695097872563,3.1382718920804744
JNJ.N,Johnson & Johnson,large,"Pharmaceuticals, Biotechnology & Life Sciences",Pharmaceuticals,Health Care,United States,2017,375360581386.0,7217000000.0,60160000000.0,8765000000.0,17005000000.0,157303000000.0,30537000000.0,66606000000.0,13490000000.0,12551000000.0,25351000000.0,5642000000.0,-549000000.0,17673000000.0,3373000000.0,1300000000.0,10594000000.0,76450000000.0,32114000000.0,-7673000000.0,-14868000000.0,21056000000.0,97143000000.0,51099000000.0,1.7004578155657293,66.83976455199476,0.8264305194433672,2.160904255319149,0.6780954252218621,0.4110095949176409,61.755338423297715,1.6147440159574469,0.4860047170111187,2.8922989161437536
JNJ.N,Johnson & Johnson,large,"Pharmaceuticals, Biotechnology & Life Sciences",Pharmaceuticals,Health Care,United States,2016,337641597603.6,9166000000.0,70418000000.0,8144000000.0,15912000000.0,141208000000.0,26287000000.0,44503000000.0,11699000000.0,38745000000.0,21625000000.0,3754000000.0,-358000000.0,19803000000.0,3263000000.0,16540000000.0,9095000000.0,71891000000.0,29040000000.0,-8551000000.0,-4761000000.0,18767000000.0,70790000000.0,50266000000.0,23.00705234313057,69.9197396057921,11.713217381451475,23.48831264733449,0.7937383497546315,1.4739224711834746,50.13172058240326,1.0052827402084694,0.5091142144920968,2.6553290766208253
JNJ.N,Johnson & Johnson,large,"Pharmaceuticals, Biotechnology & Life Sciences",Pharmaceuticals,Health Care,United States,2015,298452866568.6,5687000000.0,71150000000.0,8053000000.0,15905000000.0,133411000000.0,27747000000.0,34514000000.0,10734000000.0,32463000000.0,21469000000.0,3746000000.0,-424000000.0,19196000000.0,3787000000.0,15409000000.0,9047000000.0,70079000000.0,30250000000.0,-11136000000.0,-7735000000.0,19569000000.0,62261000000.0,48610000000.0,21.988042066810316,69.3645742661853,11.55002211211969,21.657062543921292,0.5918117273939525,1.1699643204670775,46.66856556056097,0.8750667603654252,0.5252865206017495,2.6659629951570842
JPM.N,JPMorgan Chase & Co,large,Banks,Banks,Financials,United States,2025,868769564000.0,314338000000.0,342393000000.0,,36244000000.0,4424900000000.0,,,,,,8821000000.0,,72595000000.0,15547000000.0,57048000000.0,,181819000000.0,88864000000.0,116365000000.0,-265565000000.0,5386000000.0,0.0,181819000000.0,31.37625880683537,100.0,1.289249474564397,16.6615555808676,,,0.0,0.0,0.0410899681348731,
JPM.N,JPMorgan Chase & Co,large,Banks,Banks,Financials,United States,2024,674865252557.62,441817000000.0,324708000000.0,,32223000000.0,4002814000000.0,,,,,,7938000000.0,,75081000000.0,16610000000.0,58471000000.0,,169463000000.0,82245000000.0,60148000000.0,-163403000000.0,-38713000000.0,0.0,169463000000.0,34.50369697220042,100.0,1.4607473642292648,18.007255749781343,,,0.0,0.0,0.04233596664746351,
JPM.N,JPMorgan Chase & Co,large,Banks,Banks,Financials,United States,2023,491760518804.1,604551000000.0,300474000000.0,,30157000000.0,3875393000000.0,,,,,,7512000000.0,,61612000000.0,12060000000.0,49552000000.0,,154990000000.0,75127000000.0,6625000000.0,67643000000.0,-19222000000.0,0.0,154990000000.0,31.97109490934899,100.0,1.2786316123293817,16.491277115490856,,,0.0,0.0,0.039993363253739686,
JPM.N,JPMorgan Chase & Co,large,Banks,Banks,Financials,United States,2022,393342775480.8,540434000000.0,264928000000.0,,27734000000.0,3665743000000.0,,,,,,7051000000.0,,46166000000.0,8490000000.0,37676000000.0,,127781000000.0,69775000000.0,10638000000.0,-137819000000.0,-29776000000.0,0.0,127781000000.0,29.48482168710528,100.0,1.0277861814098805,14.221222369851432,,,0.0,0.0,0.034858144719910805,
JPM.N,JPMorgan Chase & Co,large,Banks,Banks,Financials,United States,2021,467966380759.35,721134000000.0,259289000000.0,,27070000000.0,3743567000000.0,,,,,,7932000000.0,,59562000000.0,11228000000.0,48334000000.0,,121649000000.0,65874000000.0,-17771000000.0,-129344000000.0,371848000000.0,0.0,121649000000.0,39.73234469662718,100.0,1.2911215426356735,18.64097589947896,,,0.0,0.0,0.03249547824307673,
JPM.N,JPMorgan Chase & Co,large,Banks,Banks,Financials,United States,2020,387335163215.41,503209000000.0,249291000000.0,,27109000000.0,3384757000000.0,,,,,,8614000000.0,,35815000000.0,6684000000.0,29131000000.0,,119951000000.0,60715000000.0,-6120000000.0,-261912000000.0,522855000000.0,0.0,119951000000.0,24.28575001458929,100.0,0.8606526258753583,11.685540191984469,,,0.0,0.0,0.035438585399188184,
JPM.N,JPMorgan Chase & Co,large,Banks,Banks,Financials,United States,2019,437225998405.6,217131000000.0,234337000000.0,,25813000000.0,2687379000000.0,,,,,,8368000000.0,,44866000000.0,8435000000.0,36431000000.0,,115720000000.0,60182000000.0,-68015000000.0,-52059000000.0,105094000000.0,0.0,115720000000.0,31.482025578983755,100.0,1.3556331280403695,15.546413925244414,,,0.0,0.0,0.04306054337702274,
JPM.N,JPMorgan Chase & Co,large,Banks,Banks,Financials,United States,2018,324626594974.5,278793000000.0,230447000000.0,,14934000000.0,2622532000000.0,,,,,,7791000000.0,,40764000000.0,8290000000.0,32474000000.0,,108783000000.0,57417000000.0,7430000000.0,-199420000000.0,42342000000.0,0.0,108783000000.0,29.852090859785076,100.0,1.2382689705978802,14.091743437753584,,,0.0,0.0,0.04148014209168849,
JPM.N,JPMorgan Chase & Co,large,Banks,Banks,Financials,United States,2017,371052453204.38,430121000000.0,229625000000.0,,14159000000.0,2533600000000.0,,,,,,6179000000.0,,35900000000.0,9559000000.0,24441000000.0,,100712000000.0,53436000000.0,-42380000000.0,28249000000.0,46195000000.0,0.0,100712000000.0,24.26821034236238,100.0,0.9646747710767287,10.643875884594447,,,0.0,0.0,0.039750552573413325,
JPM.N,JPMorgan Chase & Co,large,Banks,Banks,Financials,United States,2016,308768424548.62,389635000000.0,228122000000.0,,14131000000.0,2490972000000.0,,,,,,5478000000.0,,34536000000.0,9803000000.0,24733000000.0,,96597000000.0,51117000000.0,935000000.0,-89202000000.0,119220000000.0,0.0,96597000000.0,25.60431483379401,100.0,0.9929055806327811,10.842005593498216,,,0.0,0.0,0.038778838140292225,
JPM.N,JPMorgan Chase & Co,large,Banks,Banks,Financials,United States,2015,243064999175.31,360505000000.0,221505000000.0,,14362000000.0,2351698000000.0,,,,,,4940000000.0,,30702000000.0,6260000000.0,24442000000.0,,93565000000.0,49421000000.0,-98833000000.0,106980000000.0,-15212000000.0,0.0,93565000000.0,26.123016085074546,100.0,1.039334132188742,11.034513893591567,,,0.0,0.0,0.039786146010244515,
KDP.OQ,Keurig Dr Pepper Inc,medium,"Food, Beverage & Tobacco",Beverages,Consumer Staples,United States,2024,43576067241.0799,510000000.0,24243000000.0,1425000000.0,3844000000.0,53430000000.0,8087000000.0,21100000000.0,1502000000.0,-4090000000.0,6822000000.0,555000000.0,-735000000.0,1914000000.0,473000000.0,1441000000.0,70000000.0,15351000000.0,4922000000.0,-223000000.0,-1614000000.0,2219000000.0,29187000000.0,8529000000.0,9.387010618200769,55.55989837795583,2.696986711585252,5.943983830384028,0.24879436132063806,-0.5057499690861877,54.62661426165076,1.2039351565400322,0.2873104997192588,4.787368421052632
KDP.OQ,Keurig Dr Pepper Inc,medium,"Food, Beverage & Tobacco",Beverages,Consumer Staples,United States,2023,46592558951.96,267000000.0,25676000000.0,1253000000.0,3575000000.0,52130000000.0,8916000000.0,17538000000.0,1368000000.0,-5541000000.0,6734000000.0,539000000.0,-496000000.0,2757000000.0,576000000.0,2181000000.0,66000000.0,14814000000.0,4912000000.0,-832000000.0,-784000000.0,1329000000.0,26454000000.0,8080000000.0,14.722559740785742,54.542999864992574,4.183771340878573,8.494313756036766,0.18337819650067294,-0.6214670255720054,50.746211394590446,1.0303006698862751,0.28417417993477845,5.374301675977653
KDP.OQ,Keurig Dr Pepper Inc,medium,"Food, Beverage & Tobacco",Beverages,Consumer Staples,United States,2022,50503521607.6199,535000000.0,25126000000.0,1403000000.0,3372000000.0,51837000000.0,8076000000.0,18636000000.0,1484000000.0,-4272000000.0,6725000000.0,537000000.0,-693000000.0,1719000000.0,280000000.0,1436000000.0,65000000.0,14057000000.0,4456000000.0,-1728000000.0,-1135000000.0,2837000000.0,26712000000.0,7332000000.0,10.215550971046454,52.15906665718148,2.7702220421706505,5.715195415107856,0.25,-0.5289747399702823,51.53075988193761,1.0631218657963861,0.27117695854312557,4.793300071275837
KDP.OQ,Keurig Dr Pepper Inc,medium,"Food, Beverage & Tobacco",Beverages,Consumer Staples,United States,2021,52266064354.84,567000000.0,24972000000.0,966000000.0,3167000000.0,50598000000.0,6485000000.0,19141000000.0,1148000000.0,-3428000000.0,5680000000.0,544000000.0,-500000000.0,2798000000.0,644000000.0,2146000000.0,66000000.0,12683000000.0,3921000000.0,-2762000000.0,210000000.0,2874000000.0,25626000000.0,7003000000.0,16.920286998344242,55.21564298667508,4.241274358670303,8.593624859843024,0.2644564379336931,-0.5286044718581342,50.64627060358117,1.026189332051898,0.2506620815051978,5.87991718426501
KDP.OQ,Keurig Dr Pepper Inc,medium,"Food, Beverage & Tobacco",Beverages,Consumer Staples,United States,2020,45032105408.0,240000000.0,23829000000.0,817000000.0,2857000000.0,49779000000.0,7694000000.0,18255000000.0,1048000000.0,-5306000000.0,5080000000.0,495000000.0,-604000000.0,1753000000.0,397000000.0,1325000000.0,69000000.0,11618000000.0,3624000000.0,-1990000000.0,-316000000.0,2456000000.0,25949000000.0,6538000000.0,11.404716818729558,56.27474608366328,2.6617650013057714,5.5604515506315835,0.1674031713023135,-0.6896282817780088,52.12840756142148,1.0889672248101052,0.23339159083147512,6.217870257037943
KDP.OQ,Keurig Dr Pepper Inc,medium,"Food, Beverage & Tobacco",Beverages,Consumer Staples,United States,2019,40728374229.75,75000000.0,23257000000.0,703000000.0,2525000000.0,49518000000.0,6474000000.0,19787000000.0,1115000000.0,-4201000000.0,4783000000.0,698000000.0,-661000000.0,1694000000.0,440000000.0,1254000000.0,81000000.0,11120000000.0,3977000000.0,-2364000000.0,-150000000.0,2474000000.0,26261000000.0,6337000000.0,11.276978417266188,56.98741007194245,2.532412456076578,5.391925011824397,0.183812171763979,-0.6489033055298116,53.03324043782059,1.1291654125639592,0.22456480471747647,6.803698435277383
KDP.OQ,Keurig Dr Pepper Inc,medium,"Food, Beverage & Tobacco",Beverages,Consumer Staples,United States,2018,35616821372.72,83000000.0,22533000000.0,669000000.0,2310000000.0,48918000000.0,5702000000.0,20683000000.0,1150000000.0,-3543000000.0,3518000000.0,462000000.0,-446000000.0,791000000.0,207000000.0,586000000.0,64000000.0,7442000000.0,2615000000.0,17577000000.0,-19131000000.0,1613000000.0,26385000000.0,3924000000.0,7.874227358237033,52.7277613544746,1.1979230549082138,2.6006301868370834,0.21623991581901086,-0.6213609259908804,53.9372010302956,1.1709492743975503,0.152132139498753,5.258594917787743
KDP.OQ,Keurig Dr Pepper Inc,medium,"Food, Beverage & Tobacco",Beverages,Consumer Staples,United States,2017,17523353622.3,61000000.0,2451000000.0,229000000.0,1198000000.0,10022000000.0,1238000000.0,6333000000.0,668000000.0,-121000000.0,2702000000.0,229000000.0,-152000000.0,1173000000.0,392000000.0,1076000000.0,20000000.0,6690000000.0,2651000000.0,-907000000.0,-1763000000.0,1038000000.0,7571000000.0,3988000000.0,16.083707025411062,59.61136023916293,10.736379964079026,43.90044879640963,0.5888529886914378,-0.09773828756058159,75.54380363200958,3.0889432884536925,0.6675314308521253,11.799126637554584
KDP.OQ,Keurig Dr Pepper Inc,medium,"Food, Beverage & Tobacco",Beverages,Consumer Staples,United States,2016,16657452197.15,1787000000.0,2134000000.0,202000000.0,1138000000.0,9791000000.0,1051000000.0,6606000000.0,595000000.0,1685000000.0,2585000000.0,224000000.0,-143000000.0,1283000000.0,434000000.0,847000000.0,20000000.0,6440000000.0,2425000000.0,108000000.0,-189000000.0,961000000.0,7657000000.0,3855000000.0,13.152173913043478,59.86024844720497,8.650801756715351,39.69072164948454,2.2664129400570885,1.603235014272122,78.20447349606782,3.5880974695407684,0.657746910427944,12.797029702970297
KDP.OQ,Keurig Dr Pepper Inc,medium,"Food, Beverage & Tobacco",Beverages,Consumer Staples,United States,2015,17506828638.8,911000000.0,2183000000.0,209000000.0,1156000000.0,8869000000.0,1583000000.0,5103000000.0,570000000.0,234000000.0,2664000000.0,227000000.0,-115000000.0,1184000000.0,420000000.0,764000000.0,19000000.0,6282000000.0,2313000000.0,-137000000.0,-194000000.0,1014000000.0,6686000000.0,3618000000.0,12.161731932505571,57.59312320916906,8.614274439057391,34.997709573980764,0.9355653821857233,0.147820593809223,75.38617657007555,3.0627576729271646,0.7083098432743263,12.746411483253588
KMX.N,Carmax Inc,medium,Consumer Discretionary Distribution & Retail,Specialty Retail,Consumer Discretionary,United States,2025,11908784605.76,246960000.0,6242988000.0,3934622000.0,4335188000.0,27404206000.0,2197971000.0,18963247000.0,188733000.0,2879665000.0,23710840000.0,303200000.0,473808000.0,669360000.0,168804000.0,500556000.0,,26353420000.0,2435431000.0,-453537000.0,-461002000.0,624439000.0,21161218000.0,2642580000.0,1.899396738639615,10.02746512596847,1.8265663307303996,8.017891432756239,0.19822509032193783,1.3101469491635696,77.21886924948674,3.389597737493649,0.9616560319244426,6.02620531273398
KMX.N,Carmax Inc,medium,Consumer Discretionary Distribution & Retail,Specialty Retail,Consumer Discretionary,United States,2024,13729576006.2899,574142000.0,6073740000.0,3678070000.0,4186247000.0,27196797000.0,2312289000.0,18810768000.0,221153000.0,2914305000.0,24061859000.0,276800000.0,443521000.0,641595000.0,162391000.0,479204000.0,,26536040000.0,2219178000.0,307787000.0,-466998000.0,458617000.0,21123057000.0,2474181000.0,1.8058610101582602,9.323851637245046,1.761986898677811,7.889768083586061,0.3439427338018734,1.2603549988777354,77.66744370669825,3.477767734542473,0.9757046022735693,6.54197962518386
KMX.N,Carmax Inc,medium,Consumer Discretionary Distribution & Retail,Specialty Retail,Consumer Discretionary,United States,2023,10161320241.24,314758000.0,5613077000.0,3726142000.0,3976591000.0,26182736000.0,1938311000.0,18631348000.0,298783000.0,3103056000.0,27113119000.0,265224000.0,543006000.0,636804000.0,152042000.0,484762000.0,,29684873000.0,2487357000.0,-710180000.0,-425766000.0,1283332000.0,20569659000.0,2571754000.0,1.633027030299237,8.663516936723967,1.8514566239372388,8.636296990046636,0.3165338276468534,1.600907181561679,78.5619157600642,3.66459590702212,1.133757488140277,7.276458868180547
KMX.N,Carmax Inc,medium,Consumer Discretionary Distribution & Retail,Specialty Retail,Consumer Discretionary,United States,2022,15488692539.84,102716000.0,5235439000.0,5124569000.0,3746425000.0,26338264000.0,2047457000.0,19055368000.0,560984000.0,4501833000.0,28824826000.0,273188000.0,707412000.0,1492346000.0,341049000.0,1151297000.0,,31900412000.0,2347820000.0,3104866000.0,-523745000.0,-2549450000.0,21102825000.0,3075586000.0,3.609034892715492,9.641210903483001,4.371195459199589,21.990457724748584,0.324158211869651,2.1987436121979607,80.1223079850669,4.030765137364794,1.2111812684389525,5.624829327110241
KMX.N,Carmax Inc,medium,Consumer Discretionary Distribution & Retail,Specialty Retail,Consumer Discretionary,United States,2021,21647481617.52,132319000.0,4364613000.0,3157159000.0,3487215000.0,21541541000.0,1698548000.0,15478380000.0,239070000.0,2418248000.0,16571024000.0,242156000.0,476632000.0,965257000.0,218338000.0,746919000.0,,18950149000.0,1939075000.0,-424020000.0,-128183000.0,667760000.0,17176928000.0,2379125000.0,3.941494074795929,12.554650625702203,3.4673424709959235,17.113063632445762,0.21865087121470808,1.423714843501626,79.73862222762986,3.935498519570922,0.8797025709534894,5.248713796169278
KMX.N,Carmax Inc,medium,Consumer Discretionary Distribution & Retail,Specialty Retail,Consumer Discretionary,United States,2020,8751396854.61999,58211000.0,3768875000.0,2846416000.0,3518196000.0,21082182000.0,1534707000.0,15778600000.0,191090000.0,2128980000.0,17597647000.0,215811000.0,373023000.0,1160986000.0,272553000.0,888433000.0,,20319987000.0,1940067000.0,686983000.0,-389364000.0,-236606000.0,17313307000.0,2722340000.0,4.372212442852448,13.397351090825008,4.214141591226183,23.57289642134589,0.16244208177847627,1.387222447020832,82.12293680037484,4.593759941627144,0.9638464842016827,6.182387606028072
KMX.N,Carmax Inc,medium,Consumer Discretionary Distribution & Retail,Specialty Retail,Consumer Discretionary,United States,2019,11690028895.1999,46938000.0,3357028000.0,2519455000.0,2828058000.0,18717867000.0,1311509000.0,14049330000.0,139850000.0,1902504000.0,15692509000.0,182247000.0,362898000.0,1112806000.0,270393000.0,842413000.0,,18173100000.0,1730275000.0,186021000.0,-308513000.0,162971000.0,15360839000.0,2480591000.0,4.63549421947824,13.649795576979162,4.500582251172102,25.09401172703951,0.14242220221134586,1.450622145940287,82.06511457742488,4.575725612059238,0.9708958825276406,6.228533154987884
KMX.N,Carmax Inc,medium,Consumer Discretionary Distribution & Retail,Specialty Retail,Consumer Discretionary,United States,2018,11067201288.46,44525000.0,3316849000.0,2390694000.0,2667061000.0,17486272000.0,1174058000.0,12995365000.0,133321000.0,1887386000.0,14791350000.0,179942000.0,350437000.0,1063608000.0,387596000.0,664112000.0,,17120209000.0,1617051000.0,413446000.0,-301863000.0,-80550000.0,14169423000.0,2328859000.0,3.879111522528726,13.602982300040846,3.7979050079971306,20.022376659293204,0.15147973950179633,1.607574753547099,81.03169732233377,4.27195298911708,0.9790656922184443,6.1870527972212255
KMX.N,Carmax Inc,medium,Consumer Discretionary Distribution & Retail,Specialty Retail,Consumer Discretionary,United States,2017,10997252897.4,38416000.0,3108580000.0,2260563000.0,2518393000.0,16279356000.0,1105787000.0,12064989000.0,152388000.0,1767843000.0,13691824000.0,168875000.0,312568000.0,1006405000.0,379435000.0,626970000.0,,15875118000.0,1488504000.0,921906000.0,-419959000.0,-455311000.0,13170776000.0,2183294000.0,3.949387966754011,13.752930844356559,3.85131942565787,20.169016078080666,0.1725504097986321,1.598719283189258,80.9047728915075,4.236910743812287,0.9751686737485193,6.056820358468222
KMX.N,Carmax Inc,medium,Consumer Discretionary Distribution & Retail,Specialty Retail,Consumer Discretionary,United States,2016,9904670484.8,37394000.0,2904786000.0,1932029000.0,2161698000.0,14459911000.0,1005193000.0,10549932000.0,132171000.0,1466588000.0,13130915000.0,137360000.0,355678000.0,1009944000.0,386516000.0,623428000.0,,15149675000.0,1351935000.0,537476000.0,-378795000.0,-148893000.0,11555125000.0,2018760000.0,4.11512458188047,13.325434374004724,4.31142349354709,21.46209737997911,0.16868899803321352,1.4590113540384781,79.91145312028546,3.9779608549476624,1.047701815038834,6.7964378381483925
KMX.N,Carmax Inc,medium,Consumer Discretionary Distribution & Retail,Specialty Retail,Consumer Discretionary,United States,2015,14349273867.56,27606000.0,3156785000.0,2086874000.0,1862538000.0,13198201000.0,997173000.0,9044243000.0,137690000.0,1601865000.0,12381189000.0,115173000.0,342821000.0,969331000.0,371973000.0,597358000.0,,14268716000.0,1257725000.0,728579000.0,-360744000.0,-968130000.0,10041416000.0,1887527000.0,4.186487417648512,13.228429243388122,4.526056240543692,18.922986519512733,0.16576461657104635,1.6064063106401798,76.0817023471608,3.18089955445176,1.0811106756140476,5.932887658766174
KR.N,Kroger Co,medium,Consumer Staples Distribution & Retail,Consumer Staples Distribution & Retail,Consumer Staples,United States,2025,44735879322.75,3959000000.0,8285000000.0,7038000000.0,32542000000.0,52616000000.0,15940000000.0,28395000000.0,2195000000.0,-667000000.0,115795000000.0,3246000000.0,-482000000.0,3342000000.0,670000000.0,2665000000.0,,147123000000.0,27381000000.0,-490000000.0,-3228000000.0,5794000000.0,44335000000.0,31328000000.0,1.81140950089381,21.293747408630875,5.0649992397749735,32.166566083283044,0.3860727728983689,-0.041844416562107904,84.26144138665045,5.3512371756185875,2.7961646647407634,16.45282750781472
KR.N,Kroger Co,medium,Consumer Staples Distribution & Retail,Consumer Staples Distribution & Retail,Consumer Staples,United States,2024,41230026527.72,1883000000.0,11615000000.0,7105000000.0,31922000000.0,50505000000.0,16058000000.0,22846000000.0,2136000000.0,-3110000000.0,118711000000.0,3125000000.0,-290000000.0,2836000000.0,667000000.0,2164000000.0,,150039000000.0,28163000000.0,-2170000000.0,-3750000000.0,6788000000.0,38904000000.0,31328000000.0,1.4422916708322502,20.879904558148215,4.284724284724285,18.631080499354283,0.2502802341512019,-0.19367293560841947,77.02999702999703,3.3494619027120103,2.9707751707751706,16.708092892329347
KR.N,Kroger Co,medium,Consumer Staples Distribution & Retail,Consumer Staples Distribution & Retail,Consumer Staples,United States,2023,35421372054.84,1015000000.0,10042000000.0,7560000000.0,31388000000.0,49623000000.0,17238000000.0,22371000000.0,2234000000.0,-4568000000.0,118415000000.0,2965000000.0,-1263000000.0,2902000000.0,653000000.0,2244000000.0,,148258000000.0,25649000000.0,-2289000000.0,-3015000000.0,4498000000.0,39609000000.0,29843000000.0,1.5135776821486868,20.129099272889153,4.522096608427543,22.34614618601872,0.18847894187260703,-0.264995939204084,79.81984160570703,3.9443337980481976,2.987687161195413,15.663359788359788
KR.N,Kroger Co,medium,Consumer Staples Distribution & Retail,Consumer Staples Distribution & Retail,Consumer Staples,United States,2022,41496193155.1,1821000000.0,9452000000.0,6783000000.0,30484000000.0,49086000000.0,16323000000.0,23334000000.0,1828000000.0,-4149000000.0,109379000000.0,2824000000.0,-1392000000.0,2051000000.0,385000000.0,1655000000.0,,137888000000.0,24968000000.0,-3445000000.0,-2611000000.0,6190000000.0,39657000000.0,28509000000.0,1.2002494778370851,20.675475748433513,3.3716334596422604,17.509521794329242,0.22354959259939963,-0.2541812166881088,80.79085686346413,4.195619974608548,2.809110540683698,16.12546071060003
KR.N,Kroger Co,medium,Consumer Staples Distribution & Retail,Consumer Staples Distribution & Retail,Consumer Staples,United States,2021,27064253298.99,1687000000.0,9576000000.0,7063000000.0,29182000000.0,48662000000.0,15366000000.0,23746000000.0,1781000000.0,-2863000000.0,103456000000.0,2747000000.0,561000000.0,3370000000.0,782000000.0,2585000000.0,,132498000000.0,26192000000.0,-2713000000.0,-2814000000.0,6815000000.0,39112000000.0,29042000000.0,1.95097284487313,21.91882141617232,5.312153220171798,26.994569757727653,0.22569308863725107,-0.18632044774176754,80.3748304631951,4.0843776106934,2.7228227364267807,14.647600169899476
KR.N,Kroger Co,medium,Consumer Staples Distribution & Retail,Consumer Staples Distribution & Retail,Consumer Staples,United States,2020,23430101829.24,399000000.0,8602000000.0,7084000000.0,28685000000.0,45256000000.0,14243000000.0,22440000000.0,1706000000.0,-3353000000.0,96969000000.0,2529000000.0,-442000000.0,1981000000.0,469000000.0,1659000000.0,,122286000000.0,22894000000.0,-2083000000.0,-2611000000.0,4664000000.0,36683000000.0,25317000000.0,1.356655708748344,20.703105833864875,3.6658122679865652,19.286212508718904,0.1477918977743453,-0.23541388752369585,81.05665547109776,4.26447337828412,2.702094749867421,13.68845285149633
KR.N,Kroger Co,medium,Consumer Staples Distribution & Retail,Consumer Staples Distribution & Retail,Consumer Staples,United States,2019,19638845799.0,429000000.0,7886000000.0,6846000000.0,21635000000.0,38118000000.0,14274000000.0,16009000000.0,1589000000.0,-3471000000.0,97303000000.0,2409000000.0,-391000000.0,3978000000.0,900000000.0,3110000000.0,,121162000000.0,21189000000.0,-2896000000.0,-1186000000.0,4164000000.0,30283000000.0,23859000000.0,2.5668113765041847,19.691817566563774,8.158875072144394,39.436976921126046,0.14137592826117415,-0.24316939890710382,79.44540636969411,3.8400963733198075,3.178603284537489,14.21311714869997
KR.N,Kroger Co,medium,Consumer Staples Distribution & Retail,Consumer Staples Distribution & Retail,Consumer Staples,United States,2018,20447113637.16,347000000.0,6931000000.0,6533000000.0,21071000000.0,37197000000.0,14197000000.0,16095000000.0,1637000000.0,-3080000000.0,98027000000.0,2365000000.0,-601000000.0,1484000000.0,517000000.0,1907000000.0,,122662000000.0,21952000000.0,-681000000.0,-2707000000.0,3413000000.0,30292000000.0,24635000000.0,1.5546787106031208,20.08364448647503,5.126757534209748,27.514067234165346,0.13974783404944707,-0.21694724237514967,81.4366750006721,4.370509306016448,3.297631529424416,15.0048982090923
KR.N,Kroger Co,medium,Consumer Staples Distribution & Retail,Consumer Staples Distribution & Retail,Consumer Staples,United States,2017,26960947213.7399,322000000.0,6698000000.0,6561000000.0,21016000000.0,36505000000.0,12860000000.0,16935000000.0,1649000000.0,-2520000000.0,91816000000.0,2314000000.0,-522000000.0,2914000000.0,957000000.0,1975000000.0,,115337000000.0,20043000000.0,-352000000.0,-3875000000.0,4272000000.0,29795000000.0,23521000000.0,1.7123733060509636,20.393282294493527,5.410217778386523,29.486413854882056,0.15326594090202178,-0.19595645412130638,81.61895630735516,4.448342788892207,3.159485002054513,13.994208199969517
KR.N,Kroger Co,medium,Consumer Staples Distribution & Retail,Consumer Staples Distribution & Retail,Consumer Staples,United States,2016,36814868721.0,277000000.0,6820000000.0,6168000000.0,19619000000.0,33897000000.0,12971000000.0,14128000000.0,1734000000.0,-3079000000.0,87539000000.0,2043000000.0,-483000000.0,3094000000.0,1045000000.0,2039000000.0,,109830000000.0,18669000000.0,-1338000000.0,-3570000000.0,4917000000.0,27099000000.0,22291000000.0,1.8565055085131568,20.29591186378949,6.015281588341151,29.897360703812318,0.15503816205381235,-0.23737568421864158,79.94512788742367,3.973460410557185,3.2401097442251525,14.192444876783398
KR.N,Kroger Co,medium,Consumer Staples Distribution & Retail,Consumer Staples Distribution & Retail,Consumer Staples,United States,2015,37648230652.78,268000000.0,5412000000.0,5688000000.0,17912000000.0,30497000000.0,11403000000.0,13652000000.0,1266000000.0,-2492000000.0,87423000000.0,1911000000.0,-490000000.0,2649000000.0,902000000.0,1728000000.0,,108465000000.0,17868000000.0,-1288000000.0,-3060000000.0,4215000000.0,25055000000.0,21042000000.0,1.5931406444475176,19.399806389157792,5.66613109486179,31.929046563192905,0.13452600192931685,-0.2185389809699202,82.15562186444568,4.629526977087953,3.556579335672361,15.369725738396625
LIN.OQ,Linde PLC,large,Materials,Chemicals,Materials,United Kingdom,2025,199102354262.7,5056000000.0,38245000000.0,2055000000.0,28260000000.0,86817000000.0,15198000000.0,31891000000.0,4966000000.0,-1873000000.0,21152000000.0,3763000000.0,-255000000.0,8897000000.0,1989000000.0,6898000000.0,147000000.0,33986000000.0,3580000000.0,-4554000000.0,-5721000000.0,10350000000.0,47089000000.0,12834000000.0,20.296592714647208,37.76260813276055,7.9454484720734415,18.036344620211793,0.659428872220029,-0.12323989998684037,54.239377080525706,1.2312459144986272,0.39146710897635256,10.29294403892944
LIN.OQ,Linde PLC,large,Materials,Chemicals,Materials,United Kingdom,2024,199353029249.01,4850000000.0,38092000000.0,1946000000.0,25764000000.0,80147000000.0,14544000000.0,26128000000.0,4622000000.0,-1599000000.0,20923000000.0,3780000000.0,-270000000.0,8569000000.0,2002000000.0,6565000000.0,150000000.0,33005000000.0,3487000000.0,-4359000000.0,-4644000000.0,9423000000.0,40672000000.0,12082000000.0,19.89092561733071,36.60657476139979,8.191198672439393,17.23458994014491,0.6512651265126512,-0.10994224422442245,50.74675284165346,1.0677307571143546,0.41180580682995,10.751798561151078
LIN.OQ,Linde PLC,large,Materials,Chemicals,Materials,United Kingdom,2023,199149371505.06,4664000000.0,39720000000.0,2115000000.0,25490000000.0,80811000000.0,15717000000.0,24012000000.0,4718000000.0,-3097000000.0,21308000000.0,3816000000.0,-263000000.0,7988000000.0,1814000000.0,6199000000.0,146000000.0,32854000000.0,3441000000.0,-5400000000.0,-4670000000.0,9305000000.0,39729000000.0,11546000000.0,18.868326535581666,35.14336153892981,7.670985385652943,15.6067472306143,0.5969332569828848,-0.1970477826557231,49.16286149162862,1.000226586102719,0.4065535632525275,10.074704491725768
LIN.OQ,Linde PLC,large,Materials,Chemicals,Materials,United Kingdom,2022,160663461847.02,5436000000.0,40028000000.0,1978000000.0,24420000000.0,79658000000.0,16479000000.0,21805000000.0,4559000000.0,-3432000000.0,23654000000.0,4204000000.0,-116000000.0,5543000000.0,1434000000.0,4147000000.0,143000000.0,33364000000.0,3250000000.0,-3089000000.0,-3088000000.0,8864000000.0,38284000000.0,9710000000.0,12.429564800383647,29.103225032969668,5.206005674257451,10.360247826521435,0.606529522422477,-0.208265064627708,48.06045845991614,0.9564304986509443,0.41884054332270454,11.958543983822043
LIN.OQ,Linde PLC,large,Materials,Chemicals,Materials,United Kingdom,2021,177564335460.33,2823000000.0,44035000000.0,1733000000.0,27019000000.0,81605000000.0,13643000000.0,22534000000.0,4499000000.0,-3484000000.0,22178000000.0,4635000000.0,-159000000.0,5099000000.0,1262000000.0,3826000000.0,143000000.0,30793000000.0,3332000000.0,-7588000000.0,-3007000000.0,9725000000.0,36177000000.0,8615000000.0,12.424901763387783,27.977137661156757,4.68843820844311,8.688543204269331,0.5366854797331965,-0.2553690537271861,44.33184241161693,0.8215510389462927,0.37734207462778013,12.797461050201962
LIN.OQ,Linde PLC,large,Materials,Chemicals,Materials,United Kingdom,2020,137905400871.94,3754000000.0,47317000000.0,1729000000.0,29801000000.0,88229000000.0,13740000000.0,24920000000.0,4167000000.0,-2816000000.0,20009000000.0,4626000000.0,-228000000.0,3384000000.0,847000000.0,2501000000.0,152000000.0,27243000000.0,3345000000.0,-3345000000.0,-2986000000.0,7429000000.0,38660000000.0,7234000000.0,9.180339903828507,26.553610101677496,2.8346688730462772,5.285626730350614,0.5764919941775837,-0.2049490538573508,43.81779233585329,0.8170425005811864,0.30877602602318965,11.572585309427415
LIN.OQ,Linde PLC,large,Materials,Chemicals,Materials,United Kingdom,2019,114364765503.3,2700000000.0,49074000000.0,1697000000.0,30089000000.0,86612000000.0,12160000000.0,22930000000.0,4322000000.0,-1808000000.0,21319000000.0,4675000000.0,-398000000.0,2927000000.0,769000000.0,2285000000.0,184000000.0,28228000000.0,3641000000.0,-8997000000.0,1189000000.0,6119000000.0,35090000000.0,6909000000.0,8.094799489868215,24.475697888621227,2.638202558536923,4.656233443371235,0.5774671052631579,-0.14868421052631578,40.51401653350575,0.7150425887435302,0.3259132683692791,12.562757807896288
LIN.OQ,Linde PLC,large,Materials,Chemicals,Materials,United Kingdom,2018,85986554946.76,4466000000.0,51596000000.0,1651000000.0,29717000000.0,93386000000.0,12956000000.0,23350000000.0,4255000000.0,4316000000.0,10850000000.0,1830000000.0,-100000000.0,5049000000.0,507000000.0,4381000000.0,113000000.0,14836000000.0,1742000000.0,-4998000000.0,5363000000.0,3654000000.0,36306000000.0,3986000000.0,29.52952278242114,26.867080075492048,4.691281348381985,8.490968292115667,0.6731244211176289,0.3331275084902748,38.87734778232283,0.7036591983874719,0.15886749619857365,6.571774682010902
LIN.OQ,Linde PLC,large,Materials,Chemicals,Materials,United Kingdom,2017,44285710145.88,617000000.0,6018000000.0,614000000.0,11825000000.0,20436000000.0,3307000000.0,10618000000.0,1676000000.0,-22000000.0,7566000000.0,1184000000.0,-285000000.0,2287000000.0,632000000.0,1247000000.0,93000000.0,11358000000.0,1300000000.0,-1656000000.0,-1314000000.0,3041000000.0,13925000000.0,3792000000.0,10.979045606620884,33.38615953512942,6.101976903503621,20.721169823861747,0.6933776837012398,-0.006652555185969156,68.13955764337443,2.3138916583582585,0.5557839107457428,12.322475570032573
LIN.OQ,Linde PLC,large,Materials,Chemicals,Materials,United Kingdom,2016,33444735855.29,524000000.0,5021000000.0,550000000.0,11477000000.0,19332000000.0,2478000000.0,11413000000.0,1519000000.0,402000000.0,6977000000.0,1122000000.0,-210000000.0,2048000000.0,551000000.0,1500000000.0,92000000.0,10534000000.0,1237000000.0,-659000000.0,-1770000000.0,2789000000.0,13891000000.0,3557000000.0,14.239605088285552,33.76685019935447,7.759155803848541,29.874526986656043,0.8244552058111381,0.162227602905569,71.8549555141734,2.766580362477594,0.5448996482516035,12.685454545454546
LIN.OQ,Linde PLC,large,Materials,Chemicals,Materials,United Kingdom,2015,29168181043.2,147000000.0,4389000000.0,531000000.0,10998000000.0,18319000000.0,1893000000.0,11633000000.0,1500000000.0,733000000.0,7066000000.0,1106000000.0,-163000000.0,2160000000.0,612000000.0,1547000000.0,93000000.0,10776000000.0,1245000000.0,-1297000000.0,-1303000000.0,2682000000.0,13526000000.0,3710000000.0,14.355976243504083,34.42835931700074,8.444784103935804,35.24720893141946,0.8700475435816165,0.387216059165346,73.8359080735848,3.0817953975848713,0.5882417162508871,13.306967984934087
LVMH.PA,LVMH Moet Hennessy Louis Vuitton SE,large,Consumer Durables & Apparel,"Textiles, Apparel & Luxury Goods",Consumer Discretionary,France,2025,377022275818.329,10328506160.2246,79245504621.6366,26612874810.6127,52368368509.4488,166821699963.591,35723429994.245,50118036714.7035,5087910926.32395,20862548888.3408,30833356863.1016,7459956570.8593,-1052305995.07121,18873690124.274,6189503360.91296,12295364784.5163,,91335865245.6708,40518867144.2673,-16836895921.1394,-5244575528.60411,21333215199.7573,85841466708.9485,60502508382.5692,13.46170505030507,66.24178598388757,7.370362960693828,15.515535983045865,0.4315491846396641,0.584001841136244,51.45701472151614,1.083234526914868,0.5475059016039576,1.1585879797851022
LVMH.PA,LVMH Moet Hennessy Louis Vuitton SE,large,Consumer Durables & Apparel,"Textiles, Apparel & Luxury Goods",Consumer Discretionary,France,2024,329192618645.822,9971011491.87287,69900610829.2784,24504607102.1845,47514235428.0982,154456983124.547,34885598923.284,47838285536.8051,4896987265.7625,14261310694.6889,30202057814.1548,7125902816.17012,-1074240397.21526,19597044104.2845,5578910099.13304,13576754264.9059,,91611177801.994,40267246792.6954,-11592709059.9786,-7073975787.90594,20472230893.1537,82723884460.0891,61409119987.8392,14.819975673984173,67.03234415408048,8.789990578773788,19.422940806719208,0.42619301994301984,0.40880223171889846,53.55787921442462,1.183450094050388,0.5931177467588045,1.232505287198112
LVMH.PA,LVMH Moet Hennessy Louis Vuitton SE,large,Consumer Durables & Apparel,"Textiles, Apparel & Luxury Goods",Consumer Discretionary,France,2023,406456806683.367,8579342919.89008,67338019930.915,25329698829.0863,46759295023.8928,158579894717.094,36578636619.4696,52804785185.3487,5217794356.2182,11659474909.7812,29062819987.4034,6449272897.93398,-865093614.746342,23384561773.6121,6134595095.57,16408663137.7012,,93163012739.052,39450431566.4701,-10161605872.2142,-8986159923.17763,19897153139.1659,89383421804.8183,64100192751.6486,17.612851554792012,68.80433647116173,10.347253141373438,24.36760563279936,0.37719112988384373,0.3187509428269737,56.36491433184391,1.3273841716243013,0.5874831289631923,1.1473811901004651
LVMH.PA,LVMH Moet Hennessy Louis Vuitton SE,large,Consumer Durables & Apparel,"Textiles, Apparel & Luxury Goods",Consumer Discretionary,France,2022,366186499128.959,7812500000.0,58980094178.0822,21745505136.9863,39547303082.1918,144098886986.301,33757491438.3562,49763484589.0411,4556934931.50685,8772474315.06849,26324349975.3826,5911074424.19848,-319204339.784734,21188636587.7569,5648757986.5536,14837207661.8092,,83418734130.4104,34952348466.5937,-13363389604.5193,-6236599641.99876,18786702941.852,83520976027.3973,57094384155.0278,17.786421499292782,68.44311982218629,10.296545637593804,25.156296999137222,0.3664204419364039,0.25986748248422753,57.96087518381552,1.4160875324345417,0.5788992259068645,1.2105651172300558
LVMH.PA,LVMH Moet Hennessy Louis Vuitton SE,large,Consumer Durables & Apparel,"Textiles, Apparel & Luxury Goods",Consumer Discretionary,France,2021,417159567847.804,9118295705.15881,53565013755.3146,18812950458.1316,37821431007.4347,142453902644.203,31817975126.7535,55036036650.5241,4305072414.34191,7175499624.85506,24076569755.5191,5981587484.82733,-280331468.045101,20354193679.8316,5334577725.24644,14236580377.1765,,75955633841.8404,31607668730.3848,-17927019956.5044,-18900491678.872,22057473485.6753,86854011777.2776,51879064086.3213,18.743284279373935,68.3017986451764,9.993815622401161,26.5781325889494,0.4218800242952592,0.22551716745864467,60.9699068717034,1.6214690464568422,0.5331944750685378,1.2797870174113164
LVMH.PA,LVMH Moet Hennessy Louis Vuitton SE,large,Consumer Durables & Apparel,"Textiles, Apparel & Luxury Goods",Consumer Discretionary,France,2020,314949345988.153,24380801172.4475,45691255495.8476,15896433805.5691,36779433317.0493,132719833903.273,30920859794.8217,54377137274.0596,3365901319.00342,17898143624.8168,18116177877.7226,5432227995.72062,-394946603.597254,8405742164.42249,2749787190.94158,5367164537.90257,,50967516754.974,23323537431.5107,8450259267.1401,-3354763202.23217,12438535084.969,85297997068.8813,32851338877.2514,10.530559225997173,64.45544332713716,4.043980752578542,11.746590194682515,0.8973457619085238,0.5788371909313529,64.26921625824743,1.8668341708542708,0.3840233615129403,1.1396378646496073
LVMH.PA,LVMH Moet Hennessy Louis Vuitton SE,large,Consumer Durables & Apparel,"Textiles, Apparel & Luxury Goods",Consumer Discretionary,France,2019,234681118138.914,6359437705.9839,41012936349.5729,15376768378.8086,33922606102.7285,108184427056.476,25360401766.6973,39816828464.4531,3867452861.91512,4357330224.42437,20285101890.0539,5016709522.22157,-458913633.224195,11992196747.2293,3281792128.32522,8026511375.24562,,60072913890.5916,26942707476.4381,-5298773511.42278,-6569180764.37269,13037624389.7449,65177230231.1504,39787812000.5377,13.36128190795603,66.23253214086078,7.419285375570279,19.570682057075405,0.40326216682137656,0.1718162931529861,60.24640699638372,1.5891871207565742,0.5552824516899412,1.3192044901976732
LVMH.PA,LVMH Moet Hennessy Louis Vuitton SE,large,Consumer Durables & Apparel,"Textiles, Apparel & Luxury Goods",Consumer Discretionary,France,2018,149553208229.883,5287182310.3037,37036654738.9669,14318974217.8182,16641434994.0362,85214239838.5173,19305670244.9766,26963482888.3384,3695293146.1602,7704835305.99138,18446918719.6,2313981484.18663,-138130527.372365,11202739950.7382,2950326392.33795,7501550178.83767,,55282906621.6954,25053571977.5125,-5103745895.98918,-4060093022.50909,10023317755.4819,46269153133.315,36835987902.0954,13.569384529961994,66.63178576004788,8.803165049706784,20.254394549692307,0.4652765401295078,0.39909701182201657,54.297442799461656,1.2492800297278046,0.6487519776795242,1.2882849315173066
LVMH.PA,LVMH Moet Hennessy Louis Vuitton SE,large,Consumer Durables & Apparel,"Textiles, Apparel & Luxury Goods",Consumer Discretionary,France,2017,149249871953.071,4484111275.05668,34751262580.8232,13061263660.4647,15713583090.414,83678218831.348,17980830364.3191,29257086647.2331,3282110339.36733,7283981718.0696,16705855968.5631,2058991380.28289,-172901032.482591,9101600755.65223,2501979646.51279,6062836857.96799,,48181754385.1488,22100820210.863,2438695608.47995,-9726530631.22656,7878862735.08907,47237917011.5522,31475898416.5857,12.58326297025987,65.3274228351627,7.245418153782088,17.446378657084093,0.43191673894188937,0.4050970711855348,56.45186724965956,1.3593151299665156,0.5757980398968373,1.279038261751829
LVMH.PA,LVMH Moet Hennessy Louis Vuitton SE,large,Consumer Durables & Apparel,"Textiles, Apparel & Luxury Goods",Consumer Discretionary,France,2016,96711707753.9949,3725820016.82086,27741799831.7914,11087047939.4449,11862910008.4104,62674516400.3364,13467199327.1657,19878048780.4878,2822750210.26072,6924936921.78301,14429494702.4236,1794972038.2952,-174849310.758718,7288338991.49948,2360465695.2427,4499603149.01866,,41609709395.7456,19408273494.2177,-4409965211.22463,-2543061494.45275,6834616096.49268,33345248107.6535,27180214693.322,10.813829787234043,65.32180851063826,7.179318497293597,16.219579033449115,0.4862607338017168,0.5142076502732235,53.20383789586691,1.2019857510989858,0.6639015629568107,1.301473104584235
LVMH.PA,LVMH Moet Hennessy Louis Vuitton SE,large,Consumer Durables & Apparel,"Textiles, Apparel & Luxury Goods",Consumer Discretionary,France,2015,79967249949.1751,3903085327.04901,26432162986.9354,10964259727.8483,11506173912.0991,62554707268.6005,13791118688.9804,20745865053.5941,2737806930.85436,6788588308.12003,13935239467.8907,1735105495.76302,-117671901.82398,6627370319.70905,2185811081.99449,3966431181.29321,,39591044402.3624,18309081856.4424,-3916476128.63208,-2737536885.82957,6254372593.17266,34536983742.5745,25655804934.4717,10.018506056527604,64.80204127411405,6.34073973723824,15.006078705150593,0.48153397905346734,0.49224348373887583,55.21084703390568,1.3066272237971996,0.6329027203718565,1.270969478449727
MCD.N,McDonald's Corp,large,Consumer Services,"Hotels, Restaurants & Leisure",Consumer Discretionary,United States,2025,217655733990.5,774000000.0,,,42847000000.0,59515000000.0,4361000000.0,56945000000.0,2466000000.0,-198000000.0,11450000000.0,457000000.0,-1540000000.0,10897000000.0,2334000000.0,8563000000.0,,26885000000.0,3040000000.0,-7125000000.0,-3822000000.0,10550000000.0,61306000000.0,15435000000.0,31.850474242142457,57.41119583410824,14.387969419474082,,0.7429488649392341,-0.04540243063517542,103.00932538015626,,0.4517348567588003,
MCD.N,McDonald's Corp,large,Consumer Services,"Hotels, Restaurants & Leisure",Consumer Discretionary,United States,2024,207740880774.539,1085000000.0,-3797000000.0,56000000.0,38634000000.0,55182000000.0,3861000000.0,55118000000.0,2383000000.0,738000000.0,11210000000.0,2097000000.0,-1409000000.0,10345000000.0,2121000000.0,8224000000.0,,25920000000.0,2859000000.0,-7495000000.0,-5346000000.0,9448000000.0,58979000000.0,14710000000.0,31.728395061728396,56.751543209876544,14.903410532419992,,0.8982128982128982,0.19114219114219114,106.88086694936754,,0.46971838643035774,200.17857142857142
MCD.N,McDonald's Corp,large,Consumer Services,"Hotels, Restaurants & Leisure",Consumer Discretionary,United States,2023,215071165315.3,4579300000.0,-4706700000.0,52800000.0,38422000000.0,56146800000.0,6859000000.0,53994500000.0,2488000000.0,1127400000.0,10931200000.0,1978200000.0,-1155800000.0,10522200000.0,2053400000.0,8468800000.0,,25493700000.0,2816900000.0,-4374100000.0,-3184500000.0,9611900000.0,60853500000.0,14562500000.0,33.21918748553564,57.12195562040818,15.083317303924712,,1.0303688584341741,0.16436798367108907,108.3828463955203,,0.4540543717540447,207.03030303030303
MCD.N,McDonald's Corp,large,Consumer Services,"Hotels, Restaurants & Leisure",Consumer Discretionary,United States,2022,193015668258.759,2583800000.0,-6003400000.0,52000000.0,36339300000.0,50435600000.0,3802100000.0,52636900000.0,2115000000.0,1622100000.0,9975400000.0,1870600000.0,-1029000000.0,7825400000.0,1648000000.0,6177400000.0,,23182600000.0,2862600000.0,-6580200000.0,-2678100000.0,7386700000.0,56439000000.0,13207200000.0,26.64670916980839,56.970313942353314,12.24809459984614,,1.235843349727782,0.426632650377423,111.90310019113483,,0.45964755053969814,191.83461538461538
MCD.N,McDonald's Corp,large,Consumer Services,"Hotels, Restaurants & Leisure",Consumer Discretionary,United States,2021,200314081615.889,4709200000.0,-4601000000.0,55600000.0,38272600000.0,53854300000.0,4020000000.0,54435300000.0,1872400000.0,3128500000.0,10642700000.0,1868100000.0,-1213800000.0,9127900000.0,1582700000.0,7545200000.0,,23222900000.0,2707500000.0,-5595600000.0,-2165700000.0,9141500000.0,58455300000.0,12580200000.0,32.49034358327341,54.17152896494409,14.010394713142682,,1.6372139303482587,0.7782338308457711,108.54342178804664,,0.4312171915705895,191.41546762589928
MCD.N,McDonald's Corp,large,Consumer Services,"Hotels, Restaurants & Leisure",Consumer Discretionary,United States,2020,159885915805.04,3449100000.0,-7824900000.0,51100000.0,38785900000.0,52626800000.0,6181200000.0,54270500000.0,2110300000.0,62000000.0,9455700000.0,1751400000.0,-1197100000.0,6140700000.0,1410200000.0,4730500000.0,,19207800000.0,2545600000.0,-2249000000.0,-1545800000.0,6265200000.0,60451700000.0,9752100000.0,24.628015701954414,50.77156155311904,8.988766179969142,,0.8994046463469877,0.010030414806186501,114.86866007433476,,0.36498134030569973,185.04305283757338
MCD.N,McDonald's Corp,large,Consumer Services,"Hotels, Restaurants & Leisure",Consumer Discretionary,United States,2019,148818772150.86,898500000.0,-8210300000.0,50200000.0,37421200000.0,47510800000.0,3621000000.0,52100100000.0,2224200000.0,-63100000.0,10185000000.0,1617900000.0,-1036900000.0,8018100000.0,1908700000.0,6025400000.0,,21364400000.0,2229400000.0,-4994800000.0,-3071100000.0,8122100000.0,55721100000.0,11179400000.0,28.20299189305574,52.32723596262942,12.682169106813609,,0.8623860811930406,-0.017426125379729356,117.2809129713665,,0.44967460030140516,202.88844621513945
MCD.N,McDonald's Corp,large,Consumer Services,"Hotels, Restaurants & Leisure",Consumer Discretionary,United States,2018,136890533092.5,866000000.0,-6258400000.0,51100000.0,22842700000.0,32811200000.0,2973500000.0,36096100000.0,2441500000.0,1079700000.0,10425300000.0,1482000000.0,-982200000.0,7816100000.0,1816800000.0,5924300000.0,,21257900000.0,2200200000.0,-5949600000.0,-2455100000.0,6966700000.0,39069600000.0,10832600000.0,27.868698225130423,50.957996791780936,18.05572487443312,,1.1123255422902305,0.36310744913401716,119.07397474033257,,0.6478854781294192,204.01761252446184
MCD.N,McDonald's Corp,large,Consumer Services,"Hotels, Restaurants & Leisure",Consumer Discretionary,United States,2017,137211583406.56,2463800000.0,-3268000000.0,58800000.0,22448300000.0,33803700000.0,2890600000.0,34181100000.0,1976200000.0,2436600000.0,12199600000.0,1363400000.0,-916100000.0,8573500000.0,2681200000.0,5192300000.0,,22820400000.0,2324000000.0,-5310800000.0,562000000.0,5551200000.0,37071700000.0,10620800000.0,22.75288776708559,46.540814359082226,15.360152882672606,,1.5360132844392167,0.8429391821767107,109.66758076778576,,0.6750858633818192,207.47619047619048
MCD.N,McDonald's Corp,large,Consumer Services,"Hotels, Restaurants & Leisure",Consumer Discretionary,United States,2016,101081598278.44,1223400000.0,-2204300000.0,58900000.0,21257600000.0,31023900000.0,3468300000.0,29759900000.0,1474100000.0,1380300000.0,14417200000.0,1516500000.0,-861100000.0,6866000000.0,2179500000.0,4686500000.0,,24621900000.0,2410500000.0,-11262400000.0,-981600000.0,6059600000.0,33228200000.0,10204700000.0,19.033868223004724,41.44562361150033,15.106095623051905,,0.7777585560649309,0.3979759536372286,107.10516730649596,,0.7936429655845977,244.7741935483871
MCD.N,McDonald's Corp,large,Consumer Services,"Hotels, Restaurants & Leisure",Consumer Discretionary,United States,2015,108479671289.22,7685500000.0,7087900000.0,100100000.0,23117600000.0,37938700000.0,2950400000.0,27900400000.0,1298700000.0,6692600000.0,15623800000.0,1555700000.0,-663800000.0,6555700000.0,2026400000.0,4529300000.0,,25413000000.0,2473200000.0,735300000.0,-1420000000.0,6539100000.0,30850800000.0,9789200000.0,17.822767874709793,38.520442293314446,11.938469162095696,63.90186091790234,3.04507863340564,2.2683703904555315,81.31749374649105,4.352600911412407,0.6698437215824474,156.08191808191808
MET.N,MetLife Inc,medium,Insurance,Insurance,Financials,United States,2024,56431696000.0,20068000000.0,27445000000.0,,3528000000.0,677457000000.0,,,,,,714000000.0,-1037000000.0,5622000000.0,1178000000.0,4426000000.0,,71048000000.0,6774000000.0,-3131000000.0,-11493000000.0,14598000000.0,0.0,71048000000.0,6.2295912622452425,100.0,0.6533255985250724,16.126799052650757,,,0.0,0.0,0.10487455292365419,
MET.N,MetLife Inc,medium,Insurance,Insurance,Financials,United States,2023,48948779843.77,20639000000.0,30015000000.0,,3561000000.0,687584000000.0,,,,,,718000000.0,-1045000000.0,2162000000.0,560000000.0,1578000000.0,,66851000000.0,6837000000.0,-2940000000.0,-10246000000.0,13721000000.0,0.0,66851000000.0,2.360473291349419,100.0,0.22949923209382417,5.257371314342828,,,0.0,0.0,0.09722593893982408,
MET.N,MetLife Inc,medium,Insurance,Insurance,Financials,United States,2022,56781951055.85,20195000000.0,29881000000.0,,,663072000000.0,,,,,,673000000.0,-938000000.0,6364000000.0,1062000000.0,5284000000.0,,68870000000.0,6468000000.0,-9948000000.0,-2620000000.0,13044000000.0,0.0,68870000000.0,7.67242631043996,100.0,0.7968968679117803,17.68347779525451,,,0.0,0.0,0.10386504029728295,
MET.N,MetLife Inc,medium,Insurance,Insurance,Financials,United States,2021,52564100460.57,20047000000.0,67482000000.0,,2210000000.0,759708000000.0,,,,,,694000000.0,-920000000.0,8518000000.0,1642000000.0,6855000000.0,,68469000000.0,6384000000.0,-1126000000.0,-11187000000.0,12347000000.0,0.0,68469000000.0,10.011830171318406,100.0,0.9023203651929426,10.158264426069174,,,0.0,0.0,0.09012541660743338,
MET.N,MetLife Inc,medium,Insurance,Insurance,Financials,United States,2020,42252582685.35,19795000000.0,74558000000.0,,2614000000.0,795146000000.0,,,,,,619000000.0,-913000000.0,6927000000.0,1509000000.0,5407000000.0,,67842000000.0,6539000000.0,10729000000.0,-18569000000.0,11639000000.0,0.0,67842000000.0,7.969989092302703,100.0,0.6800009054940853,7.252072212237453,,,0.0,0.0,0.08532018019332299,
MET.N,MetLife Inc,medium,Insurance,Insurance,Financials,United States,2019,46873605169.29,16598000000.0,66144000000.0,,2788000000.0,740463000000.0,,,,,,630000000.0,-955000000.0,6795000000.0,886000000.0,5899000000.0,,69750000000.0,7228000000.0,4568000000.0,-17586000000.0,13786000000.0,0.0,69750000000.0,8.457347670250895,100.0,0.7966637090577112,8.918420416061926,,,0.0,0.0,0.09419781947241118,
MET.N,MetLife Inc,medium,Insurance,Insurance,Financials,United States,2018,40519578627.12,15821000000.0,52741000000.0,,1400000000.0,687538000000.0,,,,,,628000000.0,-1122000000.0,6307000000.0,1179000000.0,5123000000.0,,67981000000.0,7220000000.0,-2801000000.0,-5634000000.0,11738000000.0,0.0,67981000000.0,7.53592915667613,100.0,0.7451224514135946,9.713505621812253,,,0.0,0.0,0.09887598939985863,
MET.N,MetLife Inc,medium,Insurance,Insurance,Financials,United States,2017,53204251141.76,12701000000.0,58676000000.0,,1400000000.0,719892000000.0,,,,,,795000000.0,-1129000000.0,3536000000.0,-1172000000.0,4010000000.0,,62318000000.0,7566000000.0,-906000000.0,-16876000000.0,12283000000.0,0.0,62318000000.0,6.434737956930582,100.0,0.5570279986442411,6.834140023178131,,,0.0,0.0,0.08656576264217411,
MET.N,MetLife Inc,medium,Insurance,Insurance,Financials,United States,2016,59232407622.13,12651000000.0,67309000000.0,,,898764000000.0,,,,,,652000000.0,-1157000000.0,4281000000.0,693000000.0,850000000.0,,60894000000.0,7554000000.0,-3497000000.0,-5850000000.0,14774000000.0,0.0,60894000000.0,1.3958682300390843,100.0,0.09457432651953127,1.2628326078236194,,,0.0,0.0,0.0677530475185922,
MET.N,MetLife Inc,medium,Insurance,Insurance,Financials,United States,2015,53591512649.01,12752000000.0,67949000000.0,,900000000.0,877933000000.0,,,,,,693000000.0,-1168000000.0,5651000000.0,1590000000.0,5373000000.0,,61402000000.0,7993000000.0,-1218000000.0,-10398000000.0,14052000000.0,0.0,61402000000.0,8.750529298719911,100.0,0.6120056997515756,7.907401139089611,,,0.0,0.0,0.06993927782644006,
MSFT.OQ,Microsoft Corp,large,Software & Services,Software,Information Technology,United States,2025,3697021643889.65,30242000000.0,343479000000.0,938000000.0,229789000000.0,619003000000.0,141218000000.0,134306000000.0,69905000000.0,49913000000.0,87831000000.0,28000000000.0,491000000.0,123627000000.0,21795000000.0,101832000000.0,32488000000.0,281724000000.0,65365000000.0,-51699000000.0,-72599000000.0,136162000000.0,275524000000.0,193893000000.0,36.146015248967075,68.82374238616518,16.450970350709124,29.64722734140952,0.7091659703437239,0.3534464445042417,44.5109312878936,0.8021567548525529,0.4551254194244616,93.636460554371
MSFT.OQ,Microsoft Corp,large,Software & Services,Software,Information Technology,United States,2024,3321869074628.3,18315000000.0,268477000000.0,1246000000.0,154552000000.0,512163000000.0,125286000000.0,118400000000.0,56924000000.0,34448000000.0,74114000000.0,20000000000.0,-80000000.0,107787000000.0,19651000000.0,88136000000.0,29510000000.0,245122000000.0,61575000000.0,-37757000000.0,-96970000000.0,118548000000.0,243686000000.0,171008000000.0,35.955972944084984,69.76444382797138,17.208583985957596,32.828137978299814,0.6005379691266383,0.27495490318152066,47.57977440775691,0.9076606189729474,0.47860153896318164,59.481540930979136
MSFT.OQ,Microsoft Corp,large,Software & Services,Software,Information Technology,United States,2023,2530893280000.0,34704000000.0,206223000000.0,2500000000.0,109987000000.0,411976000000.0,104149000000.0,101604000000.0,48688000000.0,80108000000.0,65863000000.0,13861000000.0,1194000000.0,89311000000.0,16950000000.0,72361000000.0,27195000000.0,211915000000.0,56358000000.0,-43935000000.0,-22680000000.0,87582000000.0,205753000000.0,146052000000.0,34.146237878394636,68.92008588349103,17.5643726819038,35.088714643856406,0.8006989985501541,0.7691672507657299,49.9429578422044,0.9977209137681055,0.5143867603938094,26.3452
MSFT.OQ,Microsoft Corp,large,Software & Services,Software,Information Technology,United States,2022,1916979120000.0,13931000000.0,166542000000.0,3742000000.0,87546000000.0,364840000000.0,95082000000.0,103216000000.0,44261000000.0,74602000000.0,62650000000.0,14600000000.0,9000000.0,83716000000.0,10978000000.0,72738000000.0,24512000000.0,198270000000.0,52237000000.0,-58876000000.0,-30311000000.0,89035000000.0,198298000000.0,135620000000.0,36.68633681343622,68.4016744842891,19.93695866681285,43.67546925099975,0.6120190993037589,0.7846069708251825,54.35204473193729,1.1906786276134549,0.5434437013485364,16.742383752004276
MSFT.OQ,Microsoft Corp,large,Software & Services,Software,Information Technology,United States,2021,2040303545865.9,14224000000.0,141988000000.0,2636000000.0,70803000000.0,333779000000.0,88657000000.0,103134000000.0,38043000000.0,95749000000.0,52232000000.0,11686000000.0,27000000.0,71102000000.0,9831000000.0,61271000000.0,20716000000.0,168088000000.0,45940000000.0,-48486000000.0,-27577000000.0,76740000000.0,191791000000.0,115856000000.0,36.451739564989765,68.9258007710247,18.356757015869782,43.15223821731414,0.5895417169541041,1.0799936835218877,57.46047534446445,1.3507549933797223,0.5035906992351227,19.814871016691956
MSFT.OQ,Microsoft Corp,large,Software & Services,Software,Information Technology,United States,2020,1543305924666.97,13576000000.0,118304000000.0,1895000000.0,52904000000.0,301311000000.0,72310000000.0,110697000000.0,32011000000.0,109605000000.0,46078000000.0,12796000000.0,-6000000.0,53036000000.0,8755000000.0,44281000000.0,19269000000.0,143015000000.0,43978000000.0,-46031000000.0,-12223000000.0,60675000000.0,183007000000.0,96937000000.0,30.96248645247002,67.78100199279795,14.696111326835064,37.4298417635921,0.6304383902641405,1.515765454294012,60.73691302342098,1.5469214903976196,0.4746424790332912,24.3155672823219
MSFT.OQ,Microsoft Corp,large,Software & Services,Software,Information Technology,United States,2019,1026511088563.2,11356000000.0,102330000000.0,2063000000.0,43856000000.0,286556000000.0,69420000000.0,114806000000.0,29524000000.0,106132000000.0,42910000000.0,11970000000.0,189000000.0,43688000000.0,4291000000.0,39240000000.0,16876000000.0,125843000000.0,39974000000.0,-36887000000.0,-15773000000.0,52185000000.0,184226000000.0,82933000000.0,31.181710544090652,65.90195720063889,13.6936584821117,38.34652594547054,0.588879285508499,1.5288389513108613,64.28970253632798,1.8003127137691781,0.43915674423149403,20.799806107610276
MSFT.OQ,Microsoft Corp,large,Software & Services,Software,Information Technology,United States,2018,757640105770.83,11946000000.0,82718000000.0,2662000000.0,36146000000.0,258848000000.0,58488000000.0,117642000000.0,26481000000.0,111174000000.0,38353000000.0,10261000000.0,1709000000.0,36474000000.0,6203000000.0,16571000000.0,14726000000.0,110360000000.0,36949000000.0,-33590000000.0,-6061000000.0,43884000000.0,176130000000.0,72007000000.0,15.01540413193186,65.2473722363175,6.401826554580294,20.033124591987235,0.6570065654493229,1.900800164136233,68.04379404129064,2.1292826228874007,0.4263505995796761,14.407588279489106
MSFT.OQ,Microsoft Corp,large,Software & Services,Software,Information Technology,United States,2017,532175080407.83,7663000000.0,87711000000.0,2181000000.0,30289000000.0,250312000000.0,55745000000.0,106856000000.0,22431000000.0,106951000000.0,34261000000.0,8778000000.0,1692000000.0,29901000000.0,4412000000.0,25489000000.0,12292000000.0,96571000000.0,30940000000.0,8408000000.0,-46781000000.0,39507000000.0,162601000000.0,62310000000.0,26.394052044609666,64.52247569146017,10.182891751094633,29.06020909578046,0.5398511077226658,1.9185756570095973,64.9593307552175,1.8538267720126325,0.3858025184569657,15.708849151765245
MSFT.OQ,Microsoft Corp,large,Software & Services,Software,Information Technology,United States,2016,402220089021.52,6510000000.0,71997000000.0,2251000000.0,18356000000.0,193468000000.0,59357000000.0,62114000000.0,18277000000.0,80303000000.0,32780000000.0,6622000000.0,521000000.0,25639000000.0,5100000000.0,20539000000.0,11988000000.0,91154000000.0,31186000000.0,-8393000000.0,-23950000000.0,33325000000.0,121471000000.0,58374000000.0,22.532198257893235,64.03887925927552,10.616225939173404,28.527577537952972,0.41759185942685784,1.352881715720134,62.786093824301695,1.6871675208689252,0.4711580209647073,14.56241670368725
MSFT.OQ,Microsoft Corp,large,Software & Services,Software,Information Technology,United States,2015,357154748479.55,5595000000.0,80083000000.0,2902000000.0,14731000000.0,174472000000.0,49647000000.0,44742000000.0,17908000000.0,73150000000.0,33038000000.0,5957000000.0,1219000000.0,18507000000.0,6314000000.0,12193000000.0,12046000000.0,93580000000.0,32370000000.0,-9080000000.0,-23001000000.0,29080000000.0,94389000000.0,60542000000.0,13.029493481513144,64.6954477452447,6.9885139162730985,15.225453591898406,0.47340221967087637,1.4734022196708765,54.09979824842955,1.178639661351348,0.5363611353111101,11.384562370778774
NEE.N,Nextera Energy Inc,large,Utilities,Electric Utilities,Utilities,United States,2025,167191905431.52,2812000000.0,54608000000.0,2420000000.0,157747000000.0,212721000000.0,22817000000.0,123425000000.0,4018000000.0,-9233000000.0,11524000000.0,6941000000.0,-4212000000.0,4530000000.0,-802000000.0,6835000000.0,,27412000000.0,7868000000.0,12979000000.0,-23865000000.0,12485000000.0,146242000000.0,15888000000.0,24.934335327593754,57.960017510579306,3.2131289341437848,12.516481101670085,0.2993382127361178,-0.40465442433273435,68.74826650871329,2.6780325227072956,0.12886362888478337,4.76198347107438
NEE.N,Nextera Energy Inc,large,Utilities,Electric Utilities,Utilities,United States,2024,147423641472.6,1487000000.0,50101000000.0,2214000000.0,140050000000.0,190144000000.0,25355000000.0,104329000000.0,3336000000.0,-13404000000.0,10491000000.0,5761000000.0,-1874000000.0,6037000000.0,339000000.0,6946000000.0,,24753000000.0,7135000000.0,7000000000.0,-22264000000.0,13260000000.0,129684000000.0,14262000000.0,28.061245101603845,57.6172585141195,3.65302086839448,13.863994730644098,0.19021889173732992,-0.5286531256162492,68.20304611242005,2.5884513283168,0.13018028441602153,4.738482384823848
NEE.N,Nextera Energy Inc,large,Utilities,Electric Utilities,Utilities,United States,2023,124620728188.34,2690000000.0,47468000000.0,2106000000.0,126612000000.0,177489000000.0,27963000000.0,91758000000.0,3609000000.0,-12602000000.0,11336000000.0,6151000000.0,-3038000000.0,7288000000.0,1006000000.0,7310000000.0,,28114000000.0,6946000000.0,12149000000.0,-23467000000.0,11301000000.0,119721000000.0,16778000000.0,26.001280500818098,59.67845201678879,4.11856509417485,15.399848318867448,0.2252619532954261,-0.450666952759003,67.45263086726501,2.5221412319878653,0.1583985486424511,5.382716049382716
NEE.N,Nextera Energy Inc,large,Utilities,Electric Utilities,Utilities,United States,2022,166126881307.199,1601000000.0,39229000000.0,1934000000.0,111825000000.0,158935000000.0,26695000000.0,83914000000.0,4349000000.0,-13205000000.0,10892000000.0,4790000000.0,-393000000.0,3832000000.0,586000000.0,4147000000.0,,20956000000.0,6505000000.0,12229000000.0,-18359000000.0,8262000000.0,110609000000.0,10064000000.0,19.789081885856078,48.024432143538846,2.6092427722024727,10.571261056871192,0.22288818130736093,-0.49466192170818507,69.59385912479945,2.819572255219353,0.13185264416270803,5.631851085832472
NEE.N,Nextera Energy Inc,large,Utilities,Electric Utilities,Utilities,United States,2021,183185119095.84,639000000.0,37202000000.0,1561000000.0,100100000000.0,140912000000.0,17437000000.0,78051000000.0,3378000000.0,-8149000000.0,8451000000.0,4214000000.0,-1058000000.0,3175000000.0,348000000.0,3573000000.0,,17069000000.0,5754000000.0,5807000000.0,-13591000000.0,7553000000.0,95488000000.0,8618000000.0,20.93268498447478,50.489190930927414,2.535625070966277,9.604322348260846,0.23037219705224524,-0.4673395652921948,67.76427841489723,2.566743723455728,0.12113233791302373,5.413837283792441
NEE.N,Nextera Energy Inc,large,Utilities,Electric Utilities,Utilities,United States,2020,151142568666.6,1105000000.0,36513000000.0,1552000000.0,91803000000.0,127684000000.0,15558000000.0,67197000000.0,2263000000.0,-8176000000.0,7591000000.0,4315000000.0,-1356000000.0,2413000000.0,-43000000.0,2919000000.0,,17645000000.0,5460000000.0,6174000000.0,-13699000000.0,7983000000.0,82755000000.0,10054000000.0,16.542930008500992,56.979314253329555,2.286112590457692,7.9944129488127516,0.21648026738655354,-0.5255174186913485,64.81234923717929,2.266453044121272,0.1381927257917985,4.891108247422681
NEE.N,Nextera Energy Inc,large,Utilities,Electric Utilities,Utilities,United States,2019,118361972670.48,600000000.0,37005000000.0,1328000000.0,82571000000.0,117691000000.0,13853000000.0,62478000000.0,2282000000.0,-6445000000.0,8579000000.0,4478000000.0,-1367000000.0,3836000000.0,359000000.0,3769000000.0,,18442000000.0,5337000000.0,3873000000.0,-16177000000.0,8155000000.0,76331000000.0,9863000000.0,20.437045873549508,53.48118425333478,3.202453883474522,10.18511012025402,0.20804157944127627,-0.4652421858081282,64.85712586348998,2.06272125388461,0.15669847312028956,6.460090361445783
NEE.N,Nextera Energy Inc,large,Utilities,Electric Utilities,Utilities,United States,2018,83076444571.7399,638000000.0,34144000000.0,1223000000.0,70535000000.0,103702000000.0,17563000000.0,48726000000.0,2302000000.0,-11170000000.0,7641000000.0,4147000000.0,-979000000.0,7352000000.0,2012000000.0,6638000000.0,,16350000000.0,4838000000.0,7634000000.0,-10950000000.0,6593000000.0,66289000000.0,8709000000.0,40.599388379204896,53.26605504587156,6.401033731268442,19.441190253045924,0.16739736946990832,-0.6359961282241074,63.9225858710536,1.9414538425492034,0.1576633044685734,6.247751430907604
NEE.N,Nextera Energy Inc,large,Utilities,Electric Utilities,Utilities,United States,2017,73471398176.39,1714000000.0,28236000000.0,1273000000.0,72289000000.0,97963000000.0,11243000000.0,57189000000.0,2220000000.0,-4062000000.0,6428000000.0,2638000000.0,-1105000000.0,4663000000.0,1221000000.0,5380000000.0,,16719000000.0,4913000000.0,2888000000.0,-8918000000.0,6458000000.0,68432000000.0,10291000000.0,32.178958071655,61.55272444524194,5.491869379255434,19.053690324408556,0.34990660855643513,-0.3612914702481544,69.85494523442524,2.423572744014733,0.17066647611853455,5.049489395129615
NEE.N,Nextera Energy Inc,large,Utilities,Electric Utilities,Utilities,United States,2016,55819832532.42,1292000000.0,24341000000.0,1289000000.0,66912000000.0,89993000000.0,10919000000.0,53743000000.0,1784000000.0,-3510000000.0,7113000000.0,3428000000.0,-1085000000.0,4378000000.0,1379000000.0,2906000000.0,,15679000000.0,4872000000.0,2424000000.0,-8046000000.0,6369000000.0,64662000000.0,8566000000.0,18.534345302634097,54.63358632565853,3.229140044225662,11.93870424386837,0.2817107793754007,-0.3214580089751809,71.85225517540253,2.6565054845733536,0.1742246619181492,5.5182311869666405
NEE.N,Nextera Energy Inc,large,Utilities,Electric Utilities,Utilities,United States,2015,47845075274.34,571000000.0,22574000000.0,1259000000.0,61386000000.0,82479000000.0,10107000000.0,49260000000.0,1784000000.0,-3312000000.0,8150000000.0,3203000000.0,-973000000.0,3990000000.0,1228000000.0,2752000000.0,,16554000000.0,4668000000.0,1883000000.0,-8005000000.0,6116000000.0,59367000000.0,8404000000.0,16.6243808143047,50.767186178567115,3.336606893876017,12.191016213342783,0.2330068269516177,-0.327693677649154,71.97832175462845,2.629883937272969,0.2007056341614229,6.4733915806195395
NESN.S,Nestle SA,large,"Food, Beverage & Tobacco",Food Products,Consumer Staples,Switzerland,2024,217091512670.133,6124338624.33863,39591049382.7161,14616402116.4021,37153880070.5467,153509700176.367,47247574955.9083,65815696649.03,10382495590.8289,-8460097001.76367,55308523019.5171,4070580017.58599,-1687552017.34093,15044781924.294,3766025175.39921,12368563068.5109,1894376574.34837,103814563631.086,31075957889.7003,-8366166970.81744,-9800302085.89102,18949447736.8081,113063271604.9383,48506040611.5689,11.914092431639606,46.72373404558083,8.05718664963887,31.24080634728144,0.34936891958099014,-0.17905886195553275,73.6522001378676,2.855778600662636,0.6762736394626114,3.784003927851129
NESN.S,Nestle SA,large,"Food, Beverage & Tobacco",Food Products,Consumer Staples,Switzerland,2023,309390017825.311,5723113487.81937,42474153297.6827,14136660724.896,36205585264.4088,150386215092.097,44068924539.5128,63076648841.3547,10696375519.9049,-7399881164.58705,56055908301.4387,3851560382.02144,-1514783724.56598,14148748274.3836,2577359954.88653,12484713800.4854,1844471946.97152,103582247659.696,30039497832.018,-10868573223.7609,-6901176439.27266,17755270112.7252,107145573380.8675,47526339358.2573,12.052947375212462,45.88270715499242,8.30176741454642,29.393673166326636,0.3725865602416127,-0.16791608240750724,71.24693796918235,2.5226064573890667,0.6887748826996005,3.965286384974843
NESN.S,Nestle SA,large,"Food, Beverage & Tobacco",Food Products,Consumer Staples,Switzerland,2022,318731068801.384,5961704889.65816,45415404586.759,16247295543.055,32606014712.2458,146237559498.053,43245348334.0545,56700562527.0446,9553223712.6785,-5315880571.18131,54249340670.6732,3712376370.95089,-1090333641.84946,11832216809.5317,2862125809.85482,9718646980.71583,1778082554.40065,98993907498.0703,28235447732.9707,-11936008185.0539,-1995100885.038,12483271801.4437,99945910861.0991,44744566827.3971,9.817419300177919,45.19931373379651,6.645794017675208,21.399450404872823,0.3587652591554937,-0.12292375425255167,68.34489798937719,2.200705064075079,0.6769390014293031,3.338976663956999
NESN.S,Nestle SA,large,"Food, Beverage & Tobacco",Food Products,Consumer Staples,Switzerland,2021,392756295160.937,7660600745.45056,58254768691.0765,13135277351.458,31073229554.9222,152534531900.899,43871957903.9684,49764306073.2296,9397062047.79654,-836439377.329533,49758653605.6925,3764620577.18796,-955381908.10613,11825723824.7364,2474362536.3436,18500264784.117,1827591966.25113,95306185123.8793,29419853190.8558,-10015641721.6349,-3331251464.2326,15172296419.225,93636263977.198,45547531518.1868,19.41139996325558,47.790740400514366,12.12857479127188,31.757511358809808,0.3888055972013997,-0.01906546726636683,61.386928461571614,1.6073579224689507,0.6248171082060244,3.7881692387842385
NESN.S,Nestle SA,large,"Food, Beverage & Tobacco",Food Products,Consumer Staples,Switzerland,2020,340945584562.996,5914585922.49463,51626934809.626,11412269800.0226,29194441306.0671,140128799005.762,44878544797.1981,42698000225.9632,9149248672.46639,-6387978759.46221,45834047897.1527,3695864093.54295,-932232386.076922,14849587275.7013,3589201349.14055,13046986895.3008,1681004851.78173,89962558511.3111,28593081891.9497,-11073726123.8565,-6044577725.28366,15334902762.7322,87576545023.1613,44128510614.1584,14.5026854629311,49.05208493888051,9.310710566187266,25.271666705396093,0.33565782186194015,-0.14233925784200183,62.497178056567954,1.6963343910712356,0.6419990690679644,4.016207879791094
NESN.S,Nestle SA,large,"Food, Beverage & Tobacco",Food Products,Consumer Staples,Switzerland,2019,321734709038.382,7717503616.44968,53766274023.5586,9653854102.08721,29718950196.3216,132196734862.575,42999586691.4652,34576358751.8082,9738582351.72556,-6150030998.14011,46959253454.3105,3737854697.53371,-1022801069.94189,15162824523.0953,3180146240.10476,12693404223.3241,1683192311.95162,93187647088.9578,30158537847.7551,-21297617554.8137,8411934783.89218,15956099368.6801,77575945443.2734,46228393634.6473,13.621337827326895,49.607855846512834,9.601904492209673,23.608487762723286,0.40595938964315725,-0.14302535143578027,58.682194778802526,1.442836552320553,0.7049164049764991,4.864301133798747
NESN.S,Nestle SA,large,"Food, Beverage & Tobacco",Food Products,Consumer Staples,Switzerland,2018,248376587745.147,4585286325.65722,58450173221.9279,9297941715.91604,30523741593.6417,139611779091.094,43845526798.4512,36256368453.2301,9282657428.16385,-2065416751.57938,47111767164.636,4012732241.24227,-778208265.949381,13284761607.0281,3516765080.94602,10364179731.1393,1725147627.66965,93506682825.4211,30840976468.8139,-4210096492.65913,-14588592801.6214,15746190379.8798,80101895251.6813,46394915660.7851,11.083891993569525,49.61668434694166,7.4235711331898955,17.731649300315713,0.31629095979549143,-0.047106669765280114,57.37473999197185,1.3704304168192034,0.6697621320648725,5.066902826890275
NESN.S,Nestle SA,large,"Food, Beverage & Tobacco",Food Products,Consumer Staples,Switzerland,2017,267678341373.293,8147387868.21308,62563892025.0436,9419070101.61141,31588833008.3137,136723801703.787,39196346094.632,33656984501.6935,9992815354.61357,-6471312737.34989,46321217122.9069,3998763866.5273,-707457969.268684,9615736191.49677,3623689167.30296,7273806362.19354,1767628460.57219,91064884291.3526,30066963693.9191,-9233546254.07576,-5031489867.64366,14432752450.6409,72853330596.3255,44743667168.4457,7.987498604754996,49.133831900881795,5.320073221744001,11.62620503098164,0.462803425070047,-0.16509989787635196,53.28503866076129,1.1644628912658304,0.6660499719620528,4.9178121219187325
NESN.S,Nestle SA,large,"Food, Beverage & Tobacco",Food Products,Consumer Staples,Switzerland,2016,223367349184.515,7850265278.0507,63460404794.6551,8254077421.89035,27072116329.3378,129594222833.563,36860876400.0786,27906268422.0869,9847710748.67361,-5379249361.36766,44893631168.7363,3181222489.65999,-647011087.456391,12722858526.6542,4482354676.52285,8665073135.14987,1763282963.61742,90875094165.8333,31771596256.8853,-6281187699.89061,-6219229024.32572,15826886600.8563,64767144822.1655,45981462997.097,9.535146251774355,50.598531334875744,6.686311276605568,13.654298555435119,0.4801290081829571,-0.14593384332435974,49.97687659684144,1.0205914228208715,0.7012279728128281,5.438964147546699
NESN.S,Nestle SA,large,"Food, Beverage & Tobacco",Food Products,Consumer Staples,Switzerland,2015,240557858516.344,4875224595.72769,62225993212.218,8138350968.25714,26528249151.5273,123769215412.258,33261129966.0611,26637053304.0527,9678578558.59453,-3880015971.25175,46549258349.1517,3307255601.01954,-649379325.058588,12263278792.4526,3439420944.42089,9434732309.26468,1746247608.09024,92396063101.4852,31554215569.0728,-12732621862.3266,-4321910796.42358,14883690876.5832,59898183270.1138,45846804752.3335,10.211184321675956,49.619868220983264,7.622842463563256,15.162043741251496,0.4375618979022237,-0.11665316166981789,48.39505774566099,0.962591035965222,0.7465189368271165,5.7197408333349875
OMC.N,Omnicom Group Inc,medium,Media & Entertainment,Media,Communication Services,United States,2024,16899210613.8,4339400000.0,4193500000.0,864000000.0,1868300000.0,29620700000.0,16300300000.0,8574500000.0,9242000000.0,-77300000.0,11674200000.0,241700000.0,-142600000.0,2127600000.0,560500000.0,1480600000.0,,15689100000.0,1667900000.0,-582000000.0,-1058700000.0,1733500000.0,24874800000.0,4014900000.0,9.437125137834547,25.590378033156778,4.998531432410442,35.30702277333969,0.8331993889683011,-0.0047422440077789976,83.97775879705746,5.931751520209849,0.5296667533177811,13.511805555555556
OMC.N,Omnicom Group Inc,medium,Media & Entertainment,Media,Communication Services,United States,2023,17123285046.7,4432000000.0,3616300000.0,664400000.0,1921300000.0,28044600000.0,16246000000.0,7573500000.0,8659800000.0,-861800000.0,10912300000.0,211100000.0,-107000000.0,1992900000.0,524900000.0,1391400000.0,,14692200000.0,1548000000.0,-1387800000.0,79100000.0,1421900000.0,23819500000.0,3779900000.0,9.470331196144894,25.727256639577462,4.961382940031236,38.47579017227553,0.805847593253724,-0.05304690385325619,84.93435456380195,6.586704642867018,0.5238869514986843,16.424292594822397
OMC.N,Omnicom Group Inc,medium,Media & Entertainment,Media,Communication Services,United States,2022,16633438560.96,4281800000.0,3252100000.0,725100000.0,2065100000.0,27002500000.0,15052800000.0,8173300000.0,8097100000.0,-439800000.0,10545300000.0,219400000.0,-133300000.0,1945400000.0,546800000.0,1316500000.0,,14289100000.0,1547100000.0,-1362000000.0,-380900000.0,926500000.0,23226100000.0,3743800000.0,9.213316444002771,26.200390507449736,4.875474493102491,40.48153500814858,0.8223652742346939,-0.0292171556122449,86.01462827515971,7.141877556040712,0.5291769280622165,14.543235415804716
OMC.N,Omnicom Group Inc,medium,Media & Entertainment,Media,Communication Services,United States,2021,15574162906.9399,5316800000.0,3270200000.0,731100000.0,2195000000.0,28421800000.0,16226200000.0,8421900000.0,8472500000.0,-316700000.0,10614100000.0,212100000.0,-139100000.0,1988800000.0,521500000.0,1407800000.0,,14289400000.0,1527900000.0,-1391000000.0,-709200000.0,1945400000.0,24648100000.0,3675300000.0,9.8520581689924,25.720464120256974,4.953240118500587,43.04935477952419,0.8498169626899705,-0.019517816864084013,86.72251581532485,7.537184270075225,0.5027619644076026,14.517986595540966
OMC.N,Omnicom Group Inc,medium,Media & Entertainment,Media,Communication Services,United States,2020,13409810893.71,5600500000.0,3084400000.0,600100000.0,1808600000.0,27647200000.0,15525100000.0,8545200000.0,7813400000.0,65000000.0,9902200000.0,222600000.0,-181800000.0,1409300000.0,381700000.0,945400000.0,,13171100000.0,1499000000.0,-408400000.0,-136100000.0,1724600000.0,24070300000.0,3268900000.0,7.17783632346577,24.818731920644442,3.419514453543216,30.651018026196343,0.8640137583654856,0.004186768523230124,87.06234266037791,7.803884061729996,0.476399056685668,16.500916513914348
OMC.N,Omnicom Group Inc,medium,Media & Entertainment,Media,Communication Services,United States,2019,17640649475.7,4305700000.0,2853900000.0,568400000.0,2061700000.0,26783400000.0,15980900000.0,7428800000.0,7829000000.0,-1396200000.0,11203700000.0,231500000.0,-177900000.0,1938300000.0,504400000.0,1339100000.0,,14953700000.0,1627700000.0,-1222000000.0,-30900000.0,1856000000.0,23409700000.0,3750000000.0,8.954974354173215,25.077405591927082,4.999738644085515,46.92175619327937,0.7593251944508758,-0.08736679411046937,87.40376501863095,8.202705070254739,0.5583197054892209,19.71094299788881
OMC.N,Omnicom Group Inc,medium,Media & Entertainment,Media,Communication Services,United States,2018,16413499636.9999,3652400000.0,2547100000.0,621400000.0,694400000.0,24617000000.0,15270200000.0,6239900000.0,7666100000.0,-1543300000.0,11570100000.0,264000000.0,-204000000.0,1924300000.0,463800000.0,1326400000.0,,15290200000.0,1765000000.0,-1441100000.0,-221800000.0,1722300000.0,21510100000.0,3720100000.0,8.67483747760003,24.329962982825602,5.3881464028923105,52.07490871972047,0.7412149153252741,-0.10106612879988475,87.37904700004063,8.444937379765223,0.6211236137628469,18.619407788863857
OMC.N,Omnicom Group Inc,medium,Media & Entertainment,Media,Communication Services,United States,2017,16789693700.63,3796000000.0,2615100000.0,1110600000.0,690900000.0,24931200000.0,15108900000.0,6670100000.0,8083800000.0,-992900000.0,11509300000.0,282100000.0,-206100000.0,1884900000.0,589900000.0,1088400000.0,,15273600000.0,1680500000.0,-1342600000.0,-115400000.0,2023900000.0,21779000000.0,3764300000.0,7.126021370207416,24.645794049863817,4.36561417019638,41.61982333371573,0.7862782863080701,-0.06571623347828101,87.35640482608137,8.328171006844862,0.6126299576434348,10.363137043039798
OMC.N,Omnicom Group Inc,medium,Media & Entertainment,Media,Communication Services,United States,2016,20075817866.85,3002200000.0,2162000000.0,1125400000.0,674800000.0,23165400000.0,14010900000.0,6494900000.0,7510800000.0,-1288900000.0,11711900000.0,292900000.0,-188700000.0,1841800000.0,600500000.0,1148600000.0,,15416900000.0,1674500000.0,-998300000.0,-481600000.0,1952400000.0,20505800000.0,3705000000.0,7.450265617601463,24.032068703825022,4.958256710438844,53.12673450508788,0.750344374736812,-0.09199266285534834,88.5190844967063,9.484643848288622,0.6655140856622377,10.406877554647236
OMC.N,Omnicom Group Inc,medium,Media & Entertainment,Media,Communication Services,United States,2015,18329028810.3,2605200000.0,2452400000.0,1122700000.0,692700000.0,22110700000.0,14219600000.0,5001700000.0,7220900000.0,-2239100000.0,11361900000.0,291100000.0,-141500000.0,1778600000.0,583600000.0,1093900000.0,,15134400000.0,1852400000.0,-1456300000.0,-263500000.0,2199500000.0,19221300000.0,3772500000.0,7.227904641082567,24.926657151918807,4.947378418593712,44.60528461914859,0.6910250639961742,-0.15746575149793243,86.93211883839047,7.837750774751264,0.684483078328592,10.120156764941658
PG.N,Procter & Gamble Co,large,Household & Personal Products,Household Products,Consumer Staples,United States,2025,373127440000.0,9556000000.0,51235000000.0,7551000000.0,24822000000.0,125231000000.0,36058000000.0,36889000000.0,6185000000.0,-10666000000.0,41014000000.0,2847000000.0,-438000000.0,20167000000.0,4102000000.0,15974000000.0,2100000000.0,84284000000.0,22498000000.0,-14036000000.0,-3818000000.0,17817000000.0,72947000000.0,43270000000.0,18.952588866214228,51.33833230506383,12.75562760019484,31.177905728505905,0.43654667480170833,-0.29580120916301517,58.2499540848512,1.4237728115546013,0.6730282438054476,5.431598463779632
PG.N,Procter & Gamble Co,large,Household & Personal Products,Household Products,Consumer Staples,United States,2024,389233510707.439,9482000000.0,49489000000.0,7016000000.0,23027000000.0,122370000000.0,33627000000.0,38184000000.0,6118000000.0,-8918000000.0,40600000000.0,2896000000.0,-452000000.0,18761000000.0,3787000000.0,14879000000.0,2000000000.0,84039000000.0,23150000000.0,-14855000000.0,-3504000000.0,19845000000.0,71811000000.0,43439000000.0,17.70487511750497,51.68909672889968,12.159025905042085,30.065267029036757,0.46391292711214205,-0.26520355666577455,58.68350085805344,1.4510497282224333,0.6867614611424369,5.7867730900798175
PG.N,Procter & Gamble Co,large,Household & Personal Products,Household Products,Consumer Staples,United States,2023,358425054000.0,8246000000.0,45958000000.0,7073000000.0,22690000000.0,120829000000.0,35756000000.0,38008000000.0,5471000000.0,-13108000000.0,42600000000.0,2714000000.0,-449000000.0,18353000000.0,3615000000.0,14653000000.0,2000000000.0,82006000000.0,20952000000.0,-12146000000.0,-3500000000.0,16848000000.0,73764000000.0,39406000000.0,17.868204765504963,48.052581518425484,12.127055590959124,31.883458810218023,0.3836279225864191,-0.3665958160868106,61.048258282365985,1.605030680186257,0.6786946842231584,6.022904001131062
PG.N,Procter & Gamble Co,large,Household & Personal Products,Household Products,Consumer Staples,United States,2022,344218881000.0,7214000000.0,45746000000.0,6924000000.0,21955000000.0,117208000000.0,33081000000.0,37273000000.0,5143000000.0,-11428000000.0,41975000000.0,2807000000.0,-388000000.0,17995000000.0,3202000000.0,14742000000.0,2000000000.0,80187000000.0,20150000000.0,-14876000000.0,-4424000000.0,16723000000.0,70354000000.0,38212000000.0,18.384526170077443,47.653609687355804,12.577639751552795,32.2257683731911,0.37353768023941236,-0.3454550950696775,60.024912975223536,1.5379268132732917,0.6841427206334039,6.062247255921433
PG.N,Procter & Gamble Co,large,Household & Personal Products,Household Products,Consumer Staples,United States,2021,330340049814.98,10288000000.0,45508000000.0,5983000000.0,22494000000.0,119307000000.0,33132000000.0,39521000000.0,4725000000.0,-10041000000.0,36974000000.0,2735000000.0,-457000000.0,17615000000.0,3263000000.0,14306000000.0,1900000000.0,76118000000.0,20848000000.0,-21531000000.0,-2834000000.0,18371000000.0,72653000000.0,39144000000.0,18.794503271236763,51.42541842928085,11.99091419614943,31.436230992352993,0.45312688639381865,-0.3030604853314017,60.895840143495356,1.5964885294893205,0.6380011231528745,6.1798428881831855
PG.N,Procter & Gamble Co,large,Household & Personal Products,Household Products,Consumer Staples,United States,2020,296012587236.41,16181000000.0,45624000000.0,5498000000.0,21542000000.0,120700000000.0,32976000000.0,40846000000.0,4178000000.0,-4989000000.0,34636000000.0,3013000000.0,-310000000.0,15834000000.0,2731000000.0,13027000000.0,,70950000000.0,19849000000.0,-8367000000.0,3045000000.0,17403000000.0,73822000000.0,36314000000.0,18.360817477096546,51.18252290345313,10.792874896437448,28.55295458530598,0.6173884036875303,-0.15129184861717612,61.16155758077879,1.6180519025074522,0.5878210439105219,6.2997453619498
PG.N,Procter & Gamble Co,large,Household & Personal Products,Household Products,Consumer Staples,United States,2019,275038358622.6,4239000000.0,46266000000.0,5017000000.0,21271000000.0,115095000000.0,30011000000.0,37505000000.0,4951000000.0,-7538000000.0,33949000000.0,2824000000.0,-289000000.0,6069000000.0,2103000000.0,3897000000.0,,67684000000.0,19005000000.0,-9994000000.0,-3490000000.0,15242000000.0,67516000000.0,33735000000.0,5.757638437444595,49.84191241652385,3.3858986054998046,8.423032032161847,0.30622105228083035,-0.251174569324581,58.66110604283418,1.4593005662905807,0.5880707241843695,6.766792904125972
PG.N,Procter & Gamble Co,large,Household & Personal Products,Household Products,Consumer Staples,United States,2018,196289635096.56,2569000000.0,51326000000.0,4738000000.0,20600000000.0,118310000000.0,28237000000.0,37190000000.0,4686000000.0,-4917000000.0,33613000000.0,2834000000.0,-259000000.0,13326000000.0,2865000000.0,9750000000.0,,66832000000.0,18679000000.0,-14375000000.0,-3511000000.0,14867000000.0,65427000000.0,33219000000.0,14.58881972707685,49.70523102705291,8.241061617783789,18.99622023925496,0.25693239366788256,-0.17413322945072068,55.301327022229735,1.2747340529166504,0.5648888513227961,7.094343604896581
PG.N,Procter & Gamble Co,large,Household & Personal Products,Household Products,Consumer Staples,United States,2017,222896093914.2,5569000000.0,54178000000.0,4624000000.0,19893000000.0,120406000000.0,30210000000.0,34418000000.0,4594000000.0,-3716000000.0,31942000000.0,2820000000.0,-294000000.0,13257000000.0,3063000000.0,15326000000.0,,65058000000.0,18431000000.0,-8568000000.0,-5689000000.0,12753000000.0,64628000000.0,33116000000.0,23.55744105259922,50.90227181899228,12.728601564706079,28.288235076968512,0.3364117841774247,-0.12300562727573651,53.67506602660997,1.1928827199232162,0.5403219108682291,6.907871972318339
PG.N,Procter & Gamble Co,large,Household & Personal Products,Household Products,Consumer Staples,United States,2016,225378997409.55,7102000000.0,56303000000.0,4716000000.0,19385000000.0,127136000000.0,30770000000.0,38383000000.0,4373000000.0,3012000000.0,32191000000.0,3078000000.0,-397000000.0,13369000000.0,3342000000.0,10508000000.0,,65299000000.0,18747000000.0,-9213000000.0,-5575000000.0,15435000000.0,69153000000.0,33108000000.0,16.092130047933352,50.702154703747375,8.265164862824063,18.66330390920555,0.3729281767955801,0.09788755281117972,54.39293355147244,1.2282294016304638,0.5136153410521017,6.825911789652248
PG.N,Procter & Gamble Co,large,Household & Personal Products,Household Products,Consumer Staples,United States,2015,212264774961.599,6836000000.0,61342000000.0,4979000000.0,19655000000.0,129495000000.0,29790000000.0,36655000000.0,4568000000.0,-144000000.0,36442000000.0,3134000000.0,-477000000.0,11012000000.0,2725000000.0,7036000000.0,,70749000000.0,20278000000.0,-13019000000.0,-2891000000.0,14608000000.0,66445000000.0,34307000000.0,9.945016890698101,48.49114475116256,5.433414417545079,11.470118352841446,0.3828130245048674,-0.004833836858006042,51.31086142322097,1.0831893319422257,0.5463454187420363,7.319140389636473
QCOM.OQ,Qualcomm Inc,medium,Semiconductors & Semiconductor Equipment,Semiconductors & Semiconductor Equipment,Information Technology,United States,2025,178670640000.0,5520000000.0,21206000000.0,6526000000.0,5425000000.0,50143000000.0,9144000000.0,19793000000.0,2855000000.0,16610000000.0,19738000000.0,1621000000.0,400000000.0,12663000000.0,7122000000.0,5541000000.0,9042000000.0,44284000000.0,12152000000.0,-13196000000.0,-800000000.0,14012000000.0,28937000000.0,24546000000.0,12.51241983560654,55.42859723602204,11.05039586781804,26.129397340375366,0.9159011373578303,1.8164916885389326,57.70895239614702,1.364566632085259,0.8831541790479229,3.0245173153539686
QCOM.OQ,Qualcomm Inc,medium,Semiconductors & Semiconductor Equipment,Semiconductors & Semiconductor Equipment,Information Technology,United States,2024,189265650000.0,7849000000.0,26274000000.0,6423000000.0,5384000000.0,55154000000.0,10504000000.0,18376000000.0,2347000000.0,14727000000.0,17060000000.0,1706000000.0,365000000.0,10336000000.0,226000000.0,10142000000.0,8893000000.0,38962000000.0,11652000000.0,-9288000000.0,-3625000000.0,12202000000.0,28880000000.0,21902000000.0,26.03049124788255,56.21374672758072,18.38851216593538,38.6008982263835,0.9706778370144706,1.402037319116527,52.36247597635711,1.099185506584456,0.7064220183486238,2.656079713529503
QCOM.OQ,Qualcomm Inc,medium,Semiconductors & Semiconductor Equipment,Semiconductors & Semiconductor Equipment,Information Technology,United States,2023,123942960000.0,8450000000.0,21581000000.0,6422000000.0,5654000000.0,51040000000.0,9628000000.0,19831000000.0,1923000000.0,12836000000.0,15869000000.0,1818000000.0,-199000000.0,7443000000.0,104000000.0,7232000000.0,8818000000.0,35820000000.0,11301000000.0,-6605000000.0,-621000000.0,11299000000.0,29459000000.0,19951000000.0,20.189838079285316,55.69793411501954,14.169278996865204,33.51095871368333,1.0773784794349812,1.333194848358953,57.717476489028215,1.3650433251471201,0.7018025078369906,2.471037060105886
QCOM.OQ,Qualcomm Inc,medium,Semiconductors & Semiconductor Equipment,Semiconductors & Semiconductor Equipment,Information Technology,United States,2022,126650580000.0,2773000000.0,18013000000.0,6341000000.0,5799000000.0,49014000000.0,11866000000.0,19135000000.0,4175000000.0,8858000000.0,18635000000.0,1782000000.0,-771000000.0,14998000000.0,2012000000.0,12936000000.0,8194000000.0,44200000000.0,10764000000.0,-7196000000.0,-5804000000.0,9096000000.0,31001000000.0,25565000000.0,29.266968325791854,57.839366515837106,26.392459297343617,71.81480042191751,0.5855385133996291,0.7465026125063206,63.24927571714204,1.721034808194082,0.9017831639939609,2.9388109131051885
QCOM.OQ,Qualcomm Inc,medium,Semiconductors & Semiconductor Equipment,Semiconductors & Semiconductor Equipment,Information Technology,United States,2021,145489440000.0,7116000000.0,9950000000.0,3228000000.0,5072000000.0,41240000000.0,11951000000.0,19339000000.0,2214000000.0,8124000000.0,14262000000.0,1582000000.0,519000000.0,10274000000.0,1231000000.0,9043000000.0,7176000000.0,33566000000.0,9515000000.0,-6798000000.0,-3356000000.0,10536000000.0,31290000000.0,19304000000.0,26.940952153965323,57.510576178275635,21.927740058195926,90.88442211055276,0.7806878085515856,0.6797757509831813,75.8729388942774,3.144723618090452,0.8139185257032008,4.4182156133829
QCOM.OQ,Qualcomm Inc,medium,Semiconductors & Semiconductor Equipment,Semiconductors & Semiconductor Equipment,Information Technology,United States,2020,132774326993.2,6707000000.0,6077000000.0,2598000000.0,4171000000.0,35594000000.0,8672000000.0,20845000000.0,2687000000.0,9847000000.0,9255000000.0,1393000000.0,-118000000.0,5719000000.0,521000000.0,5198000000.0,5975000000.0,21731000000.0,8049000000.0,-5707000000.0,-5263000000.0,5814000000.0,29517000000.0,12476000000.0,23.91974598499839,57.41107174083107,14.603584873855144,85.5356261313148,1.0832564575645756,1.1354935424354244,82.92689779176266,4.857166364982722,0.6105242456593808,3.5623556581986144
QCOM.OQ,Qualcomm Inc,medium,Semiconductors & Semiconductor Equipment,Semiconductors & Semiconductor Equipment,Information Technology,United States,2019,92730371339.28,11839000000.0,4909000000.0,1400000000.0,3081000000.0,32957000000.0,8935000000.0,19113000000.0,1046000000.0,7830000000.0,8599000000.0,1401000000.0,56000000.0,7481000000.0,3095000000.0,4386000000.0,5398000000.0,19573000000.0,7593000000.0,-6386000000.0,-806000000.0,7286000000.0,28048000000.0,10974000000.0,22.408419761916928,56.067031114290096,13.308250144127197,89.34609900183337,1.4420817011751539,0.876329043088976,85.10483357101678,5.7135872886534935,0.5938950754012805,6.142142857142857
QCOM.OQ,Qualcomm Inc,medium,Semiconductors & Semiconductor Equipment,Semiconductors & Semiconductor Equipment,Information Technology,United States,2018,105820068139.17,11777000000.0,807000000.0,1693000000.0,2975000000.0,32718000000.0,11389000000.0,20522000000.0,2667000000.0,5995000000.0,10244000000.0,1561000000.0,18000000.0,392000000.0,4913000000.0,-4964000000.0,5625000000.0,22611000000.0,8611000000.0,-31500000000.0,2381000000.0,3908000000.0,31911000000.0,12367000000.0,-21.953916235460618,54.69461766396886,-15.172076532795403,-615.1177199504338,1.2682412854508738,0.5263851084379665,97.53346781588117,39.54275092936803,0.6910874747845223,6.0507974010632015
QCOM.OQ,Qualcomm Inc,medium,Semiconductors & Semiconductor Equipment,Semiconductors & Semiconductor Equipment,Information Technology,United States,2017,76519302704.64,35029000000.0,30746000000.0,2035000000.0,3216000000.0,65486000000.0,10907000000.0,23833000000.0,3576000000.0,32686000000.0,9792000000.0,1461000000.0,625000000.0,2987000000.0,543000000.0,2445000000.0,5485000000.0,22258000000.0,8143000000.0,5571000000.0,20463000000.0,5001000000.0,34740000000.0,12466000000.0,10.984814448737533,56.00682900530146,3.733622453654216,7.952253951733558,3.53947006509581,2.996791051618227,53.04950676480469,1.1299030768230014,0.3398894420181413,4.811793611793612
QCOM.OQ,Qualcomm Inc,medium,Semiconductors & Semiconductor Equipment,Semiconductors & Semiconductor Equipment,Information Technology,United States,2016,100944914372.5,5946000000.0,31778000000.0,1556000000.0,2306000000.0,52359000000.0,7311000000.0,13280000000.0,2194000000.0,15670000000.0,9315000000.0,1428000000.0,602000000.0,6833000000.0,1131000000.0,5705000000.0,5141000000.0,23554000000.0,7354000000.0,-5754000000.0,-3488000000.0,7632000000.0,20591000000.0,14239000000.0,24.22093911862104,60.452577056975464,10.895930021581773,17.952671659638742,1.113390781014909,2.1433456435508136,39.326572318035105,0.6479640002517465,0.4498558032047976,5.986503856041131
QCOM.OQ,Qualcomm Inc,medium,Semiconductors & Semiconductor Equipment,Semiconductors & Semiconductor Equipment,Information Technology,United States,2015,84420693561.2399,7560000000.0,31421000000.0,1492000000.0,2534000000.0,50796000000.0,6100000000.0,13282000000.0,1941000000.0,15999000000.0,10106000000.0,1216000000.0,923000000.0,6487000000.0,1219000000.0,5271000000.0,5476000000.0,25281000000.0,7748000000.0,-2261000000.0,-3572000000.0,5506000000.0,19382000000.0,15175000000.0,20.849649934733595,60.02531545429374,10.376801322938814,16.775404983927945,1.5575409836065575,2.6227868852459015,38.15654775966612,0.6168486044365233,0.4976966690290574,6.773458445040214
REYN.OQ,Reynolds Consumer Products Inc,small,Household & Personal Products,Household Products,Consumer Staples,New Zealand,2025,4820754844.56,147000000.0,2253000000.0,584000000.0,934000000.0,4936000000.0,577000000.0,2106000000.0,355000000.0,539000000.0,2807000000.0,135000000.0,-86000000.0,393000000.0,92000000.0,301000000.0,48000000.0,3721000000.0,382000000.0,-306000000.0,-161000000.0,477000000.0,2683000000.0,914000000.0,8.089223327062617,24.563289438323032,6.09805510534846,13.359964491788727,0.8700173310225303,0.9341421143847487,54.35575364667747,1.1908566355969818,0.7538492706645057,4.806506849315069
REYN.OQ,Reynolds Consumer Products Inc,small,Household & Personal Products,Household Products,Consumer Staples,New Zealand,2024,5673298000.0,137000000.0,2142000000.0,567000000.0,863000000.0,4873000000.0,539000000.0,2192000000.0,337000000.0,562000000.0,2717000000.0,129000000.0,-98000000.0,451000000.0,99000000.0,352000000.0,45000000.0,3695000000.0,429000000.0,-346000000.0,-120000000.0,489000000.0,2731000000.0,978000000.0,9.52638700947226,26.468200270635993,7.223476297968397,16.433239962651726,0.8794063079777366,1.0426716141001855,56.043505027703674,1.2749766573295984,0.758259798891853,4.791887125220459
REYN.OQ,Reynolds Consumer Products Inc,small,Household & Personal Products,Household Products,Consumer Staples,New Zealand,2023,5636647760.04,115000000.0,1983000000.0,524000000.0,804000000.0,4780000000.0,478000000.0,2319000000.0,347000000.0,563000000.0,2814000000.0,124000000.0,-119000000.0,393000000.0,95000000.0,298000000.0,44000000.0,3756000000.0,430000000.0,-457000000.0,-110000000.0,644000000.0,2797000000.0,942000000.0,7.933972310969116,25.079872204472842,6.2343096234309625,15.02773575390822,0.9665271966527197,1.1778242677824269,58.51464435146443,1.410489157841654,0.7857740585774059,5.370229007633588
REYN.OQ,Reynolds Consumer Products Inc,small,Household & Personal Products,Household Products,Consumer Staples,New Zealand,2022,6291682486.84,38000000.0,1868000000.0,722000000.0,799000000.0,4929000000.0,496000000.0,2565000000.0,348000000.0,675000000.0,3041000000.0,127000000.0,-76000000.0,338000000.0,80000000.0,258000000.0,38000000.0,3817000000.0,340000000.0,-217000000.0,-128000000.0,219000000.0,3061000000.0,776000000.0,6.759235001309929,20.33010217448258,5.234327449786975,13.811563169164883,0.7782258064516129,1.3608870967741935,62.10184621627105,1.6386509635974305,0.7743964292960033,4.21191135734072
REYN.OQ,Reynolds Consumer Products Inc,small,Household & Personal Products,Household Products,Consumer Staples,New Zealand,2021,6586478820.79999,164000000.0,1756000000.0,583000000.0,732000000.0,4812000000.0,484000000.0,2572000000.0,316000000.0,620000000.0,2745000000.0,109000000.0,-48000000.0,430000000.0,106000000.0,324000000.0,36000000.0,3556000000.0,320000000.0,-317000000.0,-141000000.0,310000000.0,3056000000.0,811000000.0,9.111361079865016,22.80652418447694,6.733167082294265,18.451025056947607,0.9917355371900827,1.28099173553719,63.50789692435578,1.7403189066059226,0.7389858686616791,4.708404802744425
REYN.OQ,Reynolds Consumer Products Inc,small,Household & Personal Products,Household Products,Consumer Staples,New Zealand,2020,6299403020.0,312000000.0,1615000000.0,419000000.0,673000000.0,4722000000.0,432000000.0,2675000000.0,292000000.0,621000000.0,2290000000.0,99000000.0,-70000000.0,516000000.0,126000000.0,363000000.0,41000000.0,3263000000.0,358000000.0,34000000.0,-143000000.0,319000000.0,3107000000.0,973000000.0,11.124731841863316,29.81918479926448,7.687420584498094,22.476780185758514,1.3981481481481481,1.4375,65.7983905124947,1.9238390092879256,0.6910207539178315,5.465393794749403
REYN.OQ,Reynolds Consumer Products Inc,small,Household & Personal Products,Household Products,Consumer Staples,New Zealand,2019,,102000000.0,-818000000.0,418000000.0,579000000.0,4160000000.0,378000000.0,4600000000.0,13000000.0,192000000.0,2152000000.0,91000000.0,-209000000.0,301000000.0,76000000.0,225000000.0,33000000.0,3032000000.0,305000000.0,-196000000.0,-128000000.0,403000000.0,4978000000.0,880000000.0,7.420844327176781,29.023746701846967,5.408653846153846,,0.30423280423280424,0.5079365079365079,119.66346153846153,,0.7288461538461538,5.148325358851674
REYN.OQ,Reynolds Consumer Products Inc,small,Household & Personal Products,Household Products,Consumer Staples,New Zealand,2018,,23000000.0,-1027000000.0,429000000.0,464000000.0,6421000000.0,1385000000.0,6063000000.0,16000000.0,-869000000.0,2310000000.0,87000000.0,-280000000.0,233000000.0,57000000.0,176000000.0,29000000.0,3142000000.0,288000000.0,24000000.0,-554000000.0,530000000.0,7448000000.0,832000000.0,5.601527689369828,26.479949077021004,2.741006073820277,,0.02815884476534296,-0.6274368231046932,115.99439339666719,,0.4893318797695063,5.384615384615385
REYN.OQ,Reynolds Consumer Products Inc,small,Household & Personal Products,Household Products,Consumer Staples,New Zealand,2017,,23000000.0,-1298000000.0,371000000.0,424000000.0,5911000000.0,4482000000.0,2727000000.0,9000000.0,-3995000000.0,2095000000.0,90000000.0,-322000000.0,218000000.0,-84000000.0,302000000.0,27000000.0,2957000000.0,294000000.0,-40000000.0,-364000000.0,395000000.0,7209000000.0,862000000.0,10.213053770713561,29.151166723030098,5.109118592454745,,0.0071396697902722,-0.891343150379295,121.95905938081543,,0.5002537641684994,5.646900269541779
REYN.OQ,Reynolds Consumer Products Inc,small,Household & Personal Products,Household Products,Consumer Staples,New Zealand,2016,,,,298000000.0,,5738000000.0,,,52000000.0,,2048000000.0,97000000.0,-391000000.0,133000000.0,54000000.0,79000000.0,30000000.0,2935000000.0,325000000.0,180000000.0,-584000000.0,393000000.0,0.0,887000000.0,2.6916524701873934,30.221465076660987,1.3767863367026838,,,,0.0,,0.5115022655977692,6.87248322147651
REYN.OQ,Reynolds Consumer Products Inc,small,Household & Personal Products,Household Products,Consumer Staples,New Zealand,2015,,,,289000000.0,,5236000000.0,,,55000000.0,,2193000000.0,,-363000000.0,109000000.0,41000000.0,68000000.0,,2968000000.0,268000000.0,232000000.0,-481000000.0,280000000.0,0.0,775000000.0,2.2911051212938007,26.11185983827493,1.2987012987012987,,,,0.0,,0.5668449197860963,7.588235294117647
RIG.N,Transocean Ltd,small,Energy,Energy Equipment & Services,Energy,Switzerland,2024,3284365395.0,560000000.0,10284000000.0,439000000.0,15831000000.0,19371000000.0,1663000000.0,7423000000.0,564000000.0,789000000.0,2938000000.0,743000000.0,-312000000.0,-523000000.0,-11000000.0,-512000000.0,,3524000000.0,214000000.0,-350000000.0,-151000000.0,447000000.0,9086000000.0,586000000.0,-14.52894438138479,16.62883087400681,-2.6431263228537505,-4.9786075457020615,0.6758869512928443,0.4744437763078773,46.90516751845542,0.8835083625048619,0.1819214289401683,6.69248291571754
RIG.N,Transocean Ltd,small,Energy,Energy Equipment & Services,Energy,Switzerland,2023,5137345872.09999,762000000.0,10415000000.0,426000000.0,16941000000.0,20254000000.0,1397000000.0,8441000000.0,512000000.0,729000000.0,2730000000.0,796000000.0,-594000000.0,-941000000.0,13000000.0,-954000000.0,,2832000000.0,187000000.0,263000000.0,-423000000.0,164000000.0,9838000000.0,102000000.0,-33.686440677966104,3.6016949152542375,-4.710180705045917,-9.159865578492559,0.9119541875447388,0.521832498210451,48.573121358743954,0.9445991358617378,0.13982423225041968,6.408450704225352
RIG.N,Transocean Ltd,small,Energy,Energy Equipment & Services,Energy,Switzerland,2022,3291811227.12,683000000.0,10791000000.0,388000000.0,17469000000.0,20436000000.0,1558000000.0,8086000000.0,485000000.0,450000000.0,2414000000.0,852000000.0,-534000000.0,-562000000.0,59000000.0,-621000000.0,,2575000000.0,182000000.0,-112000000.0,-757000000.0,448000000.0,9644000000.0,161000000.0,-24.116504854368934,6.252427184466019,-3.0387551379917794,-5.754795663052544,0.7496790757381258,0.2888318356867779,47.19123116069681,0.8937077193957927,0.12600313172832256,6.221649484536083
RIG.N,Transocean Ltd,small,Energy,Energy Equipment & Services,Energy,Switzerland,2021,1809194724.6,976000000.0,11205000000.0,392000000.0,17098000000.0,20681000000.0,1303000000.0,8172000000.0,492000000.0,1141000000.0,2439000000.0,962000000.0,-432000000.0,-470000000.0,121000000.0,-592000000.0,,2556000000.0,167000000.0,-490000000.0,-233000000.0,575000000.0,9475000000.0,117000000.0,-23.161189358372457,4.577464788732394,-2.8625308253952904,-5.283355644801428,1.1266308518802763,0.8756715272448197,45.81499927469658,0.8456046407853637,0.12359170252889125,6.221938775510204
RIG.N,Transocean Ltd,small,Energy,Energy Equipment & Services,Energy,Switzerland,2020,1420904797.62,1154000000.0,11432000000.0,434000000.0,17667000000.0,21804000000.0,1386000000.0,8983000000.0,583000000.0,1354000000.0,2781000000.0,996000000.0,-554000000.0,-541000000.0,27000000.0,-567000000.0,,3152000000.0,183000000.0,-930000000.0,-257000000.0,398000000.0,10369000000.0,371000000.0,-17.988578680203045,11.77030456852792,-2.600440286186021,-4.959762071378586,1.2532467532467533,0.976911976911977,47.55549440469638,0.9070153953813855,0.14456063107686662,6.407834101382488
RIG.N,Transocean Ltd,small,Energy,Energy Equipment & Services,Energy,Switzerland,2019,4209675053.12,1790000000.0,11862000000.0,479000000.0,18847000000.0,24105000000.0,1724000000.0,10514000000.0,654000000.0,1916000000.0,2995000000.0,1042000000.0,-617000000.0,-1198000000.0,59000000.0,-1255000000.0,4000000.0,3088000000.0,193000000.0,-312000000.0,-268000000.0,340000000.0,12238000000.0,93000000.0,-40.64119170984456,3.011658031088083,-5.206388716034017,-10.580003372112628,1.4176334106728539,1.111368909512761,50.76954988591579,1.0316978587084809,0.1281062020327733,6.252609603340292
RIG.N,Transocean Ltd,small,Energy,Energy Equipment & Services,Energy,Switzerland,2018,4230665882.9,2160000000.0,13107000000.0,474000000.0,20408000000.0,25665000000.0,1458000000.0,11093000000.0,604000000.0,2490000000.0,2617000000.0,930000000.0,-567000000.0,-1775000000.0,141000000.0,-1996000000.0,,3018000000.0,188000000.0,-147000000.0,-797000000.0,558000000.0,12551000000.0,401000000.0,-66.13651424784625,13.286944996686547,-7.777128384960062,-15.228503852903028,1.8957475994513031,1.7078189300411524,48.90317553087863,0.957579919127184,0.11759205143191116,5.5210970464135025
RIG.N,Transocean Ltd,small,Energy,Energy Equipment & Services,Energy,Switzerland,2017,4178414449.44,2519000000.0,12707000000.0,418000000.0,17402000000.0,22410000000.0,1369000000.0,8330000000.0,597000000.0,3237000000.0,2221000000.0,832000000.0,-448000000.0,-3003000000.0,28000000.0,-3127000000.0,,2973000000.0,156000000.0,-1041000000.0,-587000000.0,1170000000.0,9699000000.0,752000000.0,-105.179952909519,25.29431550622267,-13.953592146363231,-24.608483513024318,2.2761139517896276,2.364499634769905,43.27978580990629,0.7632800818446526,0.1326639892904953,5.313397129186603
RIG.N,Transocean Ltd,small,Energy,Energy Equipment & Services,Energy,Switzerland,2016,5387333669.74,3052000000.0,15802000000.0,561000000.0,21093000000.0,26889000000.0,1985000000.0,9099000000.0,833000000.0,3113000000.0,2768000000.0,893000000.0,-389000000.0,934000000.0,107000000.0,778000000.0,,4161000000.0,172000000.0,176000000.0,-1313000000.0,1980000000.0,11084000000.0,1393000000.0,18.69742850276376,33.47752944003845,2.8933764736509353,4.9234274142513605,1.9571788413098237,1.5682619647355165,41.22131726728402,0.7014301987090241,0.15474729443266763,4.934046345811051
RIG.N,Transocean Ltd,small,Energy,Energy Equipment & Services,Energy,Switzerland,2015,4601451561.07681,2339000000.0,14690000000.0,627000000.0,20809000000.0,26431000000.0,2665000000.0,8766000000.0,1343000000.0,2133000000.0,3918000000.0,963000000.0,-410000000.0,1015000000.0,120000000.0,865000000.0,,7386000000.0,192000000.0,-1809000000.0,-1932000000.0,3445000000.0,11431000000.0,3468000000.0,11.711345789331167,46.95369618196588,3.2726722409292117,5.888359428182437,1.3816135084427767,0.800375234521576,43.24845824978245,0.778148400272294,0.2794445915780712,6.248803827751196
SCC.BK,Siam Cement PCL,medium,Materials,Construction Materials,Materials,Thailand,2025,6966149952.54666,1069856321.47395,10727519885.6417,2131847109.27573,12658395425.6671,26098826620.0762,6417919059.72046,7074735959.33926,2100354987.29352,41719218.5514613,13157509585.4819,1010110264.15585,-176137493.455309,593035397.767083,271262961.133417,428994966.060134,,15145876208.4343,2008847011.64529,-743068516.052648,-811929257.633165,1511711709.73179,13492655019.05972,1988366622.9524,2.832420918779457,13.128105601742183,1.643732771227864,3.999013477796712,0.4939624945824032,0.006500427656262532,51.69832044740533,1.257760895611951,0.5803278602871564,6.171882368221054
SCC.BK,Siam Cement PCL,medium,Materials,Construction Materials,Materials,Thailand,2024,5901639344.26229,1065146760.07005,10300272416.8126,2139567046.11792,12335462434.3257,25146006742.5569,6343271336.83596,6549955633.39171,2088112346.76007,-529865674.255692,12624339963.9533,931692177.290933,-128314417.195523,218871237.562713,110296284.842796,180168766.109987,,14522631694.1553,1929943012.97745,-653101698.542864,-650872444.460309,1108361117.33712,12893226970.22767,1898291730.202,1.2406068672973147,13.07126538894446,0.7164905662936566,1.7491650591289885,0.4971029835219021,-0.08353192637034353,51.27345706309414,1.2517365025397509,0.5775323232367274,5.900418024692984
SCC.BK,Siam Cement PCL,medium,Materials,Construction Materials,Materials,Thailand,2023,10718038528.8967,1269338689.95633,10595684395.9243,2347337088.79185,12353530975.2547,26014574439.5924,5887768238.71907,7271008820.9607,2054112459.97089,435797641.921397,12264081037.5051,899435632.585889,-110567190.39361,925271566.473948,231489300.04554,745716451.61268,,14377552309.7024,1875884272.20748,-957650414.757699,-701053603.692681,1278616309.33656,13158777059.67977,2113471272.1973,5.186671803026224,14.699798871683234,2.866533347851928,7.037926232490699,0.5644670467956909,0.074017458611144,50.58232680390502,1.2418996799056585,0.5526729773376862,5.22467825182164
SCC.BK,Siam Cement PCL,medium,Materials,Construction Materials,Materials,Thailand,2022,11857844553.5972,1662228980.06357,10813492112.1063,2402833025.13724,12281176798.6131,26191557180.0058,3823068795.14591,9296415660.21381,2151372088.99162,3401707165.55909,14057300760.7256,849264326.221779,-49669374.608582,640149265.077162,133047281.706681,611752725.881033,,16296602392.4844,1996215053.42961,968712878.776028,-1512825780.88393,1149831943.12335,13119484455.35972,2239301631.7588,3.7538666720074034,13.740911006035908,2.335686731707708,5.657309586383682,0.9975235271458518,0.8897844500936483,50.09050956838457,1.2132514010595832,0.622208228418162,5.850302794103933
SCC.BK,Siam Cement PCL,medium,Materials,Construction Materials,Materials,Thailand,2021,13893221355.7289,1083142973.21697,11004837014.7457,2501378693.95125,12359543304.2432,25913362232.9221,5067294342.46163,7303836563.34637,2375905838.0981,1944922058.38098,13183419331.6263,901012858.917581,-125676059.302064,1992729428.05266,278700033.666113,1477231046.23817,,16600194525.9022,1966450684.85464,146047223.211392,-2418856434.2638,1338481892.53154,12371130905.808,3416775194.2759,8.89887792539518,20.58274190067181,5.700653712783728,13.423470463567842,0.6826224366581212,0.3838186469815686,47.74035416404156,1.1241539415105888,0.6406036536938531,5.270461191464532
SCC.BK,Siam Cement PCL,medium,Materials,Construction Materials,Materials,Thailand,2020,15150300601.2024,2143786384.82024,10684826198.4021,1819372569.90679,12098040479.3609,24946101131.8242,5373517343.54195,6385964547.27031,1360885486.01864,1750880159.78695,9914216564.97587,878069442.381279,-157962648.728348,1378908052.55288,185796244.149755,1092152886.65764,,12792772224.3421,1689370965.44525,1443357153.31763,-2544814774.02148,2275408764.60527,11759481890.81226,2878555659.36623,8.53726516430497,22.501421966138906,4.378050425139825,10.221531603583498,0.652211884093181,0.3258350253379584,47.139558316832414,1.1005777419730864,0.5128164981269208,5.449250323414404
SCC.BK,Siam Cement PCL,medium,Materials,Construction Materials,Materials,Thailand,2019,15711422845.6913,928325268.817204,9415840524.19355,1895539952.95699,10281781048.3871,21328401478.4946,4418858434.13978,5896669086.02151,1465180107.52688,1104861995.96774,11468341969.1686,769461930.068303,-65070451.232233,1268948620.8116,198796222.961072,1032040386.56554,,14119101890.587,1750722245.70098,-255192376.311417,-2009274703.55888,2247700746.51303,10315527520.16129,2650759921.4184,7.309532819885565,18.77428140939774,4.838807951013792,10.960682521265753,0.5416569487386232,0.2500333541875106,48.36521635511421,1.0955503646919293,0.6619859394912119,6.05017158898619
SCC.BK,Siam Cement PCL,medium,Materials,Construction Materials,Materials,Thailand,2018,16078672403.1961,890458088.462728,8570879276.21404,1881138694.71079,7654388462.72812,18242727652.3353,3334361119.70306,5076349922.67244,1498824713.88803,2148798206.00062,11872845725.6657,734391248.547395,24763404.1495515,1855127778.00448,225052106.624081,1385504746.39949,,14813458324.3325,1650128865.49331,-1175273880.65302,-1425457345.62361,2140174810.25075,8410711042.3755,2940612598.6668,9.353013429171147,19.85095265591403,7.5948332552239135,16.165257982860076,0.716563898322907,0.6444407575721673,46.10445983004533,0.9813125084747093,0.8120199241387124,6.311520654510302
SCC.BK,Siam Cement PCL,medium,Materials,Construction Materials,Materials,Thailand,2017,17843317972.3502,1349820122.88786,8021430721.96621,1771118125.96006,7645070814.1321,17616345069.1244,3563973886.32872,4779716405.52995,1436937603.68664,1708507772.65745,10307331602.6301,687269618.229557,16748298.2067082,2167472538.03354,168023951.278838,1624154257.54879,,13305753357.9443,1530200921.42271,-919641846.918956,-716986394.036425,2134410918.28246,8343690291.85867,2998421755.3142,12.206405859605661,22.534776308054514,9.219586986834136,20.247687898134437,0.781924283245847,0.47938279772790326,47.36334500215023,1.0401748243003548,0.7553072618488194,5.819674843564069
SCC.BK,Siam Cement PCL,medium,Materials,Construction Materials,Materials,Thailand,2016,16607142857.1428,773140401.785714,6697070535.71429,1488133063.61607,6841057031.25,15058258565.8482,3294308258.92857,3906301897.32143,1144030050.22321,1075848270.08929,9045461481.37541,642724105.295389,-35652729.515301,2136094131.02537,130936124.464425,1590200432.76262,,12006203359.7885,1403102419.3033,-1178958823.89581,-809205044.684293,2319475073.75468,7200610156.25,2960741878.41309,13.244823405944981,24.660101030183167,10.560320941554023,23.74471680240432,0.5819644979527381,0.3265778990698325,47.81834582506656,1.0751880419730422,0.7973168548864147,6.078395610265863
SCC.BK,Siam Cement PCL,medium,Materials,Construction Materials,Materials,Thailand,2015,15299334811.5299,446357468.073293,5723515463.63132,1468562270.96058,6411219433.64797,14158263298.1677,3534624514.1588,3877228039.97779,1186615241.53248,585200583.009439,9990941920.84397,606136572.08035,-100673963.118494,1749250846.92101,177777905.275497,1328173454.56417,,12860946164.4918,1452834411.69121,-433780135.559533,-1590270342.88134,1937662369.41178,7411852554.13659,2870004243.64783,10.327183067068322,22.315653972424805,9.38090658856483,23.20555370215602,0.46199326210308983,0.16556230532133623,52.35001213104858,1.294982533240872,0.9083703201194321,6.803212991648587
SLB.N,Schlumberger NV,medium,Energy,Energy Equipment & Services,Energy,United States,2025,57390822394.3,3036000000.0,26109000000.0,5032000000.0,7894000000.0,54868000000.0,14721000000.0,12856000000.0,8689000000.0,4792000000.0,29035000000.0,2274000000.0,-422000000.0,4291000000.0,840000000.0,3374000000.0,709000000.0,35708000000.0,1049000000.0,-5642000000.0,-1412000000.0,6489000000.0,27577000000.0,6673000000.0,9.44886299988798,18.687689033269855,6.1493037836261575,12.922746945497721,0.7964812173086068,0.32552136403776916,50.26062550120289,1.0562258225133097,0.6507982795071808,5.770071542130366
SLB.N,Schlumberger NV,medium,Energy,Energy Equipment & Services,Energy,United States,2024,53708605102.8,3544000000.0,21130000000.0,4375000000.0,7359000000.0,48935000000.0,12811000000.0,13774000000.0,8011000000.0,5759000000.0,28786000000.0,2038000000.0,-314000000.0,5672000000.0,1093000000.0,4461000000.0,749000000.0,36289000000.0,1134000000.0,-2772000000.0,-3145000000.0,6602000000.0,26585000000.0,7503000000.0,12.29298134420899,20.67568684725399,9.116174517216717,21.11216280170374,0.9019592537662946,0.4495355553820935,54.3271686931644,1.258163748225272,0.7415755594155512,6.579657142857143
SLB.N,Schlumberger NV,medium,Energy,Energy Equipment & Services,Energy,United States,2023,74336999959.08,2900000000.0,20189000000.0,4387000000.0,7240000000.0,47957000000.0,13395000000.0,13203000000.0,7812000000.0,4323000000.0,26561000000.0,1902000000.0,-403000000.0,5282000000.0,1007000000.0,4203000000.0,711000000.0,33135000000.0,1075000000.0,-2512000000.0,-2783000000.0,6637000000.0,26598000000.0,6574000000.0,12.684472612041647,19.840048287309493,8.764101173968347,20.818267373322104,0.7997013811123553,0.3227323628219485,55.46218487394958,1.3174500965872504,0.6909314594324082,6.05447914292227
SLB.N,Schlumberger NV,medium,Energy,Energy Equipment & Services,Energy,United States,2022,75806280000.0,1655000000.0,17685000000.0,3999000000.0,6607000000.0,43135000000.0,12018000000.0,13128000000.0,7032000000.0,2985000000.0,22930000000.0,1779000000.0,-519000000.0,4271000000.0,779000000.0,3441000000.0,634000000.0,28091000000.0,1010000000.0,-2382000000.0,-1388000000.0,3720000000.0,25146000000.0,5161000000.0,12.249474920793137,18.372432451674914,7.9772806305784165,19.457167090754876,0.7228324180396073,0.24837743384922617,58.29604729338124,1.421882951653944,0.6512344963486728,5.733933483370842
SLB.N,Schlumberger NV,medium,Energy,Energy Equipment & Services,Energy,United States,2021,42031281465.75,1757000000.0,15004000000.0,3272000000.0,7029000000.0,41511000000.0,10359000000.0,15866000000.0,5315000000.0,2295000000.0,19271000000.0,1815000000.0,-506000000.0,2374000000.0,446000000.0,1881000000.0,554000000.0,22929000000.0,893000000.0,-2824000000.0,-919000000.0,4651000000.0,26225000000.0,3658000000.0,8.203584979720006,15.953595882942999,4.53132904531329,12.536656891495602,0.6826913794767835,0.2215464813205908,63.176025631760254,1.7478672354038922,0.5523596155235961,5.889669926650367
SLB.N,Schlumberger NV,medium,Energy,Energy Equipment & Services,Energy,United States,2020,30394475706.8,844000000.0,12071000000.0,3354000000.0,7626000000.0,42434000000.0,10491000000.0,19454000000.0,5247000000.0,2428000000.0,21000000000.0,2145000000.0,-491000000.0,-11298000000.0,-812000000.0,-10518000000.0,580000000.0,23601000000.0,945000000.0,-873000000.0,-2353000000.0,2944000000.0,29945000000.0,2601000000.0,-44.56590822422779,11.020719461039786,-24.786727624075034,-87.13445447767377,0.580592889143075,0.23143646935468498,70.56841212235472,2.4807389611465496,0.5561813640005656,6.261180679785331
SLB.N,Schlumberger NV,medium,Energy,Energy Equipment & Services,Energy,United States,2019,55657516869.0,1137000000.0,23760000000.0,4130000000.0,10570000000.0,56312000000.0,13098000000.0,19038000000.0,7747000000.0,2432000000.0,28715000000.0,2882000000.0,-603000000.0,-10418000000.0,-311000000.0,-10137000000.0,717000000.0,32917000000.0,1191000000.0,-3718000000.0,-2011000000.0,5431000000.0,32136000000.0,4202000000.0,-30.795637512531517,12.76544034997114,-18.001491689160392,-42.66414141414141,0.6782714918308138,0.18567720262635518,57.067765307572095,1.3525252525252525,0.5845468106265095,6.952784503631961
SLB.N,Schlumberger NV,medium,Energy,Energy Equipment & Services,Energy,United States,2018,49897352809.92,1433000000.0,36162000000.0,4010000000.0,13479000000.0,70507000000.0,13486000000.0,20435000000.0,7881000000.0,2245000000.0,28517000000.0,2773000000.0,-460000000.0,2624000000.0,447000000.0,2138000000.0,702000000.0,32815000000.0,1146000000.0,-5020000000.0,-1040000000.0,5713000000.0,33921000000.0,4298000000.0,6.515313119000457,13.097668749047692,3.032323031755712,5.912283612632045,0.6906421474121311,0.16646893074299274,48.110116725998836,0.9380288700846192,0.46541478151105564,7.111471321695761
SLB.N,Schlumberger NV,medium,Energy,Energy Equipment & Services,Energy,United States,2017,93352785289.1,1799000000.0,36842000000.0,4046000000.0,11576000000.0,71987000000.0,15282000000.0,19444000000.0,8084000000.0,3215000000.0,26509000000.0,2963000000.0,-511000000.0,-1183000000.0,254000000.0,-1505000000.0,787000000.0,30440000000.0,1219000000.0,-5033000000.0,-1779000000.0,5663000000.0,34726000000.0,3931000000.0,-4.944152431011826,12.913929040735875,-2.0906552571992165,-4.085011671461919,0.6467085460018323,0.2103782227457139,48.23926542292358,0.9425655501872863,0.42285412643949605,6.551903114186851
SLB.N,Schlumberger NV,medium,Energy,Energy Equipment & Services,Energy,United States,2016,116800340096.05,2929000000.0,41078000000.0,4225000000.0,12821000000.0,77956000000.0,15059000000.0,21368000000.0,9387000000.0,8868000000.0,23864000000.0,4094000000.0,-429000000.0,-1905000000.0,-278000000.0,-1687000000.0,1012000000.0,27810000000.0,1415000000.0,-5428000000.0,-624000000.0,6261000000.0,36427000000.0,3946000000.0,-6.06616325062927,14.189140596907587,-2.164041254040741,-4.106821169482448,0.8178497908227638,0.5888837240188591,46.727641233516344,0.8867763766493013,0.3567396993175638,5.648284023668639
SLB.N,Schlumberger NV,medium,Energy,Energy Equipment & Services,Energy,United States,2015,87631666605.0,2793000000.0,35633000000.0,3756000000.0,13415000000.0,68005000000.0,14121000000.0,17979000000.0,8780000000.0,12791000000.0,28167000000.0,4078000000.0,-230000000.0,2881000000.0,746000000.0,2072000000.0,1094000000.0,35475000000.0,1588000000.0,1374000000.0,-10252000000.0,8805000000.0,32100000000.0,7308000000.0,5.8407329105003525,20.60042283298097,3.0468347915594443,5.81483456346645,0.8195595212803626,0.9058140358331563,47.20241158738328,0.9008503353632868,0.5216528196456143,7.4992012779552715
SRG.MI,Snam SpA,medium,Utilities,Gas Utilities,Utilities,Italy,2024,14959453058.1991,1869758774.20023,8208924319.28771,2267315457.08666,21478413914.4839,37052489905.7874,10545605135.1072,17217103219.795,3571798322.80774,-1765193084.1702,1838000437.93427,1064504079.41573,-358080132.405087,1816364176.15753,456525123.489265,1362002678.84594,,3859909100.97085,,1396620697.68872,-2900340891.17232,1962408943.15054,27762708354.9022,2021908663.03658,35.285874439461985,52.382286995515685,3.6758735575101054,16.591731460427464,0.5160023561751399,-0.1673866090712732,74.92805051831567,3.3820153865556866,0.10417408143920587,0.8106505127857112
SRG.MI,Snam SpA,medium,Utilities,Gas Utilities,Utilities,Italy,2023,17265506164.5624,1525167470.45126,8425943297.31937,3101100283.62376,20903181662.6753,36998002494.1234,13402050478.4082,15120346970.0816,4928652621.58851,-3540330857.60321,2854808928.66293,1000264492.05046,-238982111.073677,1658817006.27611,420651770.170409,1227351565.92137,,4636901775.04039,,2147594898.60779,-2412529818.12386,-140577712.396281,28522397448.4898,1782092846.37746,26.469216417910406,38.43283582089545,3.3173454867362557,14.566340202073752,0.48155467720684997,-0.26416337285902425,77.09172259507841,3.385068762278986,0.12532843565748975,0.9205793646011896
SRG.MI,Snam SpA,medium,Utilities,Gas Utilities,Utilities,Italy,2022,16282751820.7866,1880351027.39726,7992294520.54795,3426797945.20548,19112799657.5342,34667166095.8904,12351241438.3562,14263698630.137,4895119863.0137,-1893193493.15068,2123815013.2212,913366873.245426,-147487153.695917,1106153652.71937,398215314.978975,706884858.071143,,3702981037.43676,,-2445126312.34444,-1441160187.54296,4328747960.97515,26614940068.4932,1579166024.21556,19.08961593172121,42.6458036984352,2.039061560774477,8.84457969177391,0.548565982150592,-0.15327961181873237,76.77275954681583,3.3300749866095383,0.10681522184981045,0.6197666297170171
SRG.MI,Snam SpA,medium,Utilities,Gas Utilities,Utilities,Italy,2021,20169104565.0844,1519905418.00241,8188390969.23812,137553145.533502,19557556328.5815,30876702362.2763,9063729168.08767,13582520519.2915,3102334993.0655,-3289907464.24755,2093614761.34949,954546391.191547,-120648986.247259,1910275615.5816,136025817.827792,1769518464.95979,,3899801055.46286,,-1616932982.35297,-1984794107.08726,1582630819.59639,22646249687.37917,1806186294.11337,45.374582954200704,46.31483166515009,5.73091790761213,21.61008764246186,0.5099711526401602,-0.3629750407625737,73.34413313206429,2.7656532000555254,0.1263023819612114,15.220406288997411
SRG.MI,Snam SpA,medium,Utilities,Gas Utilities,Utilities,Italy,2020,19012106596.5143,3717635564.24035,7900586223.74206,119687347.337567,20536150464.0938,31356863702.98,9411333659.01319,14041279921.8368,1894235466.53639,-3356130923.30239,1447376570.40843,869795699.251757,-168936697.492467,1679093797.37445,422341743.731168,1256752053.64329,,3161855757.12253,,260253831.272179,-1862869529.10612,1822918283.0775,23452613580.84999,1714479186.7141,39.74729241877265,54.22382671480164,4.007900999116358,15.907073450658928,0.5962886062808195,-0.3566052426680505,74.79259980525785,2.9684649868604076,0.1008345664627819,12.092978937249226
SRG.MI,Snam SpA,medium,Utilities,Gas Utilities,Utilities,Italy,2019,17812366512.5697,3195973365.02029,7011860188.77654,125552092.908549,18428132636.8182,26978005963.7244,6797749030.33428,13165033742.125,1364258009.55093,-1883281393.62823,1287196776.11665,808135715.092363,-226098911.97875,1639776762.61816,419738079.168471,1220038683.44969,,2982938615.95727,3357904.63334777,556292867.591281,-1123778750.62705,1663282095.0516,19962782772.45928,1695741839.84062,40.90056285178236,56.84803001876158,4.522345665910957,17.399643612440133,0.6708443271767817,-0.2770448548812664,73.99650959860398,2.8470023980815387,0.11056927706103398,10.252292465201933
SRG.MI,Snam SpA,medium,Utilities,Gas Utilities,Utilities,Italy,2018,15150736289.0122,2146985962.01486,6864161849.71098,125011468.942105,18525782181.8515,25899165061.0148,6319387099.73392,12715616111.5699,1430177080.4661,-2452059822.00202,1339984175.79175,805171108.273103,-283344671.533057,1535964240.26878,402585554.136551,1133378686.13223,,3053038835.76868,36598686.7396865,-9444822.38443522,-785100860.706177,2155780709.24734,19035003211.30382,1713054659.97693,37.122969837587185,56.10982211910269,4.376120556250168,16.511537911652706,0.5660617059891105,-0.3880217785843923,73.49659020458776,2.7730994152046837,0.11788174748398833,10.718889931709548
UNH.N,UnitedHealth Group Inc,large,Health Care Equipment & Services,Health Care Providers & Services,Health Care,United States,2024,465535033197.24,25312000000.0,92658000000.0,,10553000000.0,298278000000.0,,,,,,4100000000.0,-3906000000.0,20071000000.0,4829000000.0,14405000000.0,,399568000000.0,,-3512000000.0,-20527000000.0,24204000000.0,0.0,399568000000.0,3.6051435550394424,100.0,4.829387350055988,15.546418010317511,,,0.0,0.0,1.339582537096266,
SRG.MI,Snam SpA,medium,Utilities,Gas Utilities,Utilities,Italy,2017,17133436786.4109,862513645.469704,7423135519.00769,103165748.971342,19233214572.7618,26170511390.2185,5045524885.73794,13701850985.4728,1528292606.85452,-1979342858.17109,1237428957.96364,730026581.593164,-318680334.379678,1385468404.07619,371793723.442958,1013674680.63323,,2862472648.87846,48593100.6323623,296078892.225091,-1628433907.238,2106454408.80752,18747375871.21074,1625043690.91482,35.412554283458256,56.7706277141731,3.8733468579146733,13.655613292221506,0.4738468854018056,-0.39229671897289603,71.63549688302142,2.52553329023917,0.10937778808358857,11.994571554047269
SRG.MI,Snam SpA,medium,Utilities,Gas Utilities,Utilities,Italy,2016,14404434695.8746,35744322.960471,6830319596.29941,124053826.745164,16361438183.3474,21161690496.2153,3835155592.93524,10496215306.9807,1336206896.55172,-2212994112.69975,1229478381.3477,681690983.717534,-563280374.532833,994870445.39296,340845491.858767,952818079.514281,,2767709659.54148,37625801.0493444,-1870223640.39388,88531296.5866928,1800505244.33186,14331370899.91594,1538231278.19378,34.426229508196755,55.577768892442826,4.502561266004195,13.949831572017612,0.35773026315789364,-0.5770285087719303,67.72318545382308,2.098199168847167,0.13078868439345503,9.910846070660442
SRG.MI,Snam SpA,medium,Utilities,Gas Utilities,Utilities,Italy,2015,18478779191.2786,18462006.2770821,8237312800.68635,165072056.124499,16809113715.0987,27019689186.6943,4992343697.39686,13788946688.2419,1821222619.21569,-2654184902.42287,1131204414.70411,636094337.218306,-421842666.916154,1279959460.40612,396310084.444913,1374319004.32158,,2835226766.5891,79928084.2577976,-919172968.964672,-1424274056.9827,2280170625.90995,18781290385.63876,1704022351.88499,48.47298355520765,60.10180109631944,5.0863612635424245,16.684069642311858,0.3685011964324556,-0.5316510767892106,69.50964630225097,2.28002636783125,0.10493187937873438,6.8527916914716585
STAG.N,STAG Industrial Inc,medium,Equity Real Estate Investment Trusts (REITs),Industrial REITs,Real Estate,United States,2025,7021353394.36,14910000.0,3595697000.0,,32708000.0,7208069000.0,375916000.0,,,-118575000.0,169002000.0,,-131775000.0,279270000.0,,273519000.0,,845184000.0,54756000.0,97404000.0,-497302000.0,463388000.0,375916000.0,676182000.0,32.36206553839164,80.00411744661517,3.7946223877712604,7.606842289547757,0.03966311622809351,-0.3154295108481682,5.215210897675924,0.1045460727085736,0.11725525934893243,
STAG.N,STAG Industrial Inc,medium,Equity Real Estate Investment Trusts (REITs),Industrial REITs,Real Estate,United States,2024,6308022627.86,36284000.0,3457651000.0,,31151000.0,6833335000.0,415011000.0,,,-241261000.0,152312000.0,,-113125000.0,193266000.0,,189220000.0,,767384000.0,51718000.0,286291000.0,-731058000.0,460292000.0,415011000.0,615072000.0,24.657798442500756,80.15178841362342,2.769072495348172,5.472501417870109,0.08742900790581455,-0.5813363983123339,6.073330226017018,0.12002686216740788,0.1123000701707146,
STAG.N,STAG Industrial Inc,medium,Equity Real Estate Investment Trusts (REITs),Industrial REITs,Real Estate,United States,2023,7128473612.51999,20741000.0,3374680000.0,,29566000.0,6283458000.0,230239000.0,,,-80097000.0,137129000.0,,-94507000.0,197201000.0,,192845000.0,,707835000.0,49958000.0,-75667000.0,-320346000.0,391092000.0,230239000.0,570706000.0,27.244343667662662,80.62698227694307,3.0690903002773315,5.7144677421266605,0.090084651166831,-0.34788632681691634,3.664208466102582,0.06822543174463949,0.11265055006335684,
STAG.N,STAG Industrial Inc,medium,Equity Real Estate Investment Trusts (REITs),Industrial REITs,Real Estate,United States,2022,5790483047.16,25884000.0,3384824000.0,,31313000.0,6184988000.0,296429000.0,,,-154131000.0,123329000.0,,-77915000.0,182234000.0,,178326000.0,,657345000.0,49330000.0,63186000.0,-447524000.0,387931000.0,296429000.0,534016000.0,27.12822034091687,81.23831473579322,2.8832068873860384,5.268398002377672,0.08731939182738531,-0.5199592482516893,4.79271746363938,0.08757589759467553,0.10628072358426564,
STAG.N,STAG Industrial Inc,medium,Equity Real Estate Investment Trusts (REITs),Industrial REITs,Real Estate,United States,2021,8142229773.48,18981000.0,3327700000.0,,29582000.0,5833249000.0,235236000.0,,,-118440000.0,106246000.0,,-63363000.0,196432000.0,,192334000.0,,562159000.0,50369000.0,887123000.0,-1220420000.0,336154000.0,235236000.0,455913000.0,34.21345206605249,81.1003648433984,3.297201953833961,5.779787841452054,0.0806891802275162,-0.5034943631076876,4.03267544382213,0.0706902665504703,0.09637150754236619,
STAG.N,STAG Industrial Inc,medium,Equity Real Estate Investment Trusts (REITs),Industrial REITs,Real Estate,United States,2020,4955131656.36,15666000.0,2641207000.0,,25403000.0,4692646000.0,192470000.0,,,-94335000.0,87935000.0,,-61897000.0,206795000.0,,202147000.0,,483411000.0,41496000.0,269176000.0,-554623000.0,293922000.0,192470000.0,395476000.0,41.81679771457414,81.80947475336721,4.3077402386627925,7.653584137858184,0.08139450303943471,-0.4901283316880553,4.101523958977515,0.07287198617904617,0.10301458921043692,
STAG.N,STAG Industrial Inc,medium,Equity Real Estate Investment Trusts (REITs),Industrial REITs,Real Estate,United States,2019,4197457667.48,9041000.0,2230528000.0,,15129000.0,4164645000.0,290758000.0,,,-221302000.0,73855000.0,,-54560000.0,50665000.0,,49281000.0,,405950000.0,37270000.0,978539000.0,-1222574000.0,233357000.0,290758000.0,332095000.0,12.139672373445006,81.80687276758222,1.183318145964422,2.2093871944221277,0.03109458725125362,-0.7611209321841531,6.981579462355135,0.13035388930333983,0.09747529501314038,
STAG.N,STAG Industrial Inc,medium,Equity Real Estate Investment Trusts (REITs),Industrial REITs,Real Estate,United States,2018,2709264955.68,7968000.0,1538803000.0,,,3102532000.0,108918000.0,,,-44140000.0,69021000.0,,-48797000.0,96245000.0,,92926000.0,,350993000.0,34052000.0,303845000.0,-507201000.0,197769000.0,108918000.0,281972000.0,26.475171869524463,80.33550526648679,2.9951665284999476,6.03884967731412,0.07315595218421198,-0.4052590021851301,3.510616490015252,0.07078099015923416,0.11313114578673161,
STAG.N,STAG Industrial Inc,medium,Equity Real Estate Investment Trusts (REITs),Industrial REITs,Real Estate,United States,2017,2571277321.35,24562000.0,1214040000.0,,,2680667000.0,98423000.0,,,-36692000.0,57701000.0,,-42657000.0,32200000.0,,31259000.0,,301087000.0,33349000.0,415861000.0,-571635000.0,162098000.0,98423000.0,243386000.0,10.382049042303388,80.83577172046618,1.166090379745041,2.57479160488946,0.24955549007853856,-0.3727990408745923,3.6715862134312096,0.08107064017660044,0.11231794176598585,
STAG.N,STAG Industrial Inc,medium,Equity Real Estate Investment Trusts (REITs),Industrial REITs,Real Estate,United States,2016,1804296683.42,12192000.0,882036000.0,,,2186156000.0,101828000.0,,,-54800000.0,48904000.0,,-43013000.0,35588000.0,,34519000.0,,250243000.0,33395000.0,211870000.0,-346259000.0,135788000.0,101828000.0,201339000.0,13.794192045331938,80.45739541165986,1.5789815548387214,3.9135590837562186,0.11973131162352202,-0.5381623914836784,4.65785607248522,0.11544653506206096,0.11446712860381418,
STAG.N,STAG Industrial Inc,medium,Equity Real Estate Investment Trusts (REITs),Industrial REITs,Real Estate,United States,2015,1256026793.85,12011000.0,683457000.0,,,1901782000.0,63677000.0,,,-21793000.0,42627000.0,,-36089000.0,-29345000.0,,-27383000.0,,218633000.0,28750000.0,238464000.0,-372038000.0,121707000.0,63677000.0,176006000.0,-12.524641751245237,80.5029432885246,-1.4398600891164182,-4.006543206083192,0.18862383592191842,-0.3422428820453225,3.3482807177689136,0.09316899234333689,0.11496217757871302,
STWD.N,Starwood Property Trust Inc,medium,Financial Services,Mortgage Real Estate Investment Trusts (REITs),Financials,United States,2024,6389172164.95,377831000.0,6437107000.0,,,62556497000.0,,,,,89543000.0,46256000.0,,406009000.0,25432000.0,359933000.0,,2248706000.0,344413000.0,-2485900000.0,2083954000.0,646586000.0,0.0,2159163000.0,16.006227581551347,96.01802103076169,0.5753726907054914,5.591533587992245,,,0.0,0.0,0.03594680181660428,
STWD.N,Starwood Property Trust Inc,medium,Financial Services,Mortgage Real Estate Investment Trusts (REITs),Financials,United States,2023,6584011528.96,194660000.0,6251089000.0,,,69504196000.0,,,,,93983000.0,54296000.0,,417475000.0,-682000.0,339213000.0,,2570798000.0,321755000.0,-1454563000.0,855074000.0,528597000.0,0.0,2476815000.0,13.194852337678807,96.3442090743808,0.48804679360653275,5.4264624931751895,,,0.0,0.0,0.036987666183492,
STWD.N,Starwood Property Trust Inc,medium,Financial Services,Mortgage Real Estate Investment Trusts (REITs),Financials,United States,2022,5674680182.33999,261061000.0,6462438000.0,,,79043129000.0,,,,,93408000.0,53941000.0,,997538000.0,-61523000.0,871475000.0,,2719123000.0,331051000.0,2797879000.0,-2950306000.0,213741000.0,0.0,2625715000.0,32.04985578070576,96.56477474538666,1.102530999247259,13.485235757774388,,,0.0,0.0,0.034400497986358816,
STWD.N,Starwood Property Trust Inc,medium,Financial Services,Mortgage Real Estate Investment Trusts (REITs),Financials,United States,2021,7402207048.2,217362000.0,6072536000.0,,,83850397000.0,,,,,194668000.0,84591000.0,,501095000.0,8669000.0,447739000.0,,1423901000.0,339075000.0,4873103000.0,-4281654000.0,-989975000.0,0.0,1229233000.0,31.444531607183364,86.32854390860038,0.5339736197074892,7.373179837879924,,,0.0,0.0,0.0169814461343576,
STWD.N,Starwood Property Trust Inc,medium,Financial Services,Mortgage Real Estate Investment Trusts (REITs),Financials,United States,2020,5494471336.2,563217000.0,4488898000.0,,,80873509000.0,,,,,212081000.0,12795000.0,,386278000.0,20197000.0,331689000.0,,1181940000.0,285001000.0,13283000.0,-911805000.0,1045548000.0,0.0,969859000.0,28.06309964972841,82.05653417263143,0.41013306347323203,7.389096388467727,,,0.0,0.0,0.014614674379962913,
STWD.N,Starwood Property Trust Inc,medium,Financial Services,Mortgage Real Estate Investment Trusts (REITs),Financials,United States,2019,7008763591.28,478388000.0,4700425000.0,,,78042336000.0,,,,,236304000.0,,,550167000.0,13232000.0,509664000.0,,1632028000.0,274244000.0,876721000.0,-775868000.0,-13199000.0,0.0,1395724000.0,31.228875975167092,85.52083665231234,0.653060923240432,10.842934415504981,,,0.0,0.0,0.020912085460896505,
STWD.N,Starwood Property Trust Inc,medium,Financial Services,Mortgage Real Estate Investment Trusts (REITs),Financials,United States,2018,5427186165.81,239824000.0,4603432000.0,,,68262453000.0,,,,,259717000.0,,,426527000.0,15330000.0,385830000.0,,1359574000.0,265587000.0,2004724000.0,-2520809000.0,585470000.0,0.0,1099857000.0,28.37874216482516,80.89717808666538,0.5652155512196434,8.381355475653816,,,0.0,0.0,0.019916864106831907,
STWD.N,Starwood Property Trust Inc,medium,Financial Services,Mortgage Real Estate Investment Trusts (REITs),Financials,United States,2017,5572321882.05,369448000.0,4478414000.0,,,62941289000.0,,,,,187861000.0,93603000.0,,444289000.0,21157000.0,400770000.0,,1113960000.0,252286000.0,1047684000.0,-1036560000.0,-246839000.0,0.0,926099000.0,35.97705483141226,83.13574993716112,0.6367362447883773,8.948927008534717,,,0.0,0.0,0.01769839826445245,
STWD.N,Starwood Property Trust Inc,medium,Financial Services,Mortgage Real Estate Investment Trusts (REITs),Financials,United States,2016,5627771101.84999,615522000.0,4522274000.0,,,77256266000.0,,,,,131887000.0,66786000.0,,375995000.0,8344000.0,365186000.0,,974969000.0,270392000.0,505513000.0,-800538000.0,556630000.0,0.0,843082000.0,37.45616527294714,86.47269810629876,0.47269434430082347,8.075273634459124,,,0.0,0.0,0.012619934284683136,
STWD.N,Starwood Property Trust Inc,medium,Financial Services,Mortgage Real Estate Investment Trusts (REITs),Financials,United States,2015,4886555810.88,368815000.0,4140316000.0,,,85698354000.0,,,,,40552000.0,29010000.0,,469389000.0,17206000.0,450697000.0,,928408000.0,279361000.0,-93262000.0,-420035000.0,605677000.0,0.0,887856000.0,48.54514394533438,95.63209278679201,0.5259109177289449,10.885570086920902,,,0.0,0.0,0.010833440278211178,
TUI1n.DE,TUI AG,small,Consumer Services,"Hotels, Restaurants & Leisure",Consumer Discretionary,Germany,2025,4609328942.25742,2813328640.15018,2067933826.11756,80957409.3629004,7614220344.94896,21294027924.4398,12056083538.6601,6085650592.51437,512964918.455943,-5390472838.20251,24505679728.7601,984508429.761404,-377815061.151698,1143506983.44479,212735199.782226,703220306.972432,,26734202572.6326,1240586767.9608,-836345660.682307,-743246368.469919,1911189151.8897,18141734131.17447,2228522843.8725,2.630414372981179,8.335849321923689,3.302429720989164,34.005938589083975,0.2759016680615838,-0.44711641395955365,85.19634798803214,8.772879432624132,1.2554788914289412,302.69841786698885
TUI1n.DE,TUI AG,small,Consumer Services,"Hotels, Restaurants & Leisure",Consumer Discretionary,Germany,2024,3864419379.52457,2402382675.49964,1064855536.38034,73929744.4747537,6943272281.91282,19391749707.7326,11166620275.0097,6249624227.57891,460502143.29455,-5300339586.92869,23010971477.0726,926784409.998205,-444145190.51745,934049480.253252,166988181.981659,549868227.811033,,25121203301.4525,1134001563.09363,-159072508.42019,-655265963.451405,1654809509.88448,17416244502.58861,2110231824.3799,2.188861023943227,8.400202008865902,2.8355782025784353,51.63782400757822,0.25637881008644786,-0.4746592484021837,89.81265107626547,16.355499790882394,1.295458309852011,311.2545787971799
TUI1n.DE,TUI AG,small,Consumer Services,"Hotels, Restaurants & Leisure",Consumer Discretionary,Germany,2023,2797636821.93495,1361527159.72391,1186910059.50934,65639963.2162525,6599617364.46563,17073155263.3526,9382920925.51291,5632035684.46309,435062944.602408,-4577251154.77713,20338878771.3914,881751012.453187,-458062178.503223,588403339.060771,101945788.970072,326440023.738722,,22060748484.5718,1084148097.15188,-425930573.812133,-525421123.885543,1282808948.74697,15014956609.976,1721869713.1804,1.4797323126503077,7.805128254757951,1.91200758561262,27.5033496534413,0.19147450123353874,-0.48782795795829625,87.94482553676234,12.650458633894361,1.2921307247714797,309.85512140499617
TUI1n.DE,TUI AG,small,Consumer Services,"Hotels, Restaurants & Leisure",Consumer Discretionary,Germany,2022,2159544370.48975,1186465590.73404,-138754152.335597,54972513.7431284,6244328815.98417,14948898099.9696,8566991014.29677,5749184231.4137,391176960.539338,-4741648783.45141,16929065923.6498,932257170.563179,-504945527.252004,-158195302.611268,72320950.5426426,-300560232.240188,,17939173832.5782,809192284.707259,-1350244073.62448,-334172668.024624,1834805284.98141,14316175245.71047,1010107908.9284,-1.675440770267578,5.6307381730924915,-2.0105845275699568,,0.18415363674837243,-0.5534789023985726,95.76742814067067,,1.2000331872363676,307.9550992111206
TUI1n.DE,TUI AG,small,Consumer Services,"Hotels, Restaurants & Leisure",Consumer Discretionary,Germany,2021,4787279455.04238,1244846435.35461,-1257353963.03331,49566868.9489044,7143767082.04012,16393778663.0843,7948765460.69394,8929564089.49831,300991337.378978,-4551697781.07194,7117989049.72406,1068403534.86724,-509042471.752943,-2942263096.30012,22948146.1790479,-2948717262.41298,,5655283773.99912,1004579003.30676,204740491.691193,842268677.727868,-664659588.029612,16878329550.19225,-1462705275.72494,-52.14092484571825,-25.86440104827121,-17.986806599096862,,0.19447520251762893,-0.5726295238650266,102.95569982409893,,0.3449652389618846,143.60376599662933
TUI1n.DE,TUI AG,small,Consumer Services,"Hotels, Restaurants & Leisure",Consumer Discretionary,Germany,2020,2241583477.65968,1065280821.19547,-525433857.907873,85775553.9671194,7839791888.81988,17976657800.068,7404937953.33904,10316150880.6056,177175734.423886,-4248819414.33577,11117010277.7134,1174744570.40465,-315945698.647298,-3587624446.92269,-71902565.9452554,-3526249671.0068,,8896766559.17952,1139353276.26337,2648075185.68476,181212385.824647,-3386588456.46827,17721088833.94464,-2220243718.53388,-39.63518259753012,-24.95562521243264,-19.61571338913433,,0.16778757140822587,-0.5737819062237908,98.57832880301925,,0.49490659821904526,129.60581148767534
TUI1n.DE,TUI AG,small,Consumer Services,"Hotels, Restaurants & Leisure",Consumer Discretionary,Germany,2019,6846016315.40976,1676547515.25719,3764385353.09503,125000000.0,6332497820.40105,17674476896.2511,7968177855.27463,5166630340.01744,636987794.245859,-3314516129.03226,19723168131.8339,559913603.523021,-42853407.7218022,779932020.5368,179984312.431569,469583130.930485,,21345620702.6064,1113173651.6366,-728395159.145054,-1287181041.41224,1124338092.06939,13134808195.29207,1622452570.7725,2.1999038466618432,7.600868549933481,2.656843162527132,12.474363989977798,0.2903468461075548,-0.41596914492040066,74.31511706056811,3.48923050199757,1.207708767162098,157.7853450546712
TUI1n.DE,TUI AG,small,Consumer Services,"Hotels, Restaurants & Leisure",Consumer Discretionary,Germany,2018,11297788765.3893,2726502373.84935,4226264408.51103,137555573.612546,5660440874.31948,18097902422.6032,8034290224.84823,5100467805.03094,635541574.285814,-2299905974.6712,19594333996.0494,510034832.847889,-81753133.4966168,1149303876.72536,227171370.953481,865369413.082092,,21977788888.049,1536649509.23117,-150059245.035275,-1006384643.34918,1237721021.1038,13134758029.87917,2383454891.9996,3.9374725887582773,10.844834774510307,4.781600612462675,20.47598847197952,0.4184618496525216,-0.28626125149899545,72.57613464350787,3.107888376181064,1.2143832127528797,142.44667432554158
TUI1n.DE,TUI AG,small,Consumer Services,"Hotels, Restaurants & Leisure",Consumer Discretionary,Germany,2017,9977112712.02456,2663713678.24238,3472360028.34869,130167729.742499,5024450744.15308,16755846917.0801,7718757382.47106,4863099456.65013,509567682.494685,-2618473895.58233,18271647186.1843,445313042.607256,61216730.9192108,1193063255.83884,186523180.129292,712500868.171609,,20481084974.5049,1387652900.51164,-728191799.201443,-759905159.803995,1666664174.10552,12581856839.12119,2209437788.3206,3.4788238467763724,10.787698947936278,4.2522521941001985,20.51921063353689,0.4111129814681622,-0.3392351599920426,75.08935180289726,3.623430962343095,1.2223246652860902,140.37002275702065
TUI1n.DE,TUI AG,small,Consumer Services,"Hotels, Restaurants & Leisure",Consumer Discretionary,Germany,2016,8368447588.43724,2184999550.48099,3006270790.25443,118223500.854086,4174345949.83368,16247752404.9267,8114155353.77146,4483277892.65486,482671041.985076,-2128697293.89553,16937419329.167,642620845.647329,-194063719.506635,686832271.155996,170402830.98064,1152385246.80128,,19055235478.2191,1351780997.52504,-632956539.066289,265490721.019381,1046855462.29567,12597433246.42632,2117816149.0521,6.04760433487428,11.114090673258008,7.092582518994133,38.332716085890254,0.32876750273534416,-0.26234366993061226,77.53339004973071,4.190385406153037,1.1727920886116596,143.26609520785152
TUI1n.DE,TUI AG,small,Consumer Services,"Hotels, Restaurants & Leisure",Consumer Discretionary,Germany,2015,10718913908.5463,1647574236.95475,2138426634.77765,150317958.805056,4056461437.01733,15743151871.4306,8604445835.24258,4437117918.57125,827139935.402394,-3605954602.85884,17796350390.8163,509094003.912099,-188038556.950385,535054122.342635,66853048.3476629,391009925.387361,,20119666122.5685,1551748849.01817,-1177050148.4854,-249033348.484077,802351447.95262,13041563753.81383,2323315731.7522,1.9434215409209,11.547486511946168,2.4836826105764387,18.284935242962757,0.28760878036108595,-0.4190804000519552,82.83959819685539,6.098672520121257,1.2779947933475788,118.39137873004242
UNH.N,UnitedHealth Group Inc,large,Health Care Equipment & Services,Health Care Providers & Services,Health Care,United States,2022,495373191523.139,23365000000.0,77772000000.0,,10128000000.0,245705000000.0,,,,,,3400000000.0,-2092000000.0,26343000000.0,5704000000.0,20120000000.0,,323951000000.0,,4226000000.0,-28476000000.0,26206000000.0,0.0,323951000000.0,6.210815833258733,100.0,8.188681549012026,25.870493236640435,,,0.0,0.0,1.3184550578946297,
UNH.N,UnitedHealth Group Inc,large,Health Care Equipment & Services,Health Care Providers & Services,Health Care,United States,2021,472941186675.0,21375000000.0,71760000000.0,,8969000000.0,212206000000.0,,,,,,3119000000.0,-1660000000.0,22310000000.0,4578000000.0,17285000000.0,,286757000000.0,,-7455000000.0,-10372000000.0,22343000000.0,0.0,286757000000.0,6.027751720097505,100.0,8.14538702958446,24.087235228539576,,,0.0,0.0,1.351314288945647,
UNH.N,UnitedHealth Group Inc,large,Health Care Equipment & Services,Health Care Providers & Services,Health Care,United States,2020,332732446582.8,16921000000.0,65491000000.0,,8626000000.0,197289000000.0,,,,,,2911000000.0,-1663000000.0,20742000000.0,4973000000.0,15403000000.0,,257141000000.0,,-3590000000.0,-12532000000.0,22174000000.0,0.0,257141000000.0,5.990098817380348,100.0,7.807328335588908,23.519262188697684,,,0.0,0.0,1.3033722103107623,
UNH.N,UnitedHealth Group Inc,large,Health Care Equipment & Services,Health Care Providers & Services,Health Care,United States,2019,278521040827.42,10985000000.0,57616000000.0,,8704000000.0,173889000000.0,,,,,,2720000000.0,-1704000000.0,17981000000.0,3742000000.0,13839000000.0,,242155000000.0,,-5625000000.0,-12699000000.0,18463000000.0,0.0,242155000000.0,5.714934649294873,100.0,7.958525266118041,24.019369619550126,,,0.0,0.0,1.3925837747068532,
UNH.N,UnitedHealth Group Inc,large,Health Care Equipment & Services,Health Care Providers & Services,Health Care,United States,2018,239661959904.0,10866000000.0,51696000000.0,,8458000000.0,152221000000.0,,,,,,2428000000.0,-1400000000.0,15944000000.0,3562000000.0,11986000000.0,,226247000000.0,,-4365000000.0,-12385000000.0,15713000000.0,0.0,226247000000.0,5.297749804417296,100.0,7.874077821062797,23.18554627050449,,,0.0,0.0,1.4863060944284954,
UNH.N,UnitedHealth Group Inc,large,Health Care Equipment & Services,Health Care Providers & Services,Health Care,United States,2017,213640609806.54,11981000000.0,47776000000.0,,7013000000.0,139058000000.0,,,,,,2245000000.0,-1186000000.0,14023000000.0,4400000000.0,10558000000.0,,201159000000.0,,-3441000000.0,-8599000000.0,13596000000.0,0.0,201159000000.0,5.248584453094319,100.0,7.5925153533058145,22.098961821835232,,,0.0,0.0,1.4465834400034518,
UNH.N,UnitedHealth Group Inc,large,Health Care Equipment & Services,Health Care Providers & Services,Health Care,United States,2016,152328667848.8,10430000000.0,38274000000.0,,5901000000.0,122810000000.0,,,,,,2055000000.0,-1067000000.0,11863000000.0,4790000000.0,7017000000.0,,184840000000.0,,-1011000000.0,-9355000000.0,9795000000.0,0.0,184840000000.0,3.796256221597057,100.0,5.713704095757675,18.33359460730522,,,0.0,0.0,1.5050891621203486,
UNH.N,UnitedHealth Group Inc,large,Health Care Equipment & Services,Health Care Providers & Services,Health Care,United States,2015,112123676293.4,10923000000.0,33830000000.0,,4861000000.0,111254000000.0,,,,,,1693000000.0,-790000000.0,10231000000.0,4363000000.0,5813000000.0,,157107000000.0,,12239000000.0,-18395000000.0,9740000000.0,0.0,157107000000.0,3.7000260968639207,100.0,5.22498067485214,17.182973691989357,,,0.0,0.0,1.4121469789850254,
UNP.N,Union Pacific Corp,large,Transportation,Ground Transportation,Industrials,United States,2025,137209976843.48,1266000000.0,18467000000.0,787000000.0,60681000000.0,69698000000.0,5014000000.0,46217000000.0,1860000000.0,-459000000.0,7481000000.0,2465000000.0,-1253000000.0,9166000000.0,2028000000.0,7138000000.0,,24510000000.0,5809000000.0,-5276000000.0,-3762000000.0,9290000000.0,51231000000.0,17029000000.0,29.12280701754386,69.47776417788657,10.24132686734196,38.65273190014621,0.6234543278819306,-0.09154367770243318,73.50426124135556,2.774191801592029,0.35166001893885046,9.50571791613723
UNP.N,Union Pacific Corp,large,Transportation,Ground Transportation,Industrials,United States,2024,138250761221.08,1016000000.0,16890000000.0,769000000.0,59640000000.0,67715000000.0,5254000000.0,45571000000.0,1894000000.0,-1233000000.0,7392000000.0,2398000000.0,-1193000000.0,8794000000.0,2047000000.0,6747000000.0,,24250000000.0,5819000000.0,-6067000000.0,-3325000000.0,9346000000.0,50825000000.0,16858000000.0,27.822680412371135,69.51752577319587,9.96381894705752,39.94671403197158,0.5538637228778074,-0.23467834031214313,75.05722513475597,3.0091770278271164,0.3581185852469911,9.612483745123537
UNP.N,Union Pacific Corp,large,Transportation,Ground Transportation,Industrials,United States,2023,149729336721.9,1055000000.0,14788000000.0,743000000.0,59041000000.0,67132000000.0,5106000000.0,47238000000.0,2073000000.0,-958000000.0,7825000000.0,2318000000.0,-1288000000.0,8233000000.0,1854000000.0,6379000000.0,,24119000000.0,5765000000.0,-4625000000.0,-3667000000.0,8379000000.0,52344000000.0,16294000000.0,26.448028525229073,67.5566980388905,9.502174819758089,43.13632675142007,0.6126126126126126,-0.18762240501370936,77.97175713519633,3.5396267243711117,0.3592772448310791,10.531628532974429
UNP.N,Union Pacific Corp,large,Transportation,Ground Transportation,Industrials,United States,2022,127306801656.0,973000000.0,12163000000.0,741000000.0,57710000000.0,65449000000.0,5520000000.0,47766000000.0,1891000000.0,-1568000000.0,8127000000.0,2246000000.0,-1271000000.0,9072000000.0,2074000000.0,6998000000.0,,24875000000.0,5543000000.0,-5887000000.0,-3471000000.0,9362000000.0,53286000000.0,16748000000.0,28.132663316582914,67.32864321608041,10.692294763861938,57.53514757872235,0.518840579710145,-0.28405797101449276,81.41606441656863,4.380991531694483,0.3800669223364757,10.96761133603239
UNP.N,Union Pacific Corp,large,Transportation,Ground Transportation,Industrials,United States,2021,161959675101.0,960000000.0,14161000000.0,621000000.0,56658000000.0,63525000000.0,5744000000.0,43620000000.0,1722000000.0,-2193000000.0,6273000000.0,2208000000.0,-1116000000.0,8478000000.0,1955000000.0,6523000000.0,,21804000000.0,5017000000.0,-7158000000.0,-2709000000.0,9032000000.0,49364000000.0,15531000000.0,29.916529077233534,71.23004953219592,10.268398268398268,46.063131134806866,0.46692200557103064,-0.38178969359331477,77.70798898071625,3.485912011863569,0.3432349468713105,10.101449275362318
UNP.N,Union Pacific Corp,large,Transportation,Ground Transportation,Industrials,United States,2020,140312975070.3,1799000000.0,16958000000.0,638000000.0,55771000000.0,62398000000.0,4173000000.0,41267000000.0,1505000000.0,41000000.0,5446000000.0,2210000000.0,-1129000000.0,6980000000.0,1631000000.0,5349000000.0,,19533000000.0,4908000000.0,-4902000000.0,-2676000000.0,8540000000.0,45440000000.0,14087000000.0,27.384426355398556,72.11897813955869,8.572390140709638,31.542634744663285,0.791756530074287,0.009825065899832255,72.82284688611814,2.6795612690175727,0.31303887945126446,8.536050156739812
UNP.N,Union Pacific Corp,large,Transportation,Ground Transportation,Industrials,United States,2019,125504397209.15,831000000.0,18128000000.0,751000000.0,55728000000.0,61673000000.0,4351000000.0,39194000000.0,1595000000.0,-892000000.0,6577000000.0,2216000000.0,-1018000000.0,7747000000.0,1828000000.0,5919000000.0,,21708000000.0,5517000000.0,-5646000000.0,-3435000000.0,8609000000.0,43545000000.0,15131000000.0,27.26644555002764,69.7024138566427,9.597392700209168,32.65114739629303,0.5575729717306367,-0.20501034245001148,70.60626205957226,2.402085172109444,0.35198547176235956,8.757656458055925
UNP.N,Union Pacific Corp,large,Transportation,Ground Transportation,Industrials,United States,2018,101846498011.14,1273000000.0,20423000000.0,742000000.0,52679000000.0,59147000000.0,4626000000.0,34098000000.0,1755000000.0,-463000000.0,7165000000.0,2191000000.0,-840000000.0,7741000000.0,1775000000.0,5966000000.0,,22832000000.0,6128000000.0,-5222000000.0,-3411000000.0,8686000000.0,38724000000.0,15667000000.0,26.12999299229152,68.61860546601261,10.086733054930935,29.21216275767517,0.6545611759619542,-0.10008646779074795,65.47077620166704,1.8960975370905353,0.38602126904154055,9.65633423180593
UNP.N,Union Pacific Corp,large,Transportation,Ground Transportation,Industrials,United States,2017,105559338091.5,1275000000.0,24856000000.0,749000000.0,51605000000.0,57806000000.0,3939000000.0,29011000000.0,1493000000.0,67000000.0,6359000000.0,2105000000.0,-703000000.0,7632000000.0,2782000000.0,10712000000.0,,21240000000.0,6039000000.0,-4146000000.0,-3086000000.0,7230000000.0,32950000000.0,14881000000.0,50.433145009416194,70.06120527306967,18.530948344462512,43.09623430962343,0.7027164254887027,0.01700939324701701,57.001003356053005,1.32563566140972,0.3674359063073037,8.489986648865154
UNP.N,Union Pacific Corp,large,Transportation,Ground Transportation,Industrials,United States,2016,85443976949.76,1277000000.0,19932000000.0,717000000.0,50389000000.0,55718000000.0,3640000000.0,32146000000.0,1258000000.0,-44000000.0,5785000000.0,2038000000.0,-687000000.0,6766000000.0,2533000000.0,4233000000.0,,19941000000.0,5916000000.0,-4246000000.0,-3393000000.0,7525000000.0,35786000000.0,14156000000.0,21.22762148337596,70.98941878541699,7.597185828637065,21.237206502107163,0.6964285714285714,-0.012087912087912088,64.2270002512653,1.7954043748745736,0.3578915251803726,8.068340306834031
UNP.N,Union Pacific Corp,large,Transportation,Ground Transportation,Industrials,United States,2015,66792233578.8,1391000000.0,20702000000.0,736000000.0,48866000000.0,54600000000.0,3206000000.0,30692000000.0,1356000000.0,924000000.0,6446000000.0,2012000000.0,-617000000.0,7656000000.0,2884000000.0,4772000000.0,,21813000000.0,6391000000.0,-3063000000.0,-4476000000.0,7344000000.0,33898000000.0,15367000000.0,21.876862421491772,70.44881492687847,8.739926739926739,23.05091295527002,0.8568309419837804,0.28820960698689957,62.08424908424909,1.637426335619747,0.3995054945054945,8.758152173913043
VOD.L,Vodafone Group PLC,medium,Telecommunication Services,Wireless Telecommunication Services,Communication Services,United Kingdom,2025,23510650318.5723,4835202872.9975,57054312200.5041,667409434.594957,33221197010.1788,139021277056.043,24613021515.0302,56087271625.9046,4050969744.82677,6345257282.55108,26763593552.3605,11599096022.2914,-2347947334.39017,-1586770077.83661,2411289306.37417,-4475808155.95455,,40203901133.1701,9508810946.81926,-12554593565.779,5357227800.00317,12418247287.1015,80700293140.9348,13440307580.8096,-11.132770775475315,33.43035676137587,-3.219513049178967,-7.844820107944451,0.36103542234332486,0.25780082622835565,58.04887917149723,1.4144468670016106,0.2891924314359656,40.10071204432855
VOD.L,Vodafone Group PLC,medium,Telecommunication Services,Wireless Telecommunication Services,Communication Services,United Kingdom,2024,24083410856.0929,4477998553.74354,64721055983.0766,613040052.669638,30758852924.3522,155796358455.744,24124421227.5911,65837047909.9436,3649099327.59868,-1984825100.10469,26527176777.9128,11294575369.6056,-2537863103.98283,1756982148.91119,54227844.1021972,1236394845.5301,,39821675038.0075,9688346627.29855,-13150252194.7828,-5799125648.28897,12554830466.5407,89961469137.5347,13294498260.0947,3.1048288258844767,33.38508048043149,0.7935967552677518,1.91034405534637,0.33688260558339356,-0.08227451682176092,57.74298579840647,1.3899876596738165,0.25560080757163123,43.271523063449926
VOD.L,Vodafone Group PLC,medium,Telecommunication Services,Wireless Telecommunication Services,Communication Services,United Kingdom,2023,29728007367.3852,12687109116.7257,68718499008.2268,1036213269.16615,41179722303.5151,168570004010.449,35303872792.8982,63372679088.219,11603204023.4557,-2069174823.05249,25366561366.7343,10679177585.9379,-2458658047.82051,13614779888.6935,512350597.004527,12327655218.1699,,39230227012.9158,8990086796.62619,-11953805900.4369,-746657272.463915,17121049116.568,98676551881.1172,13863665646.1815,31.423869186663783,35.33924400084953,7.313077608638935,17.93935460769314,0.6880353688864325,-0.05861042031254796,58.53743224387693,1.4359532484739501,0.23272365236749992,24.480058421898995
VOD.L,Vodafone Group PLC,medium,Telecommunication Services,Wireless Telecommunication Services,Communication Services,United Kingdom,2022,46493492913.1697,8294329183.95574,60617427385.8921,925034578.146611,45149654218.5339,170455325034.578,37230428769.018,70073582295.9889,4611894882.4343,-6715352697.09544,27834269470.9541,12107465553.655,-2701137558.48077,4822297646.35831,1814318299.82293,2600019241.96277,,43015964302.6563,9245933424.14566,-9184332610.63469,-8269618643.97188,19205506461.4183,107304011065.0069,15181694831.7022,6.044312348014048,35.293164009727214,1.5253376457645655,4.289227296650155,0.3466579487027073,-0.18037269295925346,62.95139858097104,1.7701841812241026,0.25235916973512107,30.089977313845427
VOD.L,Vodafone Group PLC,medium,Telecommunication Services,Wireless Telecommunication Services,Communication Services,United Kingdom,2021,51288431596.6009,6826871203.05866,65446954237.3279,792813079.070204,48369807426.1722,181857950413.999,33672272652.64,80379049093.4253,4840147303.73185,-1991415100.97812,35104879983.2003,16453297634.8836,-2160946544.20285,5072156926.37678,4508583934.55714,68842249.5183414,,51117120494.0511,11126774430.6255,-15219971232.4957,-11158278510.9135,17926988501.6915,114051321746.0653,16012240510.8508,0.1346755232943004,31.324613663859,0.03785495732335169,0.10518785835120954,0.3464874090070004,-0.05914109574727465,62.71450958642603,1.742652856426063,0.2810826822675784,44.27888604508219
VOD.L,Vodafone Group PLC,medium,Telecommunication Services,Wireless Telecommunication Services,Communication Services,United Kingdom,2020,37567735364.9911,12523436638.3589,67729127605.6028,659534575.934708,44240652917.1722,185472592919.378,36820337487.5924,79583103562.369,4892467188.7063,-153303187.382817,34094139252.936,15750287783.4273,-3171392784.95142,883411795.387658,1389012256.89883,-1022313021.07754,,49975549793.4145,11427681639.9581,-7854030905.40876,-9399723744.88578,17185970852.1579,116403441049.9614,15881410540.4785,-2.045626361897983,31.778360830702184,-0.5511935779761936,-1.5094141283357834,0.4729968548749439,-0.004163546502920475,62.760453831882394,1.718661455788958,0.26944978234675393,51.69424090407539
VOD.L,Vodafone Group PLC,medium,Telecommunication Services,Wireless Telecommunication Services,Communication Services,United Kingdom,2019,49553613952.1501,12833426808.7493,69790241166.5732,800897363.99327,30770611329.2204,160249018508.132,28629276500.2804,60453168816.6012,5273135165.45149,16033651149.7476,34912869342.4263,11338579416.7462,-1757219352.1818,-3024778766.30503,1731752405.04873,-9283859818.5099,,50547259705.1189,11432344085.7361,7539373939.89464,-10958890386.7623,14326315350.8577,89082445316.8816,15634390362.6926,-18.36669262126138,30.930243209819963,-5.79339574428581,-13.30251860908672,0.6324491634995894,0.5600438819887944,55.59000993966214,1.276431257835352,0.3154294495885092,43.59218910192302
VOD.L,Vodafone Group PLC,medium,Telecommunication Services,Wireless Telecommunication Services,Communication Services,United Kingdom,2018,72610931166.2411,5758852665.04029,83339493851.8026,715852246.125034,34899337128.2127,179407850964.737,48081614548.6804,46795298292.3043,6119859047.33742,-18349720312.4615,38353814672.2578,12182260441.3516,-613267794.338381,4538649821.45848,-1028745021.41877,2854504103.80021,,54504760401.0167,11299810218.2005,-6824359749.59371,-11670813826.6075,14066537443.0401,94876912840.9847,16150945728.7589,5.237164759184894,29.63217452921347,1.5910697823147488,3.425151716035372,0.2470530955309553,-0.3816369413694139,52.88336732801786,1.1384387936132463,0.3038036524484635,53.57783659947999
VOD.L,Vodafone Group PLC,medium,Telecommunication Services,Wireless Telecommunication Services,Communication Services,United Kingdom,2017,69500013018.2391,9408344514.72749,76885396034.3322,613379336.783592,32164078972.5896,164722168977.488,45139820671.7356,41079377249.59,5295721253.16806,-17940280706.2382,37937378911.126,12163748918.5777,-1424187813.12591,3063430180.46806,5227142327.99064,-6909176162.75337,,52261548325.8862,11442877275.108,-5129490004.90265,-7164827750.16349,13375076611.7141,86219197921.3256,14324169414.7602,-13.220381684197282,27.408620436270446,-4.194442196604164,-8.986330979771717,0.32574488664511986,-0.39743801457925476,52.34219440924729,1.1213988919667592,0.3172708849713399,61.84978305604512
VOD.L,Vodafone Group PLC,medium,Telecommunication Services,Wireless Telecommunication Services,Communication Services,United Kingdom,2016,84349238355.9384,10817053328.6304,94807086211.0162,814663951.120163,40408924893.9003,192409744109.047,48054932926.7599,47487171318.3675,6332988201.02629,-11715914392.0172,45903686619.3826,14325389042.5791,-2389073093.64555,-677205693.842713,5081305083.64384,-6069210939.91772,,61797659006.2746,13091637912.1486,4718750253.02128,-13149981685.9125,12932380141.0049,95542104245.1274,15893972386.892,-9.82110170112024,25.71937617455414,-3.1543157899934804,-6.401642727853925,0.3568841008642113,-0.24380253344382607,49.655543531610085,1.0077527752775277,0.3211773878315184,56.346775325292136
VOD.L,Vodafone Group PLC,medium,Telecommunication Services,Wireless Telecommunication Services,Communication Services,United Kingdom,2015,86592766809.9599,10215994077.0626,98189855896.649,715688273.227679,39492687532.8605,181957573741.644,42897303561.2734,38511969269.3971,11954247454.3172,-13436054808.6312,44477284478.3634,14086439026.7631,-782439042.087937,2198945379.22283,-7698845096.46008,9230751681.29351,,61358692141.6934,13968502509.8843,-1788069772.0324,-15660194053.0696,12985698202.5616,81409272830.6705,16881407663.33,15.043918569804699,27.512658881884864,5.0730241624346855,9.400921914998486,0.5168213311988806,-0.31321443757973005,44.74079927349495,0.82910064473828,0.33721427957054834,62.14616913838132
VRTX.OQ,Vertex Pharmaceuticals Inc,medium,"Pharmaceuticals, Biotechnology & Life Sciences",Biotechnology,Health Care,United States,2025,115153440000.0,5084800000.0,18665800000.0,1686800000.0,3083000000.0,25643000000.0,3861200000.0,3116000000.0,2052800000.0,7339800000.0,1651300000.0,209800000.0,477600000.0,4643200000.0,690000000.0,3953200000.0,3909500000.0,12001300000.0,5662600000.0,-2261300000.0,-945400000.0,3631400000.0,6977200000.0,10350000000.0,32.93976485880696,86.24065726212993,15.416292945443201,21.178840446163573,1.848544493939708,1.9009116336890086,27.208984908162073,0.37379592623943253,0.46801466287095894,0.978954232866967
VRTX.OQ,Vertex Pharmaceuticals Inc,medium,"Pharmaceuticals, Biotechnology & Life Sciences",Biotechnology,Health Care,United States,2024,103453630000.0,4569600000.0,16409600000.0,1205400000.0,2584600000.0,22533200000.0,3564600000.0,2559000000.0,1609400000.0,6031800000.0,1530500000.0,207200000.0,567500000.0,248500000.0,784100000.0,-535600000.0,3630300000.0,11020100000.0,5094600000.0,-1494900000.0,-3770000000.0,-492600000.0,6123600000.0,9489600000.0,-4.8602099799457354,86.11174127276522,-2.3769371416398912,-3.263943057722309,1.7334343264321381,1.6921393704763508,27.175900449115083,0.3731718018720749,0.4890605861573145,1.2697030031524805
VRTX.OQ,Vertex Pharmaceuticals Inc,medium,"Pharmaceuticals, Biotechnology & Life Sciences",Biotechnology,Health Care,United States,2023,104848710737.76,10369100000.0,17580400000.0,738800000.0,1452900000.0,22730200000.0,3547400000.0,1602400000.0,1563400000.0,10596800000.0,1262200000.0,181300000.0,570600000.0,4379800000.0,760200000.0,3619600000.0,3162900000.0,9869200000.0,4299500000.0,-562200000.0,-3141700000.0,3537300000.0,5149800000.0,8607000000.0,36.67571839662789,87.21071616747051,15.924188964461377,20.588837569111057,3.3637311834019283,2.987201894345154,22.656201881197703,0.29292848854406045,0.4341888764727103,1.708446128857607
VRTX.OQ,Vertex Pharmaceuticals Inc,medium,"Pharmaceuticals, Biotechnology & Life Sciences",Biotechnology,Health Care,United States,2022,74127357508.56,10504000000.0,13912700000.0,460600000.0,1455800000.0,18150900000.0,2742100000.0,1496100000.0,1442200000.0,10492700000.0,1080300000.0,148300000.0,89800000.0,4232400000.0,910400000.0,3322000000.0,2527300000.0,8930700000.0,3472000000.0,-67700000.0,-321100000.0,4129900000.0,4238200000.0,7850400000.0,37.19753210834537,87.90352379992609,18.30212275975296,23.877464474904226,4.356588016483717,3.8265198205754714,23.349806345690848,0.3046281455073422,0.49202518883361157,2.3454190186712984
VRTX.OQ,Vertex Pharmaceuticals Inc,medium,"Pharmaceuticals, Biotechnology & Life Sciences",Biotechnology,Health Care,United States,2021,55833725584.7999,6795000000.0,10100000000.0,353100000.0,1424400000.0,13432500000.0,2142000000.0,1190500000.0,1136800000.0,7418600000.0,904200000.0,125600000.0,-56600000.0,2730400000.0,388300000.0,2342100000.0,3051100000.0,7574400000.0,3891200000.0,-1478000000.0,-340900000.0,2643500000.0,3332500000.0,6670200000.0,30.921261089987325,88.06242078580482,17.43606923506421,23.18910891089109,3.7029878618113914,3.4633986928104576,24.80923134189466,0.32995049504950497,0.5638860971524288,2.560747663551402
VRTX.OQ,Vertex Pharmaceuticals Inc,medium,"Pharmaceuticals, Biotechnology & Life Sciences",Biotechnology,Health Care,United States,2020,61457355867.96,5988187000.0,8686815000.0,280777000.0,1284098000.0,11751808000.0,1877533000.0,1187460000.0,885352000.0,6255846000.0,736300000.0,109515000.0,-35912000.0,3116798000.0,405151000.0,2711647000.0,1829537000.0,6205683000.0,2599993000.0,-505281000.0,99388000.0,3253505000.0,3064993000.0,5469383000.0,43.69618944441732,88.13506909714853,23.074296312533356,31.215664199133975,3.660941778386851,3.3319499577370943,26.08103365882084,0.3528327701234572,0.5280619799098147,2.6223657920698633
VRTX.OQ,Vertex Pharmaceuticals Inc,medium,"Pharmaceuticals, Biotechnology & Life Sciences",Biotechnology,Health Care,United States,2019,56302902292.6,3109322000.0,6085244000.0,167502000.0,833282000.0,8318465000.0,1334827000.0,898394000.0,633518000.0,3488002000.0,547758000.0,106941000.0,5176000.0,1394919000.0,218109000.0,1176810000.0,1754540000.0,4162821000.0,2413038000.0,126773000.0,-1235318000.0,1569330000.0,2233221000.0,3615063000.0,28.26953164692885,86.84166338163472,14.146961007830171,19.338747961462186,2.803988831511499,2.6130742036233907,26.846551617395757,0.3669895570333745,0.5004313896854768,3.2701579682630655
VRTX.OQ,Vertex Pharmaceuticals Inc,medium,"Pharmaceuticals, Biotechnology & Life Sciences",Biotechnology,Health Care,United States,2018,42348521979.85,2650134000.0,4435203000.0,124360000.0,812005000.0,6245898000.0,1120292000.0,690403000.0,409688000.0,2722817000.0,409539000.0,72420000.0,-34119000.0,600241000.0,73138000.0,2096896000.0,1416476000.0,3047597000.0,1974092000.0,-71219000.0,-202158000.0,1270286000.0,1810695000.0,2638058000.0,68.80489776043224,86.56190434627676,33.57237021802149,47.278467299016526,2.731271846982751,2.4304529533371655,28.99014681315641,0.4082552703901039,0.4879357619993154,3.293173045995497
VRTX.OQ,Vertex Pharmaceuticals Inc,medium,"Pharmaceuticals, Biotechnology & Life Sciences",Biotechnology,Health Care,United States,2017,37900020801.28,1665412000.0,2028579000.0,111830000.0,789437000.0,3546014000.0,807260000.0,696448000.0,281343000.0,1841703000.0,275119000.0,61397000.0,-57550000.0,-15689000.0,-107324000.0,263484000.0,1324625000.0,2488652000.0,1820704000.0,68404000.0,-483329000.0,844942000.0,1503708000.0,2213533000.0,10.58741840964506,88.94505941369063,7.43042751664263,12.988599408748685,2.4115588534053467,2.2814248197606717,42.40558553914339,0.7412617403611099,0.701816744096329,2.460153804882411
VRTX.OQ,Vertex Pharmaceuticals Inc,medium,"Pharmaceuticals, Biotechnology & Life Sciences",Biotechnology,Health Care,United States,2016,18272619767.63,1183945000.0,1156582000.0,77604000.0,698362000.0,2896787000.0,792537000.0,766059000.0,201083000.0,1039003000.0,210460000.0,61398000.0,-81432000.0,-67366000.0,16665000.0,-112052000.0,1047690000.0,1702177000.0,1480519000.0,133271000.0,51238000.0,236103000.0,1558596000.0,1491717000.0,-6.582864179224605,87.63583340627913,-3.8681477098592336,-9.688201960604609,1.7475878097804898,1.310983588147935,53.80430111016101,1.3475879790624443,0.5876086160287243,2.7119736096077522
VRTX.OQ,Vertex Pharmaceuticals Inc,medium,"Pharmaceuticals, Biotechnology & Life Sciences",Biotechnology,Health Care,United States,2015,30918606097.38,714768000.0,939967000.0,57207000.0,697715000.0,2498587000.0,506167000.0,898792000.0,177639000.0,900986000.0,124512000.0,62343000.0,-84206000.0,-557800000.0,30381000.0,-556334000.0,995922000.0,1032336000.0,1372497000.0,188919000.0,268856000.0,-365432000.0,1404959000.0,907824000.0,-53.89078749554409,87.9388106197982,-22.265944711951196,-59.18654591065431,1.7630683153978826,1.7800172670284709,56.23014127584911,1.4946897071918481,0.41316792250980255,2.1765168598248468
VZ.N,Verizon Communications Inc,large,Telecommunication Services,Diversified Telecommunication Services,Communication Services,United States,2025,171758410000.0,19048000000.0,104460000000.0,2441000000.0,132965000000.0,404258000000.0,62370000000.0,236147000000.0,27097000000.0,-5448000000.0,74149000000.0,17589000000.0,-6346000000.0,22672000000.0,5064000000.0,17174000000.0,,138191000000.0,31634000000.0,-5613000000.0,-16660000000.0,37137000000.0,298517000000.0,64042000000.0,12.427726841834852,46.34310483316569,4.24827709037298,16.440742868083476,0.7398589065255732,-0.08734968734968734,73.84318925042918,2.857715872104155,0.34183862780699453,30.37648504711184
VZ.N,Verizon Communications Inc,large,Telecommunication Services,Diversified Telecommunication Services,Communication Services,United States,2024,168357900000.0,4194000000.0,99237000000.0,2247000000.0,132994000000.0,384711000000.0,64771000000.0,219365000000.0,26109000000.0,-24248000000.0,70983000000.0,17075000000.0,-6313000000.0,22979000000.0,5030000000.0,17506000000.0,,134788000000.0,32089000000.0,-17100000000.0,-18674000000.0,36912000000.0,284136000000.0,63805000000.0,12.987803068522421,47.33730005638484,4.550428763409417,17.64059776091579,0.46784826542742897,-0.3743650707878526,73.8569991500113,2.8632062637927387,0.35036170008135975,31.59012016021362
VZ.N,Verizon Communications Inc,large,Telecommunication Services,Diversified Telecommunication Services,Communication Services,United States,2023,158494632544.3,2065000000.0,92430000000.0,2057000000.0,133036000000.0,380255000000.0,53223000000.0,233233000000.0,25085000000.0,-16409000000.0,71543000000.0,16738000000.0,-5170000000.0,16987000000.0,4892000000.0,11614000000.0,,133974000000.0,31380000000.0,-14657000000.0,-23432000000.0,37475000000.0,286456000000.0,62431000000.0,8.668846194037648,46.599340170480836,3.054266216091833,12.56518446391864,0.5101178062116003,-0.30830655919433325,75.33260575140366,3.0991669371416206,0.35232672811665855,34.78026251823043
VZ.N,Verizon Communications Inc,large,Telecommunication Services,Diversified Telecommunication Services,Communication Services,United States,2022,165472807411.8,2605000000.0,91144000000.0,2388000000.0,133564000000.0,379680000000.0,50171000000.0,237046000000.0,24506000000.0,-12314000000.0,76232000000.0,17099000000.0,-3467000000.0,28271000000.0,6523000000.0,21256000000.0,,136835000000.0,29832000000.0,-8529000000.0,-28662000000.0,37141000000.0,287217000000.0,60603000000.0,15.53403734424672,44.289107319033874,5.598398651495996,23.321337663477575,0.5403719280062187,-0.24544059317135397,75.64712389380531,3.151244185025893,0.360395596291614,31.922948073701843
VZ.N,Verizon Communications Inc,large,Telecommunication Services,Diversified Telecommunication Services,Communication Services,United States,2021,215122916036.16,2921000000.0,81790000000.0,3055000000.0,127579000000.0,366596000000.0,47160000000.0,236236000000.0,23846000000.0,-10432000000.0,72507000000.0,16206000000.0,-3437000000.0,29420000000.0,6802000000.0,22065000000.0,,133613000000.0,28932000000.0,8277000000.0,-67153000000.0,39539000000.0,283396000000.0,61106000000.0,16.51411165081242,45.733573828893896,6.018887276456917,26.97762562660472,0.5675784563189143,-0.22120441051738762,77.30471690907702,3.464922362146962,0.3644693340898428,23.733878887070375
VZ.N,Verizon Communications Inc,large,Telecommunication Services,Diversified Telecommunication Services,Communication Services,United States,2020,243113044061.25,22171000000.0,67842000000.0,1796000000.0,117364000000.0,316481000000.0,39660000000.0,207549000000.0,23917000000.0,14934000000.0,67921000000.0,16720000000.0,-4209000000.0,23967000000.0,5619000000.0,17801000000.0,,128292000000.0,30031000000.0,1325000000.0,-23512000000.0,41768000000.0,247209000000.0,60371000000.0,13.875378043837495,47.05749384217254,5.624666251686516,26.238908051059816,1.162077660110943,0.37655068078668685,78.11179818061748,3.643893163527019,0.40537030659028506,37.81792873051225
VZ.N,Verizon Communications Inc,large,Telecommunication Services,Diversified Telecommunication Services,Communication Services,United States,2019,253937150432.6,2594000000.0,61395000000.0,1422000000.0,114609000000.0,291727000000.0,44868000000.0,184024000000.0,25429000000.0,-7395000000.0,71408000000.0,16682000000.0,-4609000000.0,22733000000.0,2945000000.0,19265000000.0,,131868000000.0,29953000000.0,-18164000000.0,-17581000000.0,35746000000.0,228892000000.0,60460000000.0,14.609306275972942,45.848879182212514,6.6037768187380665,31.37877677335288,0.6245653918159936,-0.1648167959347419,78.46102691900305,3.7281863343920514,0.45202535246994624,50.21659634317862
VZ.N,Verizon Communications Inc,large,Telecommunication Services,Diversified Telecommunication Services,Communication Services,United States,2018,232301888978.22,2745000000.0,53145000000.0,1336000000.0,89286000000.0,264829000000.0,37930000000.0,172189000000.0,25102000000.0,-3294000000.0,72585000000.0,17403000000.0,-4739000000.0,19830000000.0,3584000000.0,15528000000.0,,130863000000.0,28248000000.0,-15377000000.0,-17934000000.0,34339000000.0,210119000000.0,58278000000.0,11.865844432727355,44.53359620366337,5.863406197961703,29.218176686423934,0.7341682045873978,-0.08684418665963617,79.34138632853653,3.953692727443786,0.494141502629999,54.330089820359284
VZ.N,Verizon Communications Inc,large,Telecommunication Services,Diversified Telecommunication Services,Communication Services,United States,2017,215924803449.48,2079000000.0,43096000000.0,1034000000.0,88568000000.0,257143000000.0,33037000000.0,179419000000.0,23493000000.0,-3124000000.0,69622000000.0,16730000000.0,-4651000000.0,20583000000.0,6805000000.0,30101000000.0,,126034000000.0,28968000000.0,-6151000000.0,-18456000000.0,24318000000.0,212456000000.0,56412000000.0,23.883237856451434,44.75935065141152,11.705937941145589,69.84638945609801,0.7740412265036172,-0.09456064412628265,82.62173187681563,4.929831074809727,0.4901319499266945,67.33268858800774
VZ.N,Verizon Communications Inc,large,Telecommunication Services,Diversified Telecommunication Services,Communication Services,United States,2016,217610720357.76,2880000000.0,22524000000.0,1202000000.0,84751000000.0,244180000000.0,30340000000.0,189808000000.0,17513000000.0,-3945000000.0,68629000000.0,15928000000.0,-4317000000.0,20986000000.0,7378000000.0,13127000000.0,,125980000000.0,28830000000.0,-13376000000.0,-9874000000.0,21689000000.0,220148000000.0,57351000000.0,10.419907921892364,45.523892681377994,5.3759521664345975,58.280056828272066,0.6721489782465392,-0.13002636783124588,90.15808010484069,9.77393003019002,0.5159308706691784,57.09567387687188
VZ.N,Verizon Communications Inc,large,Telecommunication Services,Diversified Telecommunication Services,Communication Services,United States,2015,188063316392.139,4470000000.0,16428000000.0,1252000000.0,83541000000.0,244175000000.0,35052000000.0,191281000000.0,13457000000.0,-12772000000.0,68574000000.0,16017000000.0,-4805000000.0,28240000000.0,9865000000.0,17879000000.0,,131620000000.0,32496000000.0,-15112000000.0,-30043000000.0,39027000000.0,226333000000.0,63046000000.0,13.583801853821608,47.90001519525908,7.322207433193406,108.83248112977843,0.5114401460686979,-0.36437293164441403,92.69294563325484,13.777270513757001,0.5390396232210505,54.77156549520767
ZD.OQ,Ziff Davis Inc,small,Media & Entertainment,Interactive Media & Services,Communication Services,United States,2024,2322563002.76,505880000.0,1810882000.0,,223465000.0,3704334000.0,899647000.0,993805000.0,660223000.0,372422000.0,412239000.0,211916000.0,-21642000.0,93194000.0,41370000.0,63047000.0,67373000.0,1401688000.0,790528000.0,-320994000.0,-297455000.0,390315000.0,1893452000.0,989449000.0,4.497933919673993,70.58981742013914,1.7019793571529998,3.4815631278018113,1.29617838996851,0.4139645883329795,51.11450533348235,1.0455965656514339,0.37839136535744344,
ZD.OQ,Ziff Davis Inc,small,Media & Entertainment,Interactive Media & Services,Communication Services,United States,2023,3089715554.06999,737612000.0,1892998000.0,,212733000.0,3471022000.0,431833000.0,1146191000.0,337703000.0,759161000.0,197292000.0,237000000.0,-19674000.0,74974000.0,24142000.0,41503000.0,68860000.0,1364028000.0,977275000.0,-114791000.0,-127408000.0,319962000.0,1578024000.0,1166736000.0,3.042679475787887,85.53607403953585,1.1956997103446765,2.1924481695173474,2.4901177075397203,1.7579967255860482,45.46280605539233,0.8336110233608276,0.3929759016220583,
ZD.OQ,Ziff Davis Inc,small,Media & Entertainment,Interactive Media & Services,Communication Services,United States,2022,3732852712.39999,652793000.0,1892611000.0,,218824000.0,3533270000.0,432448000.0,1208211000.0,304739000.0,651824000.0,195554000.0,233400000.0,-80585000.0,131153000.0,57957000.0,63757000.0,74093000.0,1390997000.0,969133000.0,-140832000.0,-220771000.0,336444000.0,1640659000.0,1195443000.0,4.583546909159401,85.94145062857793,1.8044757406028975,3.368732401956873,2.21421303833062,1.5072887376054462,46.43457760091926,0.866875971871663,0.39368545285245676,
ZD.OQ,Ziff Davis Inc,small,Media & Entertainment,Interactive Media & Services,Communication Services,United States,2021,5259213587.82,694842000.0,1967732000.0,,216826000.0,3770280000.0,497238000.0,1305310000.0,316342000.0,803436000.0,188053000.0,258303000.0,-88700000.0,351351000.0,-14199000.0,496714000.0,78874000.0,1416722000.0,1013000000.0,-113088000.0,-200016000.0,516536000.0,1802548000.0,1228669000.0,35.060795272467004,86.72618904767485,13.174459191359793,25.24297007925876,2.0336016153230445,1.6157976663086893,47.80939346679822,0.9160536089264188,0.3757604209766914,
ZD.OQ,Ziff Davis Inc,small,Media & Entertainment,Interactive Media & Services,Communication Services,United States,2020,4453887755.26,242652000.0,1211018000.0,,262422000.0,3665331000.0,882557000.0,1571756000.0,325619000.0,-259714000.0,178403000.0,228737000.0,-77179000.0,78348000.0,38350000.0,150668000.0,57148000.0,1158829000.0,842086000.0,-234633000.0,-586220000.0,480079000.0,2454313000.0,980426000.0,13.001745727799356,84.60488993630639,4.1106246611833965,12.441433570764431,0.6438915560128128,-0.29427447745584706,66.96020086589724,2.026652783030475,0.3161594409890948,
ZD.OQ,Ziff Davis Inc,small,Media & Entertainment,Interactive Media & Services,Communication Services,United States,2019,4566531406.59999,575615000.0,1311192000.0,,253639000.0,3505846000.0,833104000.0,1361550000.0,261928000.0,53786000.0,187332000.0,232032000.0,-31097000.0,54821000.0,13760000.0,218806000.0,44651000.0,1050464000.0,774909000.0,456695000.0,-505273000.0,412539000.0,2194654000.0,863132000.0,20.829462028208486,82.16673774636732,6.241175453799168,16.68756368251179,1.0053282663388965,0.06456096717816744,62.59984038089522,1.6737853800206226,0.29963210021204584,
ZD.OQ,Ziff Davis Inc,small,Media & Entertainment,Interactive Media & Services,Communication Services,United States,2018,3419625306.72,209474000.0,1035744000.0,,98813000.0,2560830000.0,307322000.0,1217764000.0,221615000.0,153009000.0,201074000.0,187200000.0,-61987000.0,177587000.0,44760000.0,128687000.0,48370000.0,1207295000.0,761941000.0,-131362000.0,-406613000.0,401325000.0,1525086000.0,1006221000.0,10.659118111149304,83.3450813595683,5.025206671274548,12.42459526678407,1.4027274324649717,0.4978784467106162,59.55436323379529,1.472454583371953,0.4714467574965929,
ZD.OQ,Ziff Davis Inc,small,Media & Entertainment,Interactive Media & Services,Communication Services,United States,2017,3632116165.56,350945000.0,1020305000.0,,79773000.0,2453093000.0,265102000.0,1167686000.0,234195000.0,355325000.0,172313000.0,162041000.0,-67777000.0,199966000.0,44641000.0,139425000.0,46004000.0,1117838000.0,699817000.0,111823000.0,-158490000.0,264419000.0,1432788000.0,945525000.0,12.4727375523108,84.58515455727932,5.683641019724894,13.665031534688158,2.2072258979562585,1.3403331547857051,58.40740648642347,1.4042742121228455,0.45568512893722335,
ZD.OQ,Ziff Davis Inc,small,Media & Entertainment,Interactive Media & Services,Communication Services,United States,2016,3931036342.2,123950000.0,914536000.0,,68094000.0,2062328000.0,454089000.0,693703000.0,199871000.0,-106090000.0,147100000.0,122100000.0,-46519000.0,211439000.0,59000000.0,152439000.0,38046000.0,874255000.0,484589000.0,41150000.0,-448859000.0,282387000.0,1147792000.0,727155000.0,17.43644588821339,83.17424550045467,7.391598232676858,16.66845263609087,0.7131223174311644,-0.2336326138708491,55.65516251537098,1.2550539289869398,0.42391656419347457,
ZD.OQ,Ziff Davis Inc,small,Media & Entertainment,Interactive Media & Services,Communication Services,United States,2015,3994426860.47999,255530000.0,890208000.0,,57442000.0,1783719000.0,196654000.0,696857000.0,114680000.0,286151000.0,122958000.0,93213000.0,-42732000.0,156919000.0,23283000.0,133636000.0,34329000.0,720815000.0,398475000.0,-67363000.0,-335703000.0,229061000.0,893511000.0,597857000.0,18.539569792526514,82.94180892462005,7.4919872468701625,15.011772529566123,1.8825449774731253,1.4550988029737508,50.09258745351706,1.003710368812682,0.40410793404118023,
